$date
	Mon Jul  6 15:22:13 2026
$end
$version
	QuestaSim Version 10.6c
$end
$timescale
	1ns
$end

$scope module tb $end
$var reg 1 ! clk $end
$var reg 1 " reset $end

$scope module dut $end
$var wire 1 # address [4] $end
$var wire 1 $ address [3] $end
$var wire 1 % address [2] $end
$var wire 1 & address [1] $end
$var wire 1 ' address [0] $end
$var wire 1 ( write_enable $end
$var wire 1 ) read_enable $end
$var wire 1 * data_in [7] $end
$var wire 1 + data_in [6] $end
$var wire 1 , data_in [5] $end
$var wire 1 - data_in [4] $end
$var wire 1 . data_in [3] $end
$var wire 1 / data_in [2] $end
$var wire 1 0 data_in [1] $end
$var wire 1 1 data_in [0] $end
$var wire 1 2 clk $end
$var wire 1 3 reset $end
$var reg 8 4 data_out [7:0] $end
$upscope $end
$upscope $end

$scope begin testbench_sv_unit $end
$upscope $end

$scope begin std $end
$upscope $end
$enddefinitions $end
#0
$dumpvars
0!
0"
bx 4
03
02
x'
x&
x%
x$
x#
x1
x0
x/
x.
x-
x,
x+
x*
x(
x)
$end
#5
1!
12
bz 4
#6
0'
1&
0%
0$
0#
01
00
1/
1.
0-
1,
0+
1*
0(
1)
#10
1"
0!
13
02
#15
1!
12
bx 4
#20
0"
0!
03
02
#25
1!
12
bz 4
#26
0&
11
0/
1-
0,
1+
0*
1(
#30
1"
0!
13
02
#35
1!
12
#40
0!
02
#45
1!
12
#46
1'
1&
1%
1$
0.
0+
0(
0)
#50
0!
02
#55
1!
12
#60
0!
02
#65
1!
12
#66
0'
01
0-
1*
1)
#70
0!
02
#75
1!
12
bx 4
#80
0!
02
#85
1!
12
#86
1'
0&
0%
1#
10
1/
0*
1(
0)
#90
0!
02
#95
1!
12
bz 4
#100
0!
02
#105
1!
12
#106
0'
0$
1*
0(
#110
0!
02
#115
1!
12
#120
0!
02
#125
1!
12
#126
1&
1%
1$
00
0/
1.
1-
1,
1+
#130
0!
02
#135
1!
12
#140
0!
02
#145
1!
12
#146
0#
1/
0.
0,
0+
1)
#150
0!
02
#155
1!
12
bx 4
#160
0!
02
#165
1!
12
#166
0%
11
10
1.
0-
1,
1+
0*
1(
#170
0!
02
#175
1!
12
bz 4
#180
0!
02
#185
1!
12
#186
0&
1%
1#
1-
0+
0(
#190
0!
02
#195
1!
12
bx 4
#200
0!
02
#205
1!
12
#206
1&
0%
00
0-
0,
1+
1*
#210
0!
02
#215
1!
12
#220
0!
02
#225
1!
12
#226
0&
1%
0/
1-
1(
#230
0!
02
#235
1!
12
bz 4
#240
0!
02
#245
1!
12
#246
1&
0$
0#
0.
#250
0!
02
#255
1!
12
#260
0!
02
#265
1!
12
#266
1'
0&
0%
1#
1.
0-
1,
0+
0*
0)
#270
0!
02
#275
1!
12
#280
0!
02
#285
1!
12
#286
1&
1$
0#
1/
1+
1*
#290
0!
02
#295
1!
12
#300
0!
02
#305
1!
12
#306
0&
1%
1#
0.
0,
#310
0!
02
#315
1!
12
#320
0!
02
#325
1!
12
#326
0'
1&
0#
01
10
1.
1-
1,
0+
#330
0!
02
#335
1!
12
#340
0!
02
#345
1!
12
#346
0&
0$
0.
1+
#350
0!
02
#355
1!
12
#360
0!
02
#365
1!
12
#366
0/
1.
0-
0+
0*
0(
#370
0!
02
#375
1!
12
#380
0!
02
#385
1!
12
#386
1&
0%
11
00
0.
1-
0,
1+
1*
#390
0!
02
#395
1!
12
#400
0!
02
#405
1!
12
#406
1'
1%
1#
10
1.
1,
0*
1)
#410
0!
02
#415
1!
12
bx 4
#420
0!
02
#425
1!
12
#426
0%
00
1/
0-
1(
#430
0!
02
#435
1!
12
bz 4
#440
0!
02
#445
1!
12
#446
0'
0&
10
0/
0.
1-
0,
0+
0(
0)
#450
0!
02
#455
1!
12
#460
0!
02
#465
1!
12
#466
1'
1&
1$
1.
0-
1,
1+
1*
#470
0!
02
#475
1!
12
#480
0!
02
#485
1!
12
#486
0'
0$
01
1/
0,
0+
1)
#490
0!
02
#495
1!
12
bx 4
#500
0!
02
#505
1!
12
#506
0#
11
00
1+
0*
0)
#510
0!
02
#515
1!
12
bz 4
#520
0!
02
#525
1!
12
#526
0&
1$
1#
0/
1-
1,
1*
1)
#530
0!
02
#535
1!
12
bx 4
#540
0!
02
#545
1!
12
#546
1'
1&
1%
0$
01
0.
0-
0*
#550
0!
02
#555
1!
12
#560
0!
02
#565
1!
12
#566
0&
11
0+
1*
1(
0)
#570
0!
02
#575
1!
12
bz 4
#580
0!
02
#585
1!
12
#586
1&
0%
1$
0,
1+
0*
0(
#590
0!
02
#595
1!
12
#600
0!
02
#605
1!
12
#606
1%
0#
01
10
1/
1-
1,
1*
#610
0!
02
#615
1!
12
#620
0!
02
#625
1!
12
#626
0&
0%
0$
1#
11
0,
0*
1(
#630
0!
02
#635
1!
12
#640
0!
02
#645
1!
12
#646
1%
0#
01
0/
1.
0-
0+
0(
1)
#650
0!
02
#655
1!
12
bx 4
#660
0!
02
#665
1!
12
#666
1&
1$
11
00
1/
0.
1,
1+
1*
1(
#670
0!
02
#675
1!
12
bz 4
#680
0!
02
#685
1!
12
#686
01
10
0/
1.
1-
0+
0)
#690
0!
02
#695
1!
12
#700
0!
02
#705
1!
12
#706
0%
0$
1#
00
0.
0-
#710
0!
02
#715
1!
12
#720
0!
02
#725
1!
12
#726
0'
0&
1%
1$
0#
11
10
1.
1-
0,
#730
0!
02
#735
1!
12
#740
0!
02
#745
1!
12
#746
1&
0%
0$
01
00
1+
0(
#750
0!
02
#755
1!
12
#760
0!
02
#765
1!
12
#766
1'
0&
1%
1$
1#
11
10
1/
0.
0-
1,
1(
#770
0!
02
#775
1!
12
#780
0!
02
#785
1!
12
#786
0'
1&
0$
00
0/
1.
1-
0(
#790
0!
02
#795
1!
12
#800
0!
02
#805
1!
12
#806
1'
0&
1$
0#
01
10
1/
0-
1(
1)
#810
0!
02
#815
1!
12
#820
0!
02
#825
1!
12
#826
0'
1&
0$
0/
0+
0*
0(
0)
#830
0!
02
#835
1!
12
#840
0!
02
#845
1!
12
#846
0%
00
1/
1-
0,
1+
1(
#850
0!
02
#855
1!
12
#860
0!
02
#865
1!
12
#866
1'
1$
11
1,
1*
0(
1)
#870
0!
02
#875
1!
12
b11101101 4
#880
0!
02
#885
1!
12
#886
1%
10
0/
0-
0*
1(
#890
0!
02
#895
1!
12
bz 4
#900
0!
02
#905
1!
12
#906
0'
0$
01
1/
0.
0,
0+
0(
0)
#910
0!
02
#915
1!
12
#920
0!
02
#925
1!
12
#926
0%
0/
1+
1*
#930
0!
02
#935
1!
12
#940
0!
02
#945
1!
12
#946
0&
11
1/
1,
0+
0*
1(
#950
0!
02
#955
1!
12
#960
0!
02
#965
1!
12
#966
1'
1%
1#
00
0/
1-
1*
0(
#970
0!
02
#975
1!
12
#980
0!
02
#985
1!
12
#986
0'
1$
1/
1+
1)
#990
0!
02
#995
1!
12
bx 4
#1000
0!
02
#1005
1!
12
#1006
1'
0$
01
0/
0-
0,
0*
1(
#1010
0!
02
#1015
1!
12
bz 4
#1020
0!
02
#1025
1!
12
#1026
1$
11
1.
1-
1,
0(
#1030
0!
02
#1035
1!
12
b11100111 4
#1040
0!
02
#1045
1!
12
#1046
0'
0#
10
0-
0,
0+
#1050
0!
02
#1055
1!
12
b10011011 4
#1060
0!
02
#1065
1!
12
#1066
1&
0$
1#
01
00
1/
1+
0)
#1070
0!
02
#1075
1!
12
bz 4
#1080
0!
02
#1085
1!
12
#1086
0/
0.
1(
#1090
0!
02
#1095
1!
12
#1100
0!
02
#1105
1!
12
#1106
1'
0%
0#
11
1.
1-
1*
0(
#1110
0!
02
#1115
1!
12
#1120
0!
02
#1125
1!
12
#1126
0'
1%
1#
01
1/
0.
1,
0*
#1130
0!
02
#1135
1!
12
#1140
0!
02
#1145
1!
12
#1146
1'
0%
0#
1*
1(
1)
#1150
0!
02
#1155
1!
12
#1160
0!
02
#1165
1!
12
#1166
0'
0&
1$
1#
11
0/
1.
0-
0*
0(
0)
#1170
0!
02
#1175
1!
12
#1180
0!
02
#1185
1!
12
#1186
1'
1&
1%
0#
1/
1(
1)
#1190
0!
02
#1195
1!
12
#1200
0!
02
#1205
1!
12
#1206
0'
0&
0%
10
0.
1-
0,
0(
#1210
0!
02
#1215
1!
12
bx 4
#1220
0!
02
#1225
1!
12
#1226
1'
1#
00
0/
0-
1*
1(
0)
#1230
0!
02
#1235
1!
12
bz 4
#1240
0!
02
#1245
1!
12
#1246
1/
0+
0*
0(
#1250
0!
02
#1255
1!
12
#1260
0!
02
#1265
1!
12
#1266
0'
1%
0$
0#
01
0/
1.
1,
1*
1)
#1270
0!
02
#1275
1!
12
b11110110 4
#1280
0!
02
#1285
1!
12
#1286
1'
1&
0%
0.
1-
1(
#1290
0!
02
#1295
1!
12
bz 4
#1300
0!
02
#1305
1!
12
#1306
0'
0&
1.
0,
1+
0(
#1310
0!
02
#1315
1!
12
b100111 4
#1320
0!
02
#1325
1!
12
#1326
1'
1&
1%
1/
0+
0)
#1330
0!
02
#1335
1!
12
bz 4
#1340
0!
02
#1345
1!
12
#1346
0'
0&
0%
1$
10
0.
1,
#1350
0!
02
#1355
1!
12
#1360
0!
02
#1365
1!
12
#1366
1'
1&
1%
0$
1#
11
0/
1+
0*
1)
#1370
0!
02
#1375
1!
12
bx 4
#1380
0!
02
#1385
1!
12
#1386
01
1/
0-
0,
0+
1*
1(
#1390
0!
02
#1395
1!
12
bz 4
#1400
0!
02
#1405
1!
12
#1406
00
1.
1-
1+
0*
0)
#1410
0!
02
#1415
1!
12
#1420
0!
02
#1425
1!
12
#1426
0&
0#
0.
0-
#1430
0!
02
#1435
1!
12
#1440
0!
02
#1445
1!
12
#1446
0'
0%
1$
1#
10
0/
1.
1,
0(
#1450
0!
02
#1455
1!
12
#1460
0!
02
#1465
1!
12
#1466
1&
1%
0#
00
0.
0+
1*
1(
1)
#1470
0!
02
#1475
1!
12
#1480
0!
02
#1485
1!
12
#1486
1'
0&
0%
0$
1#
11
10
1/
1-
0*
#1490
0!
02
#1495
1!
12
#1500
0!
02
#1505
1!
12
#1506
0#
01
00
0/
1.
0-
0,
1+
1*
0)
#1510
0!
02
#1515
1!
12
#1520
0!
02
#1525
1!
12
#1526
1&
1%
1$
1,
0+
0*
0(
1)
#1530
0!
02
#1535
1!
12
b10111010 4
#1540
0!
02
#1545
1!
12
#1546
0'
0$
11
10
1/
1-
0,
1*
1(
#1550
0!
02
#1555
1!
12
bz 4
#1560
0!
02
#1565
1!
12
#1566
0&
0%
01
1,
0*
0)
#1570
0!
02
#1575
1!
12
#1580
0!
02
#1585
1!
12
#1586
1%
1$
1#
11
0/
0.
1+
1)
#1590
0!
02
#1595
1!
12
#1600
0!
02
#1605
1!
12
#1606
1'
1&
0%
0$
01
00
1/
1.
1*
#1610
0!
02
#1615
1!
12
#1620
0!
02
#1625
1!
12
#1626
0'
11
0/
0.
0-
0+
0*
0(
0)
#1630
0!
02
#1635
1!
12
#1640
0!
02
#1645
1!
12
#1646
1$
0#
10
1.
0,
1+
1(
1)
#1650
0!
02
#1655
1!
12
#1660
0!
02
#1665
1!
12
#1666
1'
0&
1#
01
00
0.
1,
1*
0(
0)
#1670
0!
02
#1675
1!
12
#1680
0!
02
#1685
1!
12
#1686
0'
1&
0#
11
1/
1.
0,
0+
1(
#1690
0!
02
#1695
1!
12
#1700
0!
02
#1705
1!
12
#1706
1%
1#
01
0/
0(
1)
#1710
0!
02
#1715
1!
12
bx 4
#1720
0!
02
#1725
1!
12
#1726
1'
0$
10
0*
#1730
0!
02
#1735
1!
12
b1011100 4
#1740
0!
02
#1745
1!
12
#1746
0'
1$
0#
0.
1,
0)
#1750
0!
02
#1755
1!
12
bz 4
#1760
0!
02
#1765
1!
12
#1766
1'
0$
00
1/
1.
#1770
0!
02
#1775
1!
12
#1780
0!
02
#1785
1!
12
#1786
0'
0&
1$
0/
1-
0,
1)
#1790
0!
02
#1795
1!
12
b10011011 4
#1800
0!
02
#1805
1!
12
#1806
1&
0%
11
0-
1,
1+
1*
1(
#1810
0!
02
#1815
1!
12
bz 4
#1820
0!
02
#1825
1!
12
#1826
0&
0$
01
1/
1-
#1830
0!
02
#1835
1!
12
#1840
0!
02
#1845
1!
12
#1846
1&
11
10
0/
0,
0*
0)
#1850
0!
02
#1855
1!
12
#1860
0!
02
#1865
1!
12
#1866
0&
0+
1*
0(
#1870
0!
02
#1875
1!
12
#1880
0!
02
#1885
1!
12
#1886
1'
1&
1%
1#
00
1/
1,
1)
#1890
0!
02
#1895
1!
12
b1011100 4
#1900
0!
02
#1905
1!
12
#1906
0'
0%
0#
01
0-
1+
0*
1(
#1910
0!
02
#1915
1!
12
bz 4
#1920
0!
02
#1925
1!
12
#1926
1#
11
10
0/
0+
0)
#1930
0!
02
#1935
1!
12
#1940
0!
02
#1945
1!
12
#1946
1'
1%
0#
1/
0.
0(
1)
#1950
0!
02
#1955
1!
12
bx 4
#1960
0!
02
#1965
1!
12
#1966
0%
1$
00
0/
1.
1+
#1970
0!
02
#1975
1!
12
b11101101 4
#1980
0!
02
#1985
1!
12
#1986
0'
0$
1#
10
1/
0,
0)
#1990
0!
02
#1995
1!
12
bz 4
#2000
0!
02
#2005
1!
12
#2006
1'
0&
1%
1$
01
0/
1,
#2010
0!
02
#2015
1!
12
#2020
0!
02
#2025
1!
12
#2026
11
0,
1*
1)
#2030
0!
02
#2035
1!
12
b11100111 4
#2040
0!
02
#2045
1!
12
#2046
0%
0$
01
00
1/
0.
1,
0+
0*
1(
#2050
0!
02
#2055
1!
12
bz 4
#2060
0!
02
#2065
1!
12
#2066
1$
0#
11
10
0/
1-
0,
0(
#2070
0!
02
#2075
1!
12
bx 4
#2080
0!
02
#2085
1!
12
#2086
1#
1/
0-
1+
1*
1(
0)
#2090
0!
02
#2095
1!
12
bz 4
#2100
0!
02
#2105
1!
12
#2106
0'
1&
0$
0/
1.
1,
0+
1)
#2110
0!
02
#2115
1!
12
#2120
0!
02
#2125
1!
12
#2126
0&
1$
0#
01
1-
1+
0(
#2130
0!
02
#2135
1!
12
bx 4
#2140
0!
02
#2145
1!
12
#2146
1'
0$
1#
1/
0-
0*
1(
#2150
0!
02
#2155
1!
12
bz 4
#2160
0!
02
#2165
1!
12
#2166
1%
11
00
0,
0+
0)
#2170
0!
02
#2175
1!
12
#2180
0!
02
#2185
1!
12
#2186
0'
0%
1$
0#
10
0/
0.
#2190
0!
02
#2195
1!
12
#2200
0!
02
#2205
1!
12
#2206
1'
1&
0$
01
1.
1-
1,
0(
1)
#2210
0!
02
#2215
1!
12
bx 4
#2220
0!
02
#2225
1!
12
#2226
0'
0&
1%
1$
1#
00
1(
0)
#2230
0!
02
#2235
1!
12
bz 4
#2240
0!
02
#2245
1!
12
#2246
1'
0%
11
1/
0.
0-
0,
1+
0(
1)
#2250
0!
02
#2255
1!
12
b11000111 4
#2260
0!
02
#2265
1!
12
#2266
1.
1-
1,
0+
1*
1(
0)
#2270
0!
02
#2275
1!
12
bz 4
#2280
0!
02
#2285
1!
12
#2286
0'
0$
01
10
0*
0(
1)
#2290
0!
02
#2295
1!
12
bx 4
#2300
0!
02
#2305
1!
12
#2306
1&
1$
0#
00
0.
0-
1+
1(
0)
#2310
0!
02
#2315
1!
12
bz 4
#2320
0!
02
#2325
1!
12
#2326
0&
1%
0$
0/
1-
0,
1*
#2330
0!
02
#2335
1!
12
#2340
0!
02
#2345
1!
12
#2346
1'
1&
1#
1.
0+
0*
#2350
0!
02
#2355
1!
12
#2360
0!
02
#2365
1!
12
#2366
0'
0#
11
1/
0-
#2370
0!
02
#2375
1!
12
#2380
0!
02
#2385
1!
12
#2386
01
0.
1+
1*
0(
1)
#2390
0!
02
#2395
1!
12
b1101 4
#2400
0!
02
#2405
1!
12
#2406
0&
1.
1-
1,
0*
1(
#2410
0!
02
#2415
1!
12
bz 4
#2420
0!
02
#2425
1!
12
#2426
11
10
0/
0.
0-
0(
#2430
0!
02
#2435
1!
12
b11010000 4
#2440
0!
02
#2445
1!
12
#2446
1'
1&
1$
1#
00
1.
1-
#2450
0!
02
#2455
1!
12
bx 4
#2460
0!
02
#2465
1!
12
#2466
0'
0&
0$
01
10
0.
0,
1*
0)
#2470
0!
02
#2475
1!
12
bz 4
#2480
0!
02
#2485
1!
12
#2486
0%
1$
11
00
1.
1,
1(
1)
#2490
0!
02
#2495
1!
12
#2500
0!
02
#2505
1!
12
#2506
1'
1&
1%
0$
0#
1/
0,
#2510
0!
02
#2515
1!
12
#2520
0!
02
#2525
1!
12
#2526
0%
1$
01
0.
0-
#2530
0!
02
#2535
1!
12
#2540
0!
02
#2545
1!
12
#2546
0'
0$
11
10
0*
0)
#2550
0!
02
#2555
1!
12
#2560
0!
02
#2565
1!
12
#2566
0&
1$
01
00
0/
1-
0+
0(
#2570
0!
02
#2575
1!
12
#2580
0!
02
#2585
1!
12
#2586
1'
0$
10
1/
1.
1+
1*
#2590
0!
02
#2595
1!
12
#2600
0!
02
#2605
1!
12
#2606
1%
1#
00
0/
0.
0+
0*
#2610
0!
02
#2615
1!
12
#2620
0!
02
#2625
1!
12
#2626
1&
0%
1$
11
1/
0-
1+
#2630
0!
02
#2635
1!
12
#2640
0!
02
#2645
1!
12
#2646
0'
1%
0#
10
1-
1,
0+
1*
#2650
0!
02
#2655
1!
12
#2660
0!
02
#2665
1!
12
#2666
1'
0&
0/
1.
0,
#2670
0!
02
#2675
1!
12
#2680
0!
02
#2685
1!
12
#2686
0$
1#
01
00
1/
1,
#2690
0!
02
#2695
1!
12
#2700
0!
02
#2705
1!
12
#2706
1$
0#
11
0-
1+
1(
1)
#2710
0!
02
#2715
1!
12
#2720
0!
02
#2725
1!
12
#2726
10
0.
0(
#2730
0!
02
#2735
1!
12
bx 4
#2740
0!
02
#2745
1!
12
#2746
1&
0$
01
0/
1.
1-
0,
0+
1(
#2750
0!
02
#2755
1!
12
bz 4
#2760
0!
02
#2765
1!
12
#2766
0%
1$
1#
11
0-
1,
1+
0*
0(
#2770
0!
02
#2775
1!
12
bx 4
#2780
0!
02
#2785
1!
12
#2786
0'
0&
1%
0$
0#
01
1-
#2790
0!
02
#2795
1!
12
b11010000 4
#2800
0!
02
#2805
1!
12
#2806
1'
11
1/
0-
0+
1*
0)
#2810
0!
02
#2815
1!
12
bz 4
#2820
0!
02
#2825
1!
12
#2826
0%
01
00
0.
1-
0,
0*
#2830
0!
02
#2835
1!
12
#2840
0!
02
#2845
1!
12
#2846
10
1.
0-
1,
1(
#2850
0!
02
#2855
1!
12
#2860
0!
02
#2865
1!
12
#2866
1%
11
0/
0.
1-
0,
1+
0(
1)
#2870
0!
02
#2875
1!
12
b1000100 4
#2880
0!
02
#2885
1!
12
#2886
1&
1.
0+
0)
#2890
0!
02
#2895
1!
12
bz 4
#2900
0!
02
#2905
1!
12
#2906
0'
0%
1$
1#
00
1(
1)
#2910
0!
02
#2915
1!
12
#2920
0!
02
#2925
1!
12
#2926
0&
1%
0$
01
10
1/
0.
0-
0(
#2930
0!
02
#2935
1!
12
bx 4
#2940
0!
02
#2945
1!
12
#2946
1&
0%
11
0/
1,
1+
1(
#2950
0!
02
#2955
1!
12
bz 4
#2960
0!
02
#2965
1!
12
#2966
0&
1%
1$
1/
1.
1-
1*
0)
#2970
0!
02
#2975
1!
12
#2980
0!
02
#2985
1!
12
#2986
1'
0$
0-
0,
0*
0(
1)
#2990
0!
02
#2995
1!
12
b1101 4
#3000
0!
02
#3005
1!
12
#3006
1&
0#
01
00
1-
1*
1(
#3010
0!
02
#3015
1!
12
bz 4
#3020
0!
02
#3025
1!
12
#3026
0&
1$
1#
11
0/
0+
#3030
0!
02
#3035
1!
12
#3040
0!
02
#3045
1!
12
#3046
0'
01
10
0-
0*
0(
0)
#3050
0!
02
#3055
1!
12
#3060
0!
02
#3065
1!
12
#3066
1'
0%
0$
0.
1-
1,
1*
1)
#3070
0!
02
#3075
1!
12
b1010111 4
#3080
0!
02
#3085
1!
12
#3086
0'
1&
1%
1$
0#
1.
0,
1(
0)
#3090
0!
02
#3095
1!
12
bz 4
#3100
0!
02
#3105
1!
12
#3106
0$
11
1/
0-
1,
0(
1)
#3110
0!
02
#3115
1!
12
b1101 4
#3120
0!
02
#3125
1!
12
#3126
1'
0%
00
1-
1+
0*
#3130
0!
02
#3135
1!
12
bx 4
#3140
0!
02
#3145
1!
12
#3146
0'
0&
1%
1#
01
0/
1(
#3150
0!
02
#3155
1!
12
bz 4
#3160
0!
02
#3165
1!
12
#3166
1&
1$
11
10
0.
0-
0,
1*
#3170
0!
02
#3175
1!
12
#3180
0!
02
#3185
1!
12
#3186
0&
0%
0$
00
1/
1.
1-
1,
0+
0*
0(
#3190
0!
02
#3195
1!
12
bx 4
#3200
0!
02
#3205
1!
12
#3206
1&
1%
1$
0,
1+
1*
#3210
0!
02
#3215
1!
12
#3220
0!
02
#3225
1!
12
#3226
1'
0%
01
0/
0.
0-
1,
0+
0)
#3230
0!
02
#3235
1!
12
bz 4
#3240
0!
02
#3245
1!
12
#3246
0'
1%
0$
10
1/
1+
0*
1(
#3250
0!
02
#3255
1!
12
#3260
0!
02
#3265
1!
12
#3266
1'
1$
11
00
1.
1-
0(
#3270
0!
02
#3275
1!
12
#3280
0!
02
#3285
1!
12
#3286
0&
0#
0.
0-
1*
#3290
0!
02
#3295
1!
12
#3300
0!
02
#3305
1!
12
#3306
0'
1&
0%
01
10
0/
0+
0*
1(
#3310
0!
02
#3315
1!
12
#3320
0!
02
#3325
1!
12
#3326
1'
1%
0$
00
1/
1+
1*
0(
1)
#3330
0!
02
#3335
1!
12
bx 4
#3340
0!
02
#3345
1!
12
#3346
0&
1-
0*
1(
0)
#3350
0!
02
#3355
1!
12
bz 4
#3360
0!
02
#3365
1!
12
#3366
0'
0%
10
1.
0-
0+
0(
#3370
0!
02
#3375
1!
12
#3380
0!
02
#3385
1!
12
#3386
1&
11
00
0/
1-
1(
#3390
0!
02
#3395
1!
12
#3400
0!
02
#3405
1!
12
#3406
0&
1%
1$
1#
01
10
0-
1*
0(
1)
#3410
0!
02
#3415
1!
12
b11111111 4
#3420
0!
02
#3425
1!
12
#3426
1'
1&
11
1/
1-
#3430
0!
02
#3435
1!
12
bx 4
#3440
0!
02
#3445
1!
12
#3446
0%
0#
0/
0.
0,
0*
#3450
0!
02
#3455
1!
12
b11101101 4
#3460
0!
02
#3465
1!
12
#3466
0'
0&
1#
01
00
1/
1.
0-
1+
1*
1(
#3470
0!
02
#3475
1!
12
bz 4
#3480
0!
02
#3485
1!
12
#3486
1&
0.
1-
1,
0+
0)
#3490
0!
02
#3495
1!
12
#3500
0!
02
#3505
1!
12
#3506
1'
1%
1.
0-
0,
0*
1)
#3510
0!
02
#3515
1!
12
#3520
0!
02
#3525
1!
12
#3526
0&
0$
10
0.
1-
#3530
0!
02
#3535
1!
12
#3540
0!
02
#3545
1!
12
#3546
0'
1&
0%
1$
0/
1,
1+
1*
0)
#3550
0!
02
#3555
1!
12
#3560
0!
02
#3565
1!
12
#3566
0&
1%
0$
11
00
1/
0-
0,
1)
#3570
0!
02
#3575
1!
12
#3580
0!
02
#3585
1!
12
#3586
1&
0#
01
0/
1.
1-
0+
0*
0(
0)
#3590
0!
02
#3595
1!
12
#3600
0!
02
#3605
1!
12
#3606
0&
1#
10
1,
1+
1*
1)
#3610
0!
02
#3615
1!
12
bx 4
#3620
0!
02
#3625
1!
12
#3626
0%
1$
11
1/
0+
0*
#3630
0!
02
#3635
1!
12
#3640
0!
02
#3645
1!
12
#3646
0$
0#
00
0/
0.
0,
1+
1*
0)
#3650
0!
02
#3655
1!
12
bz 4
#3660
0!
02
#3665
1!
12
#3666
1%
1#
01
1/
1,
0+
0*
1)
#3670
0!
02
#3675
1!
12
bx 4
#3680
0!
02
#3685
1!
12
#3686
11
0-
1*
#3690
0!
02
#3695
1!
12
#3700
0!
02
#3705
1!
12
#3706
0%
1$
10
0/
0,
0*
1(
#3710
0!
02
#3715
1!
12
bz 4
#3720
0!
02
#3725
1!
12
#3726
1'
1&
0#
01
00
1.
1-
1+
#3730
0!
02
#3735
1!
12
#3740
0!
02
#3745
1!
12
#3746
0'
1%
1#
11
10
1/
0.
1,
0+
#3750
0!
02
#3755
1!
12
#3760
0!
02
#3765
1!
12
#3766
0&
0$
01
0(
#3770
0!
02
#3775
1!
12
bx 4
#3780
0!
02
#3785
1!
12
#3786
1'
00
0/
1.
0-
0,
1*
#3790
0!
02
#3795
1!
12
b1101 4
#3800
0!
02
#3805
1!
12
#3806
1&
10
1,
1+
0*
0)
#3810
0!
02
#3815
1!
12
bz 4
#3820
0!
02
#3825
1!
12
#3826
0&
1$
0#
0.
0,
1*
1)
#3830
0!
02
#3835
1!
12
bx 4
#3840
0!
02
#3845
1!
12
#3846
0%
0$
11
1/
1.
1,
0*
#3850
0!
02
#3855
1!
12
b101110 4
#3860
0!
02
#3865
1!
12
#3866
1%
01
0/
0.
1-
0+
1*
0)
#3870
0!
02
#3875
1!
12
bz 4
#3880
0!
02
#3885
1!
12
#3886
0'
0%
1$
00
0-
0,
1)
#3890
0!
02
#3895
1!
12
b11 4
#3900
0!
02
#3905
1!
12
#3906
1%
0$
11
1/
1.
1(
0)
#3910
0!
02
#3915
1!
12
bz 4
#3920
0!
02
#3925
1!
12
#3926
1'
0%
1$
0/
1,
1+
#3930
0!
02
#3935
1!
12
#3940
0!
02
#3945
1!
12
#3946
0'
1&
0$
01
0.
1-
0,
1)
#3950
0!
02
#3955
1!
12
#3960
0!
02
#3965
1!
12
#3966
1'
1,
#3970
0!
02
#3975
1!
12
#3980
0!
02
#3985
1!
12
#3986
1%
1$
1#
11
0-
0,
0+
0*
0(
#3990
0!
02
#3995
1!
12
bx 4
#4000
0!
02
#4005
1!
12
#4006
0%
0$
0#
1/
1.
1-
1+
1*
#4010
0!
02
#4015
1!
12
#4020
0!
02
#4025
1!
12
#4026
1%
1$
0-
0+
0*
1(
#4030
0!
02
#4035
1!
12
bz 4
#4040
0!
02
#4045
1!
12
#4046
0&
0%
0$
10
0.
1*
0(
#4050
0!
02
#4055
1!
12
b101110 4
#4060
0!
02
#4065
1!
12
#4066
0'
1%
1#
00
0/
1+
0)
#4070
0!
02
#4075
1!
12
bz 4
#4080
0!
02
#4085
1!
12
#4086
1&
0%
1$
10
1.
0+
1)
#4090
0!
02
#4095
1!
12
b11110010 4
#4100
0!
02
#4105
1!
12
#4106
1'
0#
1-
1+
1(
0)
#4110
0!
02
#4115
1!
12
bz 4
#4120
0!
02
#4125
1!
12
#4126
0'
0$
01
1,
0*
0(
1)
#4130
0!
02
#4135
1!
12
b111001 4
#4140
0!
02
#4145
1!
12
#4146
0&
1%
1$
1#
00
1/
0.
1(
0)
#4150
0!
02
#4155
1!
12
bz 4
#4160
0!
02
#4165
1!
12
#4166
1'
1&
11
1.
0-
0(
#4170
0!
02
#4175
1!
12
#4180
0!
02
#4185
1!
12
#4186
0'
0&
0%
01
0/
0.
1-
0+
1(
#4190
0!
02
#4195
1!
12
#4200
0!
02
#4205
1!
12
#4206
1'
0$
0#
10
1/
0-
0,
1+
1)
#4210
0!
02
#4215
1!
12
#4220
0!
02
#4225
1!
12
#4226
00
1,
0+
0(
0)
#4230
0!
02
#4235
1!
12
#4240
0!
02
#4245
1!
12
#4246
1%
1#
10
0/
1-
1+
1*
1)
#4250
0!
02
#4255
1!
12
b1101 4
#4260
0!
02
#4265
1!
12
#4266
0#
00
0-
0+
1(
#4270
0!
02
#4275
1!
12
bz 4
#4280
0!
02
#4285
1!
12
#4286
0'
1$
1#
1+
0*
0)
#4290
0!
02
#4295
1!
12
#4300
0!
02
#4305
1!
12
#4306
1'
0%
1.
0,
1*
#4310
0!
02
#4315
1!
12
#4320
0!
02
#4325
1!
12
#4326
0'
1&
0$
11
10
0.
1,
0*
0(
#4330
0!
02
#4335
1!
12
#4340
0!
02
#4345
1!
12
#4346
1'
1$
01
1.
0,
0+
1(
1)
#4350
0!
02
#4355
1!
12
#4360
0!
02
#4365
1!
12
#4366
1%
11
1/
1-
1+
#4370
0!
02
#4375
1!
12
#4380
0!
02
#4385
1!
12
#4386
0&
0%
0$
0#
0.
0+
1*
#4390
0!
02
#4395
1!
12
#4400
0!
02
#4405
1!
12
#4406
0'
1&
1%
0/
1.
0-
1,
1+
0(
0)
#4410
0!
02
#4415
1!
12
#4420
0!
02
#4425
1!
12
#4426
1'
0&
0%
1#
01
1/
0.
1-
0+
0*
1(
1)
#4430
0!
02
#4435
1!
12
#4440
0!
02
#4445
1!
12
#4446
1&
1$
0#
11
00
1+
1*
0(
#4450
0!
02
#4455
1!
12
b11011011 4
#4460
0!
02
#4465
1!
12
#4466
0$
1.
0*
1(
#4470
0!
02
#4475
1!
12
bz 4
#4480
0!
02
#4485
1!
12
#4486
0&
1$
0.
0,
1*
#4490
0!
02
#4495
1!
12
#4500
0!
02
#4505
1!
12
#4506
1%
1#
01
0/
1.
1,
0+
0(
#4510
0!
02
#4515
1!
12
b11100111 4
#4520
0!
02
#4525
1!
12
#4526
0'
1&
11
10
1/
0.
0-
1+
1(
#4530
0!
02
#4535
1!
12
bz 4
#4540
0!
02
#4545
1!
12
#4546
0%
0$
0#
01
0/
1.
0*
0(
0)
#4550
0!
02
#4555
1!
12
#4560
0!
02
#4565
1!
12
#4566
1'
1%
1$
1/
1-
0+
#4570
0!
02
#4575
1!
12
#4580
0!
02
#4585
1!
12
#4586
0'
0&
0%
00
0.
0-
1(
#4590
0!
02
#4595
1!
12
#4600
0!
02
#4605
1!
12
#4606
1&
0$
1#
0/
1-
0,
1)
#4610
0!
02
#4615
1!
12
#4620
0!
02
#4625
1!
12
#4626
1'
1$
0#
11
10
1/
1,
1*
0(
#4630
0!
02
#4635
1!
12
b11011011 4
#4640
0!
02
#4645
1!
12
#4646
0'
0&
1#
01
0,
1+
0*
1(
0)
#4650
0!
02
#4655
1!
12
bz 4
#4660
0!
02
#4665
1!
12
#4666
1'
0$
11
0+
1*
1)
#4670
0!
02
#4675
1!
12
#4680
0!
02
#4685
1!
12
#4686
0'
1%
0#
0-
1,
1+
0*
0(
#4690
0!
02
#4695
1!
12
b10001101 4
#4700
0!
02
#4705
1!
12
#4706
1'
1&
1#
0/
1.
#4710
0!
02
#4715
1!
12
b11000 4
#4720
0!
02
#4725
1!
12
#4726
0#
0.
0+
1*
0)
#4730
0!
02
#4735
1!
12
bz 4
#4740
0!
02
#4745
1!
12
#4746
0'
0&
0%
1/
1.
1+
1(
1)
#4750
0!
02
#4755
1!
12
#4760
0!
02
#4765
1!
12
#4766
1'
1&
1$
01
00
0/
0*
0)
#4770
0!
02
#4775
1!
12
#4780
0!
02
#4785
1!
12
#4786
0'
0$
1#
11
10
1/
0,
0+
1*
1)
#4790
0!
02
#4795
1!
12
#4800
0!
02
#4805
1!
12
#4806
1'
0&
1%
1$
0#
01
1-
1+
0)
#4810
0!
02
#4815
1!
12
#4820
0!
02
#4825
1!
12
#4826
0'
0%
1#
0/
0.
1)
#4830
0!
02
#4835
1!
12
#4840
0!
02
#4845
1!
12
#4846
1'
1%
1/
1.
0(
#4850
0!
02
#4855
1!
12
b11100111 4
#4860
0!
02
#4865
1!
12
#4866
1&
0%
0$
11
0.
0-
1,
0+
0*
1(
#4870
0!
02
#4875
1!
12
bz 4
#4880
0!
02
#4885
1!
12
#4886
0#
01
0,
1*
0(
#4890
0!
02
#4895
1!
12
bx 4
#4900
0!
02
#4905
1!
12
#4906
0'
0&
1$
1#
00
1-
1,
0*
#4910
0!
02
#4915
1!
12
b1010110 4
#4920
0!
02
#4925
1!
12
#4926
1&
1%
11
0/
1(
0)
#4930
0!
02
#4935
1!
12
bz 4
#4940
0!
02
#4945
1!
12
#4946
1'
0&
0$
0#
01
10
1/
0,
1*
1)
#4950
0!
02
#4955
1!
12
#4960
0!
02
#4965
1!
12
#4966
1&
0%
1$
00
0*
0)
#4970
0!
02
#4975
1!
12
#4980
0!
02
#4985
1!
12
#4986
0'
0&
1#
10
1.
0-
1+
#4990
0!
02
#4995
1!
12
#5000
0!
02
#5005
1!
12
#5006
1%
0$
11
00
0.
1-
0+
1*
#5010
0!
02
#5015
1!
12
#5020
0!
02
#5025
1!
12
#5026
1'
1&
0%
1$
01
0/
1.
0-
1,
1+
0*
0(
#5030
0!
02
#5035
1!
12
#5040
0!
02
#5045
1!
12
#5046
0'
1%
0#
11
10
1/
0.
#5050
0!
02
#5055
1!
12
#5060
0!
02
#5065
1!
12
#5066
0%
0$
1#
1.
0,
1*
1)
#5070
0!
02
#5075
1!
12
b101011 4
#5080
0!
02
#5085
1!
12
#5086
01
00
0/
0.
1-
0)
#5090
0!
02
#5095
1!
12
bz 4
#5100
0!
02
#5105
1!
12
#5106
1%
1$
0#
1/
1.
0-
1(
1)
#5110
0!
02
#5115
1!
12
#5120
0!
02
#5125
1!
12
#5126
0%
1#
11
#5130
0!
02
#5135
1!
12
#5140
0!
02
#5145
1!
12
#5146
0$
01
0/
0.
1-
0+
#5150
0!
02
#5155
1!
12
#5160
0!
02
#5165
1!
12
#5166
1'
1%
0#
11
10
1/
1.
0*
0)
#5170
0!
02
#5175
1!
12
#5180
0!
02
#5185
1!
12
#5186
0&
0%
01
00
0/
0-
1,
1+
1*
#5190
0!
02
#5195
1!
12
#5200
0!
02
#5205
1!
12
#5206
0'
1&
1%
11
10
0.
0,
0+
0*
1)
#5210
0!
02
#5215
1!
12
#5220
0!
02
#5225
1!
12
#5226
1'
0%
01
00
1/
1-
1,
#5230
0!
02
#5235
1!
12
#5240
0!
02
#5245
1!
12
#5246
0&
1%
10
0/
1.
0,
1+
1*
0(
#5250
0!
02
#5255
1!
12
b1110100 4
#5260
0!
02
#5265
1!
12
#5266
0'
1&
0%
1$
11
00
1/
0.
0-
1,
0+
#5270
0!
02
#5275
1!
12
b100010 4
#5280
0!
02
#5285
1!
12
#5286
1%
1#
01
10
0/
1.
1-
0*
1(
0)
#5290
0!
02
#5295
1!
12
bz 4
#5300
0!
02
#5305
1!
12
#5306
1'
0%
11
00
1/
0(
#5310
0!
02
#5315
1!
12
#5320
0!
02
#5325
1!
12
#5326
0'
0&
0$
10
0.
0-
1+
#5330
0!
02
#5335
1!
12
#5340
0!
02
#5345
1!
12
#5346
1'
1&
1%
1$
1.
1-
1*
1(
#5350
0!
02
#5355
1!
12
#5360
0!
02
#5365
1!
12
#5366
0%
01
00
0/
0.
0-
0,
1)
#5370
0!
02
#5375
1!
12
#5380
0!
02
#5385
1!
12
#5386
0#
11
10
1/
1.
0+
0(
0)
#5390
0!
02
#5395
1!
12
#5400
0!
02
#5405
1!
12
#5406
0'
0&
1%
01
00
1,
1+
0*
#5410
0!
02
#5415
1!
12
#5420
0!
02
#5425
1!
12
#5426
1'
1&
0%
1#
0.
1-
0,
0+
1*
1(
1)
#5430
0!
02
#5435
1!
12
#5440
0!
02
#5445
1!
12
#5446
0'
0&
0#
0/
0-
1,
0*
#5450
0!
02
#5455
1!
12
#5460
0!
02
#5465
1!
12
#5466
1'
1%
1#
11
1/
1.
1-
0,
1+
0)
#5470
0!
02
#5475
1!
12
#5480
0!
02
#5485
1!
12
#5486
1&
0%
10
0.
1,
0+
0(
1)
#5490
0!
02
#5495
1!
12
bx 4
#5500
0!
02
#5505
1!
12
#5506
0'
1%
0$
0,
1+
1(
#5510
0!
02
#5515
1!
12
bz 4
#5520
0!
02
#5525
1!
12
#5526
0&
0%
1$
01
00
0+
1*
#5530
0!
02
#5535
1!
12
#5540
0!
02
#5545
1!
12
#5546
1'
0#
10
0/
0-
1,
0(
#5550
0!
02
#5555
1!
12
b11101001 4
#5560
0!
02
#5565
1!
12
#5566
0'
1&
0$
1#
00
1/
0,
1+
0*
0)
#5570
0!
02
#5575
1!
12
bz 4
#5580
0!
02
#5585
1!
12
#5586
0&
1%
1$
1)
#5590
0!
02
#5595
1!
12
b1100000 4
#5600
0!
02
#5605
1!
12
#5606
1'
0%
0$
0#
0/
1.
1,
1*
#5610
0!
02
#5615
1!
12
b11101000 4
#5620
0!
02
#5625
1!
12
#5626
1%
1$
1#
10
1-
0+
0*
1(
0)
#5630
0!
02
#5635
1!
12
bz 4
#5640
0!
02
#5645
1!
12
#5646
0'
1&
0%
0$
00
0,
1+
1*
#5650
0!
02
#5655
1!
12
#5660
0!
02
#5665
1!
12
#5666
11
10
1/
0-
0+
#5670
0!
02
#5675
1!
12
#5680
0!
02
#5685
1!
12
#5686
1'
1$
0#
00
0.
1,
1+
0*
#5690
0!
02
#5695
1!
12
#5700
0!
02
#5705
1!
12
#5706
0'
0&
1%
0$
1#
01
0/
1.
0+
0(
#5710
0!
02
#5715
1!
12
#5720
0!
02
#5725
1!
12
#5726
1&
0%
1$
0#
10
1/
1-
1+
1*
1(
#5730
0!
02
#5735
1!
12
#5740
0!
02
#5745
1!
12
#5746
1'
0&
1%
0$
1#
11
0.
0,
0+
0*
0(
#5750
0!
02
#5755
1!
12
#5760
0!
02
#5765
1!
12
#5766
0'
0%
01
00
0/
1.
0-
1,
1+
1*
1(
1)
#5770
0!
02
#5775
1!
12
#5780
0!
02
#5785
1!
12
#5786
1$
11
0.
0)
#5790
0!
02
#5795
1!
12
#5800
0!
02
#5805
1!
12
#5806
1'
1&
1%
0#
10
0+
0*
0(
1)
#5810
0!
02
#5815
1!
12
b10111010 4
#5820
0!
02
#5825
1!
12
#5826
0$
01
00
1.
1*
1(
0)
#5830
0!
02
#5835
1!
12
bz 4
#5840
0!
02
#5845
1!
12
#5846
0%
1$
10
1/
1-
0,
1+
0*
0(
1)
#5850
0!
02
#5855
1!
12
b1100101 4
#5860
0!
02
#5865
1!
12
#5866
1%
00
0/
1,
0+
1*
1(
0)
#5870
0!
02
#5875
1!
12
bz 4
#5880
0!
02
#5885
1!
12
#5886
0'
0$
10
1/
0-
0,
1+
0*
#5890
0!
02
#5895
1!
12
#5900
0!
02
#5905
1!
12
#5906
0&
0%
11
00
0.
1*
0(
#5910
0!
02
#5915
1!
12
#5920
0!
02
#5925
1!
12
#5926
1%
1$
10
1.
0+
1)
#5930
0!
02
#5935
1!
12
b10011011 4
#5940
0!
02
#5945
1!
12
#5946
1&
01
0/
0.
1-
0*
1(
#5950
0!
02
#5955
1!
12
bz 4
#5960
0!
02
#5965
1!
12
#5966
1'
0&
0%
1/
1.
1+
0)
#5970
0!
02
#5975
1!
12
#5980
0!
02
#5985
1!
12
#5986
1&
1%
0$
11
00
0.
1*
#5990
0!
02
#5995
1!
12
#6000
0!
02
#6005
1!
12
#6006
0&
0%
1#
10
0/
1.
0-
0+
#6010
0!
02
#6015
1!
12
#6020
0!
02
#6025
1!
12
#6026
0'
1&
1%
1$
0#
00
1/
0.
1-
1+
1)
#6030
0!
02
#6035
1!
12
#6040
0!
02
#6045
1!
12
#6046
1'
0&
0$
0-
1,
0+
0(
0)
#6050
0!
02
#6055
1!
12
#6060
0!
02
#6065
1!
12
#6066
0'
1#
01
10
0,
1+
0*
1)
#6070
0!
02
#6075
1!
12
b10010101 4
#6080
0!
02
#6085
1!
12
#6086
1&
0#
00
0/
1,
0+
1(
#6090
0!
02
#6095
1!
12
bz 4
#6100
0!
02
#6105
1!
12
#6106
0&
1$
1#
10
1/
1.
1-
0,
1+
0(
#6110
0!
02
#6115
1!
12
b1100000 4
#6120
0!
02
#6125
1!
12
#6126
1'
1&
0%
0$
0#
11
0)
#6130
0!
02
#6135
1!
12
bz 4
#6140
0!
02
#6145
1!
12
#6146
0'
0&
00
0/
0.
0-
1,
1*
1(
1)
#6150
0!
02
#6155
1!
12
#6160
0!
02
#6165
1!
12
#6166
1'
1&
1#
01
1.
0,
0+
0*
#6170
0!
02
#6175
1!
12
#6180
0!
02
#6185
1!
12
#6186
0&
11
10
1/
0.
1,
1+
#6190
0!
02
#6195
1!
12
#6200
0!
02
#6205
1!
12
#6206
1&
1%
1$
0#
00
1-
0,
1*
0)
#6210
0!
02
#6215
1!
12
#6220
0!
02
#6225
1!
12
#6226
1#
10
0/
1.
0-
1,
0(
#6230
0!
02
#6235
1!
12
#6240
0!
02
#6245
1!
12
#6246
0'
0&
0%
0,
0*
1(
1)
#6250
0!
02
#6255
1!
12
#6260
0!
02
#6265
1!
12
#6266
1'
1&
0$
0#
01
1,
0+
1*
0(
#6270
0!
02
#6275
1!
12
bx 4
#6280
0!
02
#6285
1!
12
#6286
0'
0&
1$
1/
1-
0,
1(
0)
#6290
0!
02
#6295
1!
12
bz 4
#6300
0!
02
#6305
1!
12
#6306
1&
1%
0$
11
00
0.
0(
#6310
0!
02
#6315
1!
12
#6320
0!
02
#6325
1!
12
#6326
0&
1$
01
10
1.
0*
#6330
0!
02
#6335
1!
12
#6340
0!
02
#6345
1!
12
#6346
1'
0%
1#
11
0/
0.
1,
#6350
0!
02
#6355
1!
12
#6360
0!
02
#6365
1!
12
#6366
0'
1&
1%
0$
0#
01
1/
0-
0,
1)
#6370
0!
02
#6375
1!
12
b1001110 4
#6380
0!
02
#6385
1!
12
#6386
1'
0&
1$
11
1.
1-
1,
0)
#6390
0!
02
#6395
1!
12
bz 4
#6400
0!
02
#6405
1!
12
#6406
0%
0$
0/
0-
1(
#6410
0!
02
#6415
1!
12
#6420
0!
02
#6425
1!
12
#6426
1&
01
00
0.
1-
1+
1*
0(
#6430
0!
02
#6435
1!
12
#6440
0!
02
#6445
1!
12
#6446
0&
1$
1#
11
1/
0,
0*
1(
1)
#6450
0!
02
#6455
1!
12
#6460
0!
02
#6465
1!
12
#6466
0'
1%
0#
01
10
0/
0-
1*
0(
#6470
0!
02
#6475
1!
12
b10011011 4
#6480
0!
02
#6485
1!
12
#6486
1'
1&
1#
00
1/
1,
0+
#6490
0!
02
#6495
1!
12
b11111111 4
#6500
0!
02
#6505
1!
12
#6506
0'
0&
0#
10
0/
1-
#6510
0!
02
#6515
1!
12
b10011011 4
#6520
0!
02
#6525
1!
12
#6526
1'
0%
1#
11
00
1/
0-
0,
1(
#6530
0!
02
#6535
1!
12
bz 4
#6540
0!
02
#6545
1!
12
#6546
1%
0$
10
0/
1.
1-
1+
0(
#6550
0!
02
#6555
1!
12
b1101 4
#6560
0!
02
#6565
1!
12
#6566
0'
1&
1/
1,
0+
1(
#6570
0!
02
#6575
1!
12
bz 4
#6580
0!
02
#6585
1!
12
#6586
1'
0%
1$
0#
0/
0,
0(
#6590
0!
02
#6595
1!
12
b1100101 4
#6600
0!
02
#6605
1!
12
#6606
0&
0$
0.
0*
0)
#6610
0!
02
#6615
1!
12
bz 4
#6620
0!
02
#6625
1!
12
#6626
01
0-
1,
1+
1(
#6630
0!
02
#6635
1!
12
#6640
0!
02
#6645
1!
12
#6646
1%
1$
1#
11
1.
1-
0,
0+
0(
1)
#6650
0!
02
#6655
1!
12
b111010 4
#6660
0!
02
#6665
1!
12
#6666
0'
1&
0$
0#
01
00
1,
1+
1*
#6670
0!
02
#6675
1!
12
b1001110 4
#6680
0!
02
#6685
1!
12
#6686
1'
0&
1$
1#
1/
0.
0,
1(
0)
#6690
0!
02
#6695
1!
12
bz 4
#6700
0!
02
#6705
1!
12
#6706
0'
1&
11
1.
0+
0*
0(
#6710
0!
02
#6715
1!
12
#6720
0!
02
#6725
1!
12
#6726
1'
0%
0$
0#
0/
1*
1(
#6730
0!
02
#6735
1!
12
#6740
0!
02
#6745
1!
12
#6746
0&
1%
01
0.
1,
0(
#6750
0!
02
#6755
1!
12
#6760
0!
02
#6765
1!
12
#6766
1&
0%
1#
10
1.
0-
0,
0*
#6770
0!
02
#6775
1!
12
#6780
0!
02
#6785
1!
12
#6786
0#
11
1/
0.
1,
1*
#6790
0!
02
#6795
1!
12
#6800
0!
02
#6805
1!
12
#6806
0&
1%
01
00
0/
1.
1-
0,
1(
1)
#6810
0!
02
#6815
1!
12
#6820
0!
02
#6825
1!
12
#6826
0%
1$
1/
1,
1+
0*
#6830
0!
02
#6835
1!
12
#6840
0!
02
#6845
1!
12
#6846
1&
10
0/
0,
#6850
0!
02
#6855
1!
12
#6860
0!
02
#6865
1!
12
#6866
0&
0$
1#
11
00
0(
#6870
0!
02
#6875
1!
12
b10001011 4
#6880
0!
02
#6885
1!
12
#6886
1&
1$
01
10
1/
0-
1,
0+
#6890
0!
02
#6895
1!
12
bx 4
#6900
0!
02
#6905
1!
12
#6906
0&
0/
0,
1*
1(
0)
#6910
0!
02
#6915
1!
12
bz 4
#6920
0!
02
#6925
1!
12
#6926
0'
1&
0#
00
0.
1-
0(
1)
#6930
0!
02
#6935
1!
12
b11111110 4
#6940
0!
02
#6945
1!
12
#6946
1%
1#
11
10
1/
1.
0-
1,
0*
1(
0)
#6950
0!
02
#6955
1!
12
bz 4
#6960
0!
02
#6965
1!
12
#6966
1'
0&
0$
01
0/
0(
1)
#6970
0!
02
#6975
1!
12
b1101 4
#6980
0!
02
#6985
1!
12
#6986
0'
1&
0#
1/
1-
0,
1+
1*
1(
0)
#6990
0!
02
#6995
1!
12
bz 4
#7000
0!
02
#7005
1!
12
#7006
1'
11
00
0/
0-
0(
#7010
0!
02
#7015
1!
12
#7020
0!
02
#7025
1!
12
#7026
0&
01
1/
1-
1,
1)
#7030
0!
02
#7035
1!
12
b1110100 4
#7040
0!
02
#7045
1!
12
#7046
0'
0%
1#
10
0/
0-
0,
0*
1(
#7050
0!
02
#7055
1!
12
bz 4
#7060
0!
02
#7065
1!
12
#7066
1'
1&
0#
11
1/
1,
0+
1*
0(
#7070
0!
02
#7075
1!
12
b10011001 4
#7080
0!
02
#7085
1!
12
#7086
1%
1#
0/
0.
0,
0*
1(
0)
#7090
0!
02
#7095
1!
12
bz 4
#7100
0!
02
#7105
1!
12
#7106
0'
0&
0%
1$
0#
1/
1-
1,
1+
1*
#7110
0!
02
#7115
1!
12
#7120
0!
02
#7125
1!
12
#7126
1%
0$
1#
01
00
1.
0+
0(
#7130
0!
02
#7135
1!
12
#7140
0!
02
#7145
1!
12
#7146
1$
11
0/
0.
0-
0,
1+
0*
1)
#7150
0!
02
#7155
1!
12
b1100000 4
#7160
0!
02
#7165
1!
12
#7166
1&
10
1/
1.
1-
0+
1(
#7170
0!
02
#7175
1!
12
bz 4
#7180
0!
02
#7185
1!
12
#7186
0&
0#
1+
0(
0)
#7190
0!
02
#7195
1!
12
#7200
0!
02
#7205
1!
12
#7206
1'
1#
01
00
0/
0+
1*
1(
1)
#7210
0!
02
#7215
1!
12
#7220
0!
02
#7225
1!
12
#7226
0'
1&
11
10
1/
0-
1,
0*
0(
0)
#7230
0!
02
#7235
1!
12
#7240
0!
02
#7245
1!
12
#7246
0$
01
0/
1-
1+
#7250
0!
02
#7255
1!
12
#7260
0!
02
#7265
1!
12
#7266
0&
0.
0,
1(
1)
#7270
0!
02
#7275
1!
12
#7280
0!
02
#7285
1!
12
#7286
1'
1&
0%
0#
1/
0-
1,
0+
#7290
0!
02
#7295
1!
12
#7300
0!
02
#7305
1!
12
#7306
0'
0&
1%
1$
11
0/
0,
0(
0)
#7310
0!
02
#7315
1!
12
#7320
0!
02
#7325
1!
12
#7326
1'
1&
0$
01
00
1/
1.
1,
1+
1)
#7330
0!
02
#7335
1!
12
b11010101 4
#7340
0!
02
#7345
1!
12
#7346
0%
1$
11
10
0.
0+
1(
#7350
0!
02
#7355
1!
12
bz 4
#7360
0!
02
#7365
1!
12
#7366
0'
1%
1.
1-
1+
#7370
0!
02
#7375
1!
12
#7380
0!
02
#7385
1!
12
#7386
0&
0%
1#
01
0/
0-
0+
1*
0(
#7390
0!
02
#7395
1!
12
b11100001 4
#7400
0!
02
#7405
1!
12
#7406
1'
1&
0$
0#
11
0,
1+
0)
#7410
0!
02
#7415
1!
12
bz 4
#7420
0!
02
#7425
1!
12
#7426
0'
0&
01
1/
1-
1,
0+
1(
1)
#7430
0!
02
#7435
1!
12
#7440
0!
02
#7445
1!
12
#7446
1&
1#
11
0.
0-
1+
0*
0(
#7450
0!
02
#7455
1!
12
b10001111 4
#7460
0!
02
#7465
1!
12
#7466
1'
1%
1$
1-
1*
0)
#7470
0!
02
#7475
1!
12
bz 4
#7480
0!
02
#7485
1!
12
#7486
0'
0&
0%
0$
0/
0-
0+
0*
1)
#7490
0!
02
#7495
1!
12
bx 4
#7500
0!
02
#7505
1!
12
#7506
1'
1&
0#
01
00
1.
1-
1+
1(
#7510
0!
02
#7515
1!
12
bz 4
#7520
0!
02
#7525
1!
12
#7526
0&
1%
1$
0,
1*
#7530
0!
02
#7535
1!
12
#7540
0!
02
#7545
1!
12
#7546
0'
0$
1#
10
0.
0-
1,
0+
0*
0(
#7550
0!
02
#7555
1!
12
b10010101 4
#7560
0!
02
#7565
1!
12
#7566
1'
1$
00
1/
1*
#7570
0!
02
#7575
1!
12
b11010100 4
#7580
0!
02
#7585
1!
12
#7586
1&
0$
11
0/
1-
1+
#7590
0!
02
#7595
1!
12
b11 4
#7600
0!
02
#7605
1!
12
#7606
0&
1$
0#
01
1/
1.
0-
0,
1(
#7610
0!
02
#7615
1!
12
bz 4
#7620
0!
02
#7625
1!
12
#7626
0'
1&
0%
10
0/
1-
1,
0+
0(
0)
#7630
0!
02
#7635
1!
12
#7640
0!
02
#7645
1!
12
#7646
1'
0&
0$
1#
11
00
1/
0-
0*
1(
#7650
0!
02
#7655
1!
12
#7660
0!
02
#7665
1!
12
#7666
1&
0#
01
0/
0.
0,
1*
0(
#7670
0!
02
#7675
1!
12
#7680
0!
02
#7685
1!
12
#7686
0'
0&
1%
1$
1#
1/
1,
#7690
0!
02
#7695
1!
12
#7700
0!
02
#7705
1!
12
#7706
1'
0%
0$
0#
11
1-
1+
0*
#7710
0!
02
#7715
1!
12
#7720
0!
02
#7725
1!
12
#7726
1&
1%
1#
01
0/
0-
0+
1(
#7730
0!
02
#7735
1!
12
#7740
0!
02
#7745
1!
12
#7746
0'
1$
0#
10
1/
1*
1)
#7750
0!
02
#7755
1!
12
#7760
0!
02
#7765
1!
12
#7766
0&
1-
0)
#7770
0!
02
#7775
1!
12
#7780
0!
02
#7785
1!
12
#7786
1'
1&
1#
11
00
0/
0,
0*
1)
#7790
0!
02
#7795
1!
12
#7800
0!
02
#7805
1!
12
#7806
0'
0&
0#
01
10
0-
1,
#7810
0!
02
#7815
1!
12
#7820
0!
02
#7825
1!
12
#7826
1'
0$
1#
00
1/
1-
1+
1*
0(
0)
#7830
0!
02
#7835
1!
12
#7840
0!
02
#7845
1!
12
#7846
1&
1$
0#
0/
1.
0-
0,
0+
0*
1)
#7850
0!
02
#7855
1!
12
b11010101 4
#7860
0!
02
#7865
1!
12
#7866
0'
0&
0%
1#
1/
0.
1,
1+
1*
#7870
0!
02
#7875
1!
12
b11100001 4
#7880
0!
02
#7885
1!
12
#7886
1%
0#
11
10
0+
1(
#7890
0!
02
#7895
1!
12
bz 4
#7900
0!
02
#7905
1!
12
#7906
0$
1#
01
0/
1.
0,
0(
#7910
0!
02
#7915
1!
12
b10010101 4
#7920
0!
02
#7925
1!
12
#7926
1'
1&
1$
0#
11
0*
#7930
0!
02
#7935
1!
12
b11010101 4
#7940
0!
02
#7945
1!
12
#7946
0'
0&
1#
01
00
0.
1-
1*
#7950
0!
02
#7955
1!
12
b1100000 4
#7960
0!
02
#7965
1!
12
#7966
1'
1&
0%
0$
0#
11
10
1.
1+
0*
#7970
0!
02
#7975
1!
12
b10011001 4
#7980
0!
02
#7985
1!
12
#7986
0&
1$
1/
1,
0+
0)
#7990
0!
02
#7995
1!
12
bz 4
#8000
0!
02
#8005
1!
12
#8006
0'
0$
00
0/
0.
0-
1)
#8010
0!
02
#8015
1!
12
b111110 4
#8020
0!
02
#8025
1!
12
#8026
1'
1$
01
10
1*
1(
0)
#8030
0!
02
#8035
1!
12
bz 4
#8040
0!
02
#8045
1!
12
#8046
0'
1%
0$
1#
11
00
1/
0*
1)
#8050
0!
02
#8055
1!
12
#8060
0!
02
#8065
1!
12
#8066
1'
1&
0%
1$
01
10
1-
0,
#8070
0!
02
#8075
1!
12
#8080
0!
02
#8085
1!
12
#8086
0#
11
1.
1,
1*
0)
#8090
0!
02
#8095
1!
12
#8100
0!
02
#8105
1!
12
#8106
0'
0&
1%
0$
1#
0-
0,
0(
1)
#8110
0!
02
#8115
1!
12
b10010101 4
#8120
0!
02
#8125
1!
12
#8126
1'
0%
0#
00
1-
1+
0*
0)
#8130
0!
02
#8135
1!
12
bz 4
#8140
0!
02
#8145
1!
12
#8146
1&
1%
1$
10
0.
1,
1*
1(
#8150
0!
02
#8155
1!
12
#8160
0!
02
#8165
1!
12
#8166
0'
0$
1#
01
0/
0*
0(
1)
#8170
0!
02
#8175
1!
12
b1100110 4
#8180
0!
02
#8185
1!
12
#8186
11
1.
0-
1*
0)
#8190
0!
02
#8195
1!
12
bz 4
#8200
0!
02
#8205
1!
12
#8206
0%
0.
0*
1(
1)
#8210
0!
02
#8215
1!
12
#8220
0!
02
#8225
1!
12
#8226
0&
01
1/
1-
0+
#8230
0!
02
#8235
1!
12
#8240
0!
02
#8245
1!
12
#8246
1'
1$
0-
0,
1+
1*
0(
#8250
0!
02
#8255
1!
12
b10001010 4
#8260
0!
02
#8265
1!
12
#8266
1&
1%
0$
11
00
0/
0+
0*
1(
#8270
0!
02
#8275
1!
12
bz 4
#8280
0!
02
#8285
1!
12
#8286
0'
0&
1$
0#
01
1/
1.
1-
1+
0(
#8290
0!
02
#8295
1!
12
b10110110 4
#8300
0!
02
#8305
1!
12
#8306
1'
1#
0-
1(
#8310
0!
02
#8315
1!
12
bz 4
#8320
0!
02
#8325
1!
12
#8326
1&
0%
0$
0#
11
10
#8330
0!
02
#8335
1!
12
#8340
0!
02
#8345
1!
12
#8346
0'
1#
01
00
0.
0(
0)
#8350
0!
02
#8355
1!
12
#8360
0!
02
#8365
1!
12
#8366
0&
1%
1$
0#
10
0/
1.
1-
1,
1)
#8370
0!
02
#8375
1!
12
b10110110 4
#8380
0!
02
#8385
1!
12
#8386
1'
0%
1#
11
00
0+
1*
#8390
0!
02
#8395
1!
12
b10001010 4
#8400
0!
02
#8405
1!
12
#8406
1%
0#
01
10
1/
0.
0,
1(
#8410
0!
02
#8415
1!
12
bz 4
#8420
0!
02
#8425
1!
12
#8426
0'
0%
1#
0/
0-
1+
0(
#8430
0!
02
#8435
1!
12
b11100001 4
#8440
0!
02
#8445
1!
12
#8446
1&
1%
1/
0*
1(
0)
#8450
0!
02
#8455
1!
12
bz 4
#8460
0!
02
#8465
1!
12
#8466
1'
0$
0#
00
0/
1-
0+
1*
#8470
0!
02
#8475
1!
12
#8480
0!
02
#8485
1!
12
#8486
0'
0&
1$
1#
0-
1,
1+
0*
1)
#8490
0!
02
#8495
1!
12
#8500
0!
02
#8505
1!
12
#8506
1'
1&
0#
11
10
1.
0,
0+
#8510
0!
02
#8515
1!
12
#8520
0!
02
#8525
1!
12
#8526
0&
1#
1/
0.
1-
1,
1*
0(
#8530
0!
02
#8535
1!
12
b11010100 4
#8540
0!
02
#8545
1!
12
#8546
0'
0%
0#
01
0-
0*
1(
#8550
0!
02
#8555
1!
12
bz 4
#8560
0!
02
#8565
1!
12
#8566
1%
1#
00
1.
1-
1*
#8570
0!
02
#8575
1!
12
#8580
0!
02
#8585
1!
12
#8586
1'
1&
0%
0#
11
10
0.
0-
1+
0*
#8590
0!
02
#8595
1!
12
#8600
0!
02
#8605
1!
12
#8606
0'
0&
0$
01
0/
1.
0+
0)
#8610
0!
02
#8615
1!
12
#8620
0!
02
#8625
1!
12
#8626
1'
11
0.
1-
1*
0(
1)
#8630
0!
02
#8635
1!
12
b1100010 4
#8640
0!
02
#8645
1!
12
#8646
1$
01
1/
1.
#8650
0!
02
#8655
1!
12
b10100010 4
#8660
0!
02
#8665
1!
12
#8666
1&
1#
00
0.
0)
#8670
0!
02
#8675
1!
12
bz 4
#8680
0!
02
#8685
1!
12
#8686
0&
1%
0#
10
1.
1+
#8690
0!
02
#8695
1!
12
#8700
0!
02
#8705
1!
12
#8706
1&
0%
1#
00
0/
0.
0+
0*
1(
1)
#8710
0!
02
#8715
1!
12
#8720
0!
02
#8725
1!
12
#8726
0&
0$
1+
0(
#8730
0!
02
#8735
1!
12
b101101 4
#8740
0!
02
#8745
1!
12
#8746
1&
0#
1/
0+
1(
0)
#8750
0!
02
#8755
1!
12
bz 4
#8760
0!
02
#8765
1!
12
#8766
0'
1%
1$
11
10
0-
0,
1+
0(
#8770
0!
02
#8775
1!
12
#8780
0!
02
#8785
1!
12
#8786
1'
0&
0%
0$
00
1,
1*
1(
#8790
0!
02
#8795
1!
12
#8800
0!
02
#8805
1!
12
#8806
0'
1$
01
1-
0+
0*
#8810
0!
02
#8815
1!
12
#8820
0!
02
#8825
1!
12
#8826
1'
1%
11
10
1.
0-
0,
1+
1*
#8830
0!
02
#8835
1!
12
#8840
0!
02
#8845
1!
12
#8846
1#
0.
1,
1)
#8850
0!
02
#8855
1!
12
#8860
0!
02
#8865
1!
12
#8866
0'
0$
0#
1.
0+
0(
#8870
0!
02
#8875
1!
12
b10001101 4
#8880
0!
02
#8885
1!
12
#8886
1'
1&
1$
01
0/
1-
0,
#8890
0!
02
#8895
1!
12
b11110111 4
#8900
0!
02
#8905
1!
12
#8906
0'
0&
0%
0$
1#
0-
1+
0*
1(
0)
#8910
0!
02
#8915
1!
12
bz 4
#8920
0!
02
#8925
1!
12
#8926
1-
0+
1*
0(
1)
#8930
0!
02
#8935
1!
12
b1001010 4
#8940
0!
02
#8945
1!
12
#8946
1'
1%
0#
0-
1,
1+
0*
1(
0)
#8950
0!
02
#8955
1!
12
bz 4
#8960
0!
02
#8965
1!
12
#8966
0'
0%
11
00
0.
1-
0,
0+
0(
1)
#8970
0!
02
#8975
1!
12
b101010 4
#8980
0!
02
#8985
1!
12
#8986
1%
1$
1#
01
1/
1.
1+
1(
0)
#8990
0!
02
#8995
1!
12
bz 4
#9000
0!
02
#9005
1!
12
#9006
1&
0$
11
0/
0.
0-
0+
1)
#9010
0!
02
#9015
1!
12
#9020
0!
02
#9025
1!
12
#9026
1$
0#
10
1/
1.
1,
1+
1*
#9030
0!
02
#9035
1!
12
#9040
0!
02
#9045
1!
12
#9046
0&
0$
1#
0(
0)
#9050
0!
02
#9055
1!
12
#9060
0!
02
#9065
1!
12
#9066
1'
0#
01
00
0/
1-
0,
0*
#9070
0!
02
#9075
1!
12
#9080
0!
02
#9085
1!
12
#9086
1$
11
10
0.
0+
#9090
0!
02
#9095
1!
12
#9100
0!
02
#9105
1!
12
#9106
0'
1#
00
1/
1.
0-
1,
1+
1*
#9110
0!
02
#9115
1!
12
#9120
0!
02
#9125
1!
12
#9126
0%
0$
0#
01
0/
0.
0,
0+
1)
#9130
0!
02
#9135
1!
12
b101010 4
#9140
0!
02
#9145
1!
12
#9146
1&
1/
1.
1,
1+
0*
#9150
0!
02
#9155
1!
12
b111001 4
#9160
0!
02
#9165
1!
12
#9166
1'
1#
0,
1(
#9170
0!
02
#9175
1!
12
bz 4
#9180
0!
02
#9185
1!
12
#9186
0'
1$
0#
0.
1-
0(
#9190
0!
02
#9195
1!
12
b11111110 4
#9200
0!
02
#9205
1!
12
#9206
1#
0-
1*
#9210
0!
02
#9215
1!
12
b11110010 4
#9220
0!
02
#9225
1!
12
#9226
1%
0$
0#
1.
1-
1,
1(
#9230
0!
02
#9235
1!
12
bz 4
#9240
0!
02
#9245
1!
12
#9246
1#
0.
0,
0*
0)
#9250
0!
02
#9255
1!
12
#9260
0!
02
#9265
1!
12
#9266
0%
1$
0#
11
10
0-
1*
0(
1)
#9270
0!
02
#9275
1!
12
b11111110 4
#9280
0!
02
#9285
1!
12
#9286
1'
1%
0$
1#
01
00
0/
1.
1-
0+
#9290
0!
02
#9295
1!
12
b100000 4
#9300
0!
02
#9305
1!
12
#9306
0'
0&
0%
1$
11
10
1/
0.
1+
0)
#9310
0!
02
#9315
1!
12
bz 4
#9320
0!
02
#9325
1!
12
#9326
1'
0$
00
0-
1,
1(
1)
#9330
0!
02
#9335
1!
12
#9340
0!
02
#9345
1!
12
#9346
0'
0#
01
10
1.
1-
0,
0+
0(
0)
#9350
0!
02
#9355
1!
12
#9360
0!
02
#9365
1!
12
#9366
1'
1$
00
0/
1,
#9370
0!
02
#9375
1!
12
#9380
0!
02
#9385
1!
12
#9386
0'
0$
1#
11
0-
0,
1+
0*
1)
#9390
0!
02
#9395
1!
12
b1001010 4
#9400
0!
02
#9405
1!
12
#9406
1'
0#
01
10
0.
1-
1*
0)
#9410
0!
02
#9415
1!
12
bz 4
#9420
0!
02
#9425
1!
12
#9426
0'
1&
1%
1#
11
00
1/
1.
0+
1(
#9430
0!
02
#9435
1!
12
#9440
0!
02
#9445
1!
12
#9446
0%
0#
10
0/
0*
0(
#9450
0!
02
#9455
1!
12
#9460
0!
02
#9465
1!
12
#9466
0&
1%
1$
1#
1/
0.
0-
1+
1)
#9470
0!
02
#9475
1!
12
b1011100 4
#9480
0!
02
#9485
1!
12
#9486
1&
00
0/
1.
1-
1,
0+
1*
1(
0)
#9490
0!
02
#9495
1!
12
bz 4
#9500
0!
02
#9505
1!
12
#9506
0%
0$
0#
01
10
0-
0*
0(
#9510
0!
02
#9515
1!
12
#9520
0!
02
#9525
1!
12
#9526
1'
0&
1$
1#
11
00
0.
1-
1+
1*
1(
1)
#9530
0!
02
#9535
1!
12
#9540
0!
02
#9545
1!
12
#9546
0'
1&
0#
01
1/
1.
0,
#9550
0!
02
#9555
1!
12
#9560
0!
02
#9565
1!
12
#9566
0&
1%
0$
1#
11
10
0/
0.
0+
0(
#9570
0!
02
#9575
1!
12
b10010101 4
#9580
0!
02
#9585
1!
12
#9586
1'
0%
01
00
1/
1.
1,
1+
0*
1(
#9590
0!
02
#9595
1!
12
bz 4
#9600
0!
02
#9605
1!
12
#9606
1$
0#
0/
0.
1*
0(
#9610
0!
02
#9615
1!
12
b10100010 4
#9620
0!
02
#9625
1!
12
#9626
10
0,
0*
#9630
0!
02
#9635
1!
12
#9640
0!
02
#9645
1!
12
#9646
1&
1%
1#
1/
1.
1,
0+
1*
#9650
0!
02
#9655
1!
12
b11111111 4
#9660
0!
02
#9665
1!
12
#9666
0'
0$
0#
11
0/
0.
0-
1+
0*
1(
0)
#9670
0!
02
#9675
1!
12
bz 4
#9680
0!
02
#9685
1!
12
#9686
1'
0&
1$
1#
01
0,
0(
#9690
0!
02
#9695
1!
12
#9700
0!
02
#9705
1!
12
#9706
0%
0$
0#
11
00
1/
1,
0+
1(
1)
#9710
0!
02
#9715
1!
12
#9720
0!
02
#9725
1!
12
#9726
0'
1%
1$
01
1*
0(
#9730
0!
02
#9735
1!
12
b10110110 4
#9740
0!
02
#9745
1!
12
#9746
1&
0$
1#
11
10
0/
1.
1(
0)
#9750
0!
02
#9755
1!
12
bz 4
#9760
0!
02
#9765
1!
12
#9766
0&
0%
0,
1+
0*
#9770
0!
02
#9775
1!
12
#9780
0!
02
#9785
1!
12
#9786
1%
1$
0#
1/
1,
1)
#9790
0!
02
#9795
1!
12
#9800
0!
02
#9805
1!
12
#9806
0$
0.
1-
0,
0+
1*
0(
0)
#9810
0!
02
#9815
1!
12
#9820
0!
02
#9825
1!
12
#9826
1&
0%
0/
0-
1+
0*
1(
1)
#9830
0!
02
#9835
1!
12
#9840
0!
02
#9845
1!
12
#9846
1'
0&
1%
1$
1#
01
00
1/
1,
0(
0)
#9850
0!
02
#9855
1!
12
#9860
0!
02
#9865
1!
12
#9866
0'
1&
0%
0#
11
1-
0,
0+
1*
1)
#9870
0!
02
#9875
1!
12
b11111110 4
#9880
0!
02
#9885
1!
12
#9886
01
10
0/
1.
0-
1+
1(
#9890
0!
02
#9895
1!
12
bz 4
#9900
0!
02
#9905
1!
12
#9906
1'
1%
00
1/
1,
0*
0(
0)
#9910
0!
02
#9915
1!
12
#9920
0!
02
#9925
1!
12
#9926
0'
0$
1#
11
0/
0.
0,
1)
#9930
0!
02
#9935
1!
12
b10101011 4
#9940
0!
02
#9945
1!
12
#9946
1'
1$
01
10
1/
1-
1,
0+
1*
1(
#9950
0!
02
#9955
1!
12
bz 4
#9960
0!
02
#9965
1!
12
#9966
0&
0$
0#
11
0/
0,
1+
0(
#9970
0!
02
#9975
1!
12
b1101010 4
#9980
0!
02
#9985
1!
12
#9986
0'
1&
1$
00
1.
1,
0+
1(
#9990
0!
02
#9995
1!
12
bz 4
#10000
0!
02
#10005
1!
12
#10010
0!
02
#10015
1!
12
#10020
0!
02
#10025
1!
12
#10030
0!
02
#10035
1!
12
#10040
0!
02
#10045
1!
12
#10050
0!
02
#10055
1!
12
#10060
0!
02
#10065
1!
12
#10070
0!
02
#10075
1!
12
#10080
0!
02
#10085
1!
12
#10090
0!
02
#10095
1!
12
#10100
0!
02
#10105
1!
12
#10110
0!
02
#10115
1!
12
#10120
0!
02
#10125
1!
12
#10130
0!
02
#10135
1!
12
#10140
0!
02
#10145
1!
12
#10150
0!
02
#10155
1!
12
#10160
0!
02
#10165
1!
12
#10170
0!
02
#10175
1!
12
#10180
0!
02
#10185
1!
12
#10190
0!
02
#10195
1!
12
#10200
0!
02
#10205
1!
12
#10210
0!
02
#10215
1!
12
#10220
0!
02
#10225
1!
12
#10230
0!
02
#10235
1!
12
#10240
0!
02
#10245
1!
12
#10250
0!
02
#10255
1!
12
#10260
0!
02
#10265
1!
12
#10270
0!
02
#10275
1!
12
#10280
0!
02
#10285
1!
12
#10290
0!
02
#10295
1!
12
#10300
0!
02
#10305
1!
12
#10310
0!
02
#10315
1!
12
#10320
0!
02
#10325
1!
12
#10330
0!
02
#10335
1!
12
#10340
0!
02
#10345
1!
12
#10350
0!
02
#10355
1!
12
#10360
0!
02
#10365
1!
12
#10370
0!
02
#10375
1!
12
#10380
0!
02
#10385
1!
12
#10390
0!
02
#10395
1!
12
#10400
0!
02
#10405
1!
12
#10410
0!
02
#10415
1!
12
#10420
0!
02
#10425
1!
12
#10430
0!
02
#10435
1!
12
#10440
0!
02
#10445
1!
12
#10450
0!
02
#10455
1!
12
#10460
0!
02
#10465
1!
12
#10470
0!
02
#10475
1!
12
#10480
0!
02
#10485
1!
12
#10490
0!
02
#10495
1!
12
#10500
0!
02
#10505
1!
12
#10510
0!
02
#10515
1!
12
#10520
0!
02
#10525
1!
12
#10530
0!
02
#10535
1!
12
#10540
0!
02
#10545
1!
12
#10550
0!
02
#10555
1!
12
#10560
0!
02
#10565
1!
12
#10570
0!
02
#10575
1!
12
#10580
0!
02
#10585
1!
12
#10590
0!
02
#10595
1!
12
#10600
0!
02
#10605
1!
12
#10610
0!
02
#10615
1!
12
#10620
0!
02
#10625
1!
12
#10630
0!
02
#10635
1!
12
#10640
0!
02
#10645
1!
12
#10650
0!
02
#10655
1!
12
#10660
0!
02
#10665
1!
12
#10670
0!
02
#10675
1!
12
#10680
0!
02
#10685
1!
12
#10690
0!
02
#10695
1!
12
#10700
0!
02
#10705
1!
12
#10710
0!
02
#10715
1!
12
#10720
0!
02
#10725
1!
12
#10730
0!
02
#10735
1!
12
#10740
0!
02
#10745
1!
12
#10750
0!
02
#10755
1!
12
#10760
0!
02
#10765
1!
12
#10770
0!
02
#10775
1!
12
#10780
0!
02
#10785
1!
12
#10790
0!
02
#10795
1!
12
#10800
0!
02
#10805
1!
12
#10810
0!
02
#10815
1!
12
#10820
0!
02
#10825
1!
12
#10830
0!
02
#10835
1!
12
#10840
0!
02
#10845
1!
12
#10850
0!
02
#10855
1!
12
#10860
0!
02
#10865
1!
12
#10870
0!
02
#10875
1!
12
#10880
0!
02
#10885
1!
12
#10890
0!
02
#10895
1!
12
#10900
0!
02
#10905
1!
12
#10910
0!
02
#10915
1!
12
#10920
0!
02
#10925
1!
12
#10930
0!
02
#10935
1!
12
#10940
0!
02
#10945
1!
12
#10950
0!
02
#10955
1!
12
#10960
0!
02
#10965
1!
12
#10970
0!
02
#10975
1!
12
#10980
0!
02
#10985
1!
12
#10990
0!
02
#10995
1!
12
#11000
0!
02
#11005
1!
12
#11010
0!
02
#11015
1!
12
#11020
0!
02
#11025
1!
12
#11030
0!
02
#11035
1!
12
#11040
0!
02
#11045
1!
12
#11050
0!
02
#11055
1!
12
#11060
0!
02
#11065
1!
12
#11070
0!
02
#11075
1!
12
#11080
0!
02
#11085
1!
12
#11090
0!
02
#11095
1!
12
#11100
0!
02
#11105
1!
12
#11110
0!
02
#11115
1!
12
#11120
0!
02
#11125
1!
12
#11130
0!
02
#11135
1!
12
#11140
0!
02
#11145
1!
12
#11150
0!
02
#11155
1!
12
#11160
0!
02
#11165
1!
12
#11170
0!
02
#11175
1!
12
#11180
0!
02
#11185
1!
12
#11190
0!
02
#11195
1!
12
#11200
0!
02
#11205
1!
12
#11210
0!
02
#11215
1!
12
#11220
0!
02
#11225
1!
12
#11230
0!
02
#11235
1!
12
#11240
0!
02
#11245
1!
12
#11250
0!
02
#11255
1!
12
#11260
0!
02
#11265
1!
12
#11270
0!
02
#11275
1!
12
#11280
0!
02
#11285
1!
12
#11290
0!
02
#11295
1!
12
#11300
0!
02
#11305
1!
12
#11310
0!
02
#11315
1!
12
#11320
0!
02
#11325
1!
12
#11330
0!
02
#11335
1!
12
#11340
0!
02
#11345
1!
12
#11350
0!
02
#11355
1!
12
#11360
0!
02
#11365
1!
12
#11370
0!
02
#11375
1!
12
#11380
0!
02
#11385
1!
12
#11390
0!
02
#11395
1!
12
#11400
0!
02
#11405
1!
12
#11410
0!
02
#11415
1!
12
#11420
0!
02
#11425
1!
12
#11430
0!
02
#11435
1!
12
#11440
0!
02
#11445
1!
12
#11450
0!
02
#11455
1!
12
#11460
0!
02
#11465
1!
12
#11470
0!
02
#11475
1!
12
#11480
0!
02
#11485
1!
12
#11490
0!
02
#11495
1!
12
#11500
0!
02
#11505
1!
12
#11510
0!
02
#11515
1!
12
#11520
0!
02
#11525
1!
12
#11530
0!
02
#11535
1!
12
#11540
0!
02
#11545
1!
12
#11550
0!
02
#11555
1!
12
#11560
0!
02
#11565
1!
12
#11570
0!
02
#11575
1!
12
#11580
0!
02
#11585
1!
12
#11590
0!
02
#11595
1!
12
#11600
0!
02
#11605
1!
12
#11610
0!
02
#11615
1!
12
#11620
0!
02
#11625
1!
12
#11630
0!
02
#11635
1!
12
#11640
0!
02
#11645
1!
12
#11650
0!
02
#11655
1!
12
#11660
0!
02
#11665
1!
12
#11670
0!
02
#11675
1!
12
#11680
0!
02
#11685
1!
12
#11690
0!
02
#11695
1!
12
#11700
0!
02
#11705
1!
12
#11710
0!
02
#11715
1!
12
#11720
0!
02
#11725
1!
12
#11730
0!
02
#11735
1!
12
#11740
0!
02
#11745
1!
12
#11750
0!
02
#11755
1!
12
#11760
0!
02
#11765
1!
12
#11770
0!
02
#11775
1!
12
#11780
0!
02
#11785
1!
12
#11790
0!
02
#11795
1!
12
#11800
0!
02
#11805
1!
12
#11810
0!
02
#11815
1!
12
#11820
0!
02
#11825
1!
12
#11830
0!
02
#11835
1!
12
#11840
0!
02
#11845
1!
12
#11850
0!
02
#11855
1!
12
#11860
0!
02
#11865
1!
12
#11870
0!
02
#11875
1!
12
#11880
0!
02
#11885
1!
12
#11890
0!
02
#11895
1!
12
#11900
0!
02
#11905
1!
12
#11910
0!
02
#11915
1!
12
#11920
0!
02
#11925
1!
12
#11930
0!
02
#11935
1!
12
#11940
0!
02
#11945
1!
12
#11950
0!
02
#11955
1!
12
#11960
0!
02
#11965
1!
12
#11970
0!
02
#11975
1!
12
#11980
0!
02
#11985
1!
12
#11990
0!
02
#11995
1!
12
#12000
0!
02
#12005
1!
12
#12010
0!
02
#12015
1!
12
#12020
0!
02
#12025
1!
12
#12030
0!
02
#12035
1!
12
#12040
0!
02
#12045
1!
12
#12050
0!
02
#12055
1!
12
#12060
0!
02
#12065
1!
12
#12070
0!
02
#12075
1!
12
#12080
0!
02
#12085
1!
12
#12090
0!
02
#12095
1!
12
#12100
0!
02
#12105
1!
12
#12110
0!
02
#12115
1!
12
#12120
0!
02
#12125
1!
12
#12130
0!
02
#12135
1!
12
#12140
0!
02
#12145
1!
12
#12150
0!
02
#12155
1!
12
#12160
0!
02
#12165
1!
12
#12170
0!
02
#12175
1!
12
#12180
0!
02
#12185
1!
12
#12190
0!
02
#12195
1!
12
#12200
0!
02
#12205
1!
12
#12210
0!
02
#12215
1!
12
#12220
0!
02
#12225
1!
12
#12230
0!
02
#12235
1!
12
#12240
0!
02
#12245
1!
12
#12250
0!
02
#12255
1!
12
#12260
0!
02
#12265
1!
12
#12270
0!
02
#12275
1!
12
#12280
0!
02
#12285
1!
12
#12290
0!
02
#12295
1!
12
#12300
0!
02
#12305
1!
12
#12310
0!
02
#12315
1!
12
#12320
0!
02
#12325
1!
12
#12330
0!
02
#12335
1!
12
#12340
0!
02
#12345
1!
12
#12350
0!
02
#12355
1!
12
#12360
0!
02
#12365
1!
12
#12370
0!
02
#12375
1!
12
#12380
0!
02
#12385
1!
12
#12390
0!
02
#12395
1!
12
#12400
0!
02
#12405
1!
12
#12410
0!
02
#12415
1!
12
#12420
0!
02
#12425
1!
12
#12430
0!
02
#12435
1!
12
#12440
0!
02
#12445
1!
12
#12450
0!
02
#12455
1!
12
#12460
0!
02
#12465
1!
12
#12470
0!
02
#12475
1!
12
#12480
0!
02
#12485
1!
12
#12490
0!
02
#12495
1!
12
#12500
0!
02
#12505
1!
12
#12510
0!
02
#12515
1!
12
#12520
0!
02
#12525
1!
12
#12530
0!
02
#12535
1!
12
#12540
0!
02
#12545
1!
12
#12550
0!
02
#12555
1!
12
#12560
0!
02
#12565
1!
12
#12570
0!
02
#12575
1!
12
#12580
0!
02
#12585
1!
12
#12590
0!
02
#12595
1!
12
#12600
0!
02
#12605
1!
12
#12610
0!
02
#12615
1!
12
#12620
0!
02
#12625
1!
12
#12630
0!
02
#12635
1!
12
#12640
0!
02
#12645
1!
12
#12650
0!
02
#12655
1!
12
#12660
0!
02
#12665
1!
12
#12670
0!
02
#12675
1!
12
#12680
0!
02
#12685
1!
12
#12690
0!
02
#12695
1!
12
#12700
0!
02
#12705
1!
12
#12710
0!
02
#12715
1!
12
#12720
0!
02
#12725
1!
12
#12730
0!
02
#12735
1!
12
#12740
0!
02
#12745
1!
12
#12750
0!
02
#12755
1!
12
#12760
0!
02
#12765
1!
12
#12770
0!
02
#12775
1!
12
#12780
0!
02
#12785
1!
12
#12790
0!
02
#12795
1!
12
#12800
0!
02
#12805
1!
12
#12810
0!
02
#12815
1!
12
#12820
0!
02
#12825
1!
12
#12830
0!
02
#12835
1!
12
#12840
0!
02
#12845
1!
12
#12850
0!
02
#12855
1!
12
#12860
0!
02
#12865
1!
12
#12870
0!
02
#12875
1!
12
#12880
0!
02
#12885
1!
12
#12890
0!
02
#12895
1!
12
#12900
0!
02
#12905
1!
12
#12910
0!
02
#12915
1!
12
#12920
0!
02
#12925
1!
12
#12930
0!
02
#12935
1!
12
#12940
0!
02
#12945
1!
12
#12950
0!
02
#12955
1!
12
#12960
0!
02
#12965
1!
12
#12970
0!
02
#12975
1!
12
#12980
0!
02
#12985
1!
12
#12990
0!
02
#12995
1!
12
#13000
0!
02
#13005
1!
12
#13010
0!
02
#13015
1!
12
#13020
0!
02
#13025
1!
12
#13030
0!
02
#13035
1!
12
#13040
0!
02
#13045
1!
12
#13050
0!
02
#13055
1!
12
#13060
0!
02
#13065
1!
12
#13070
0!
02
#13075
1!
12
#13080
0!
02
#13085
1!
12
#13090
0!
02
#13095
1!
12
#13100
0!
02
#13105
1!
12
#13110
0!
02
#13115
1!
12
#13120
0!
02
#13125
1!
12
#13130
0!
02
#13135
1!
12
#13140
0!
02
#13145
1!
12
#13150
0!
02
#13155
1!
12
#13160
0!
02
#13165
1!
12
#13170
0!
02
#13175
1!
12
#13180
0!
02
#13185
1!
12
#13190
0!
02
#13195
1!
12
#13200
0!
02
#13205
1!
12
#13210
0!
02
#13215
1!
12
#13220
0!
02
#13225
1!
12
#13230
0!
02
#13235
1!
12
#13240
0!
02
#13245
1!
12
#13250
0!
02
#13255
1!
12
#13260
0!
02
#13265
1!
12
#13270
0!
02
#13275
1!
12
#13280
0!
02
#13285
1!
12
#13290
0!
02
#13295
1!
12
#13300
0!
02
#13305
1!
12
#13310
0!
02
#13315
1!
12
#13320
0!
02
#13325
1!
12
#13330
0!
02
#13335
1!
12
#13340
0!
02
#13345
1!
12
#13350
0!
02
#13355
1!
12
#13360
0!
02
#13365
1!
12
#13370
0!
02
#13375
1!
12
#13380
0!
02
#13385
1!
12
#13390
0!
02
#13395
1!
12
#13400
0!
02
#13405
1!
12
#13410
0!
02
#13415
1!
12
#13420
0!
02
#13425
1!
12
#13430
0!
02
#13435
1!
12
#13440
0!
02
#13445
1!
12
#13450
0!
02
#13455
1!
12
#13460
0!
02
#13465
1!
12
#13470
0!
02
#13475
1!
12
#13480
0!
02
#13485
1!
12
#13490
0!
02
#13495
1!
12
#13500
0!
02
#13505
1!
12
#13510
0!
02
#13515
1!
12
#13520
0!
02
#13525
1!
12
#13530
0!
02
#13535
1!
12
#13540
0!
02
#13545
1!
12
#13550
0!
02
#13555
1!
12
#13560
0!
02
#13565
1!
12
#13570
0!
02
#13575
1!
12
#13580
0!
02
#13585
1!
12
#13590
0!
02
#13595
1!
12
#13600
0!
02
#13605
1!
12
#13610
0!
02
#13615
1!
12
#13620
0!
02
#13625
1!
12
#13630
0!
02
#13635
1!
12
#13640
0!
02
#13645
1!
12
#13650
0!
02
#13655
1!
12
#13660
0!
02
#13665
1!
12
#13670
0!
02
#13675
1!
12
#13680
0!
02
#13685
1!
12
#13690
0!
02
#13695
1!
12
#13700
0!
02
#13705
1!
12
#13710
0!
02
#13715
1!
12
#13720
0!
02
#13725
1!
12
#13730
0!
02
#13735
1!
12
#13740
0!
02
#13745
1!
12
#13750
0!
02
#13755
1!
12
#13760
0!
02
#13765
1!
12
#13770
0!
02
#13775
1!
12
#13780
0!
02
#13785
1!
12
#13790
0!
02
#13795
1!
12
#13800
0!
02
#13805
1!
12
#13810
0!
02
#13815
1!
12
#13820
0!
02
#13825
1!
12
#13830
0!
02
#13835
1!
12
#13840
0!
02
#13845
1!
12
#13850
0!
02
#13855
1!
12
#13860
0!
02
#13865
1!
12
#13870
0!
02
#13875
1!
12
#13880
0!
02
#13885
1!
12
#13890
0!
02
#13895
1!
12
#13900
0!
02
#13905
1!
12
#13910
0!
02
#13915
1!
12
#13920
0!
02
#13925
1!
12
#13930
0!
02
#13935
1!
12
#13940
0!
02
#13945
1!
12
#13950
0!
02
#13955
1!
12
#13960
0!
02
#13965
1!
12
#13970
0!
02
#13975
1!
12
#13980
0!
02
#13985
1!
12
#13990
0!
02
#13995
1!
12
#14000
0!
02
#14005
1!
12
#14010
0!
02
#14015
1!
12
#14020
0!
02
#14025
1!
12
#14030
0!
02
#14035
1!
12
#14040
0!
02
#14045
1!
12
#14050
0!
02
#14055
1!
12
#14060
0!
02
#14065
1!
12
#14070
0!
02
#14075
1!
12
#14080
0!
02
#14085
1!
12
#14090
0!
02
#14095
1!
12
#14100
0!
02
#14105
1!
12
#14110
0!
02
#14115
1!
12
#14120
0!
02
#14125
1!
12
#14130
0!
02
#14135
1!
12
#14140
0!
02
#14145
1!
12
#14150
0!
02
#14155
1!
12
#14160
0!
02
#14165
1!
12
#14170
0!
02
#14175
1!
12
#14180
0!
02
#14185
1!
12
#14190
0!
02
#14195
1!
12
#14200
0!
02
#14205
1!
12
#14210
0!
02
#14215
1!
12
#14220
0!
02
#14225
1!
12
#14230
0!
02
#14235
1!
12
#14240
0!
02
#14245
1!
12
#14250
0!
02
#14255
1!
12
#14260
0!
02
#14265
1!
12
#14270
0!
02
#14275
1!
12
#14280
0!
02
#14285
1!
12
#14290
0!
02
#14295
1!
12
#14300
0!
02
#14305
1!
12
#14310
0!
02
#14315
1!
12
#14320
0!
02
#14325
1!
12
#14330
0!
02
#14335
1!
12
#14340
0!
02
#14345
1!
12
#14350
0!
02
#14355
1!
12
#14360
0!
02
#14365
1!
12
#14370
0!
02
#14375
1!
12
#14380
0!
02
#14385
1!
12
#14390
0!
02
#14395
1!
12
#14400
0!
02
#14405
1!
12
#14410
0!
02
#14415
1!
12
#14420
0!
02
#14425
1!
12
#14430
0!
02
#14435
1!
12
#14440
0!
02
#14445
1!
12
#14450
0!
02
#14455
1!
12
#14460
0!
02
#14465
1!
12
#14470
0!
02
#14475
1!
12
#14480
0!
02
#14485
1!
12
#14490
0!
02
#14495
1!
12
#14500
0!
02
#14505
1!
12
#14510
0!
02
#14515
1!
12
#14520
0!
02
#14525
1!
12
#14530
0!
02
#14535
1!
12
#14540
0!
02
#14545
1!
12
#14550
0!
02
#14555
1!
12
#14560
0!
02
#14565
1!
12
#14570
0!
02
#14575
1!
12
#14580
0!
02
#14585
1!
12
#14590
0!
02
#14595
1!
12
#14600
0!
02
#14605
1!
12
#14610
0!
02
#14615
1!
12
#14620
0!
02
#14625
1!
12
#14630
0!
02
#14635
1!
12
#14640
0!
02
#14645
1!
12
#14650
0!
02
#14655
1!
12
#14660
0!
02
#14665
1!
12
#14670
0!
02
#14675
1!
12
#14680
0!
02
#14685
1!
12
#14690
0!
02
#14695
1!
12
#14700
0!
02
#14705
1!
12
#14710
0!
02
#14715
1!
12
#14720
0!
02
#14725
1!
12
#14730
0!
02
#14735
1!
12
#14740
0!
02
#14745
1!
12
#14750
0!
02
#14755
1!
12
#14760
0!
02
#14765
1!
12
#14770
0!
02
#14775
1!
12
#14780
0!
02
#14785
1!
12
#14790
0!
02
#14795
1!
12
#14800
0!
02
#14805
1!
12
#14810
0!
02
#14815
1!
12
#14820
0!
02
#14825
1!
12
#14830
0!
02
#14835
1!
12
#14840
0!
02
#14845
1!
12
#14850
0!
02
#14855
1!
12
#14860
0!
02
#14865
1!
12
#14870
0!
02
#14875
1!
12
#14880
0!
02
#14885
1!
12
#14890
0!
02
#14895
1!
12
#14900
0!
02
#14905
1!
12
#14910
0!
02
#14915
1!
12
#14920
0!
02
#14925
1!
12
#14930
0!
02
#14935
1!
12
#14940
0!
02
#14945
1!
12
#14950
0!
02
#14955
1!
12
#14960
0!
02
#14965
1!
12
#14970
0!
02
#14975
1!
12
#14980
0!
02
#14985
1!
12
#14990
0!
02
#14995
1!
12
#15000
0!
02
#15005
1!
12
#15010
0!
02
#15015
1!
12
#15020
0!
02
#15025
1!
12
#15030
0!
02
#15035
1!
12
#15040
0!
02
#15045
1!
12
#15050
0!
02
#15055
1!
12
#15060
0!
02
#15065
1!
12
#15070
0!
02
#15075
1!
12
#15080
0!
02
#15085
1!
12
#15090
0!
02
#15095
1!
12
#15100
0!
02
#15105
1!
12
#15110
0!
02
#15115
1!
12
#15120
0!
02
#15125
1!
12
#15130
0!
02
#15135
1!
12
#15140
0!
02
#15145
1!
12
#15150
0!
02
#15155
1!
12
#15160
0!
02
#15165
1!
12
#15170
0!
02
#15175
1!
12
#15180
0!
02
#15185
1!
12
#15190
0!
02
#15195
1!
12
#15200
0!
02
#15205
1!
12
#15210
0!
02
#15215
1!
12
#15220
0!
02
#15225
1!
12
#15230
0!
02
#15235
1!
12
#15240
0!
02
#15245
1!
12
#15250
0!
02
#15255
1!
12
#15260
0!
02
#15265
1!
12
#15270
0!
02
#15275
1!
12
#15280
0!
02
#15285
1!
12
#15290
0!
02
#15295
1!
12
#15300
0!
02
#15305
1!
12
#15310
0!
02
#15315
1!
12
#15320
0!
02
#15325
1!
12
#15330
0!
02
#15335
1!
12
#15340
0!
02
#15345
1!
12
#15350
0!
02
#15355
1!
12
#15360
0!
02
#15365
1!
12
#15370
0!
02
#15375
1!
12
#15380
0!
02
#15385
1!
12
#15390
0!
02
#15395
1!
12
#15400
0!
02
#15405
1!
12
#15410
0!
02
#15415
1!
12
#15420
0!
02
#15425
1!
12
#15430
0!
02
#15435
1!
12
#15440
0!
02
#15445
1!
12
#15450
0!
02
#15455
1!
12
#15460
0!
02
#15465
1!
12
#15470
0!
02
#15475
1!
12
#15480
0!
02
#15485
1!
12
#15490
0!
02
#15495
1!
12
#15500
0!
02
#15505
1!
12
#15510
0!
02
#15515
1!
12
#15520
0!
02
#15525
1!
12
#15530
0!
02
#15535
1!
12
#15540
0!
02
#15545
1!
12
#15550
0!
02
#15555
1!
12
#15560
0!
02
#15565
1!
12
#15570
0!
02
#15575
1!
12
#15580
0!
02
#15585
1!
12
#15590
0!
02
#15595
1!
12
#15600
0!
02
#15605
1!
12
#15610
0!
02
#15615
1!
12
#15620
0!
02
#15625
1!
12
#15630
0!
02
#15635
1!
12
#15640
0!
02
#15645
1!
12
#15650
0!
02
#15655
1!
12
#15660
0!
02
#15665
1!
12
#15670
0!
02
#15675
1!
12
#15680
0!
02
#15685
1!
12
#15690
0!
02
#15695
1!
12
#15700
0!
02
#15705
1!
12
#15710
0!
02
#15715
1!
12
#15720
0!
02
#15725
1!
12
#15730
0!
02
#15735
1!
12
#15740
0!
02
#15745
1!
12
#15750
0!
02
#15755
1!
12
#15760
0!
02
#15765
1!
12
#15770
0!
02
#15775
1!
12
#15780
0!
02
#15785
1!
12
#15790
0!
02
#15795
1!
12
#15800
0!
02
#15805
1!
12
#15810
0!
02
#15815
1!
12
#15820
0!
02
#15825
1!
12
#15830
0!
02
#15835
1!
12
#15840
0!
02
#15845
1!
12
#15850
0!
02
#15855
1!
12
#15860
0!
02
#15865
1!
12
#15870
0!
02
#15875
1!
12
#15880
0!
02
#15885
1!
12
#15890
0!
02
#15895
1!
12
#15900
0!
02
#15905
1!
12
#15910
0!
02
#15915
1!
12
#15920
0!
02
#15925
1!
12
#15930
0!
02
#15935
1!
12
#15940
0!
02
#15945
1!
12
#15950
0!
02
#15955
1!
12
#15960
0!
02
#15965
1!
12
#15970
0!
02
#15975
1!
12
#15980
0!
02
#15985
1!
12
#15990
0!
02
#15995
1!
12
#16000
0!
02
#16005
1!
12
#16010
0!
02
#16015
1!
12
#16020
0!
02
#16025
1!
12
#16030
0!
02
#16035
1!
12
#16040
0!
02
#16045
1!
12
#16050
0!
02
#16055
1!
12
#16060
0!
02
#16065
1!
12
#16070
0!
02
#16075
1!
12
#16080
0!
02
#16085
1!
12
#16090
0!
02
#16095
1!
12
#16100
0!
02
#16105
1!
12
#16110
0!
02
#16115
1!
12
#16120
0!
02
#16125
1!
12
#16130
0!
02
#16135
1!
12
#16140
0!
02
#16145
1!
12
#16150
0!
02
#16155
1!
12
#16160
0!
02
#16165
1!
12
#16170
0!
02
#16175
1!
12
#16180
0!
02
#16185
1!
12
#16190
0!
02
#16195
1!
12
#16200
0!
02
#16205
1!
12
#16210
0!
02
#16215
1!
12
#16220
0!
02
#16225
1!
12
#16230
0!
02
#16235
1!
12
#16240
0!
02
#16245
1!
12
#16250
0!
02
#16255
1!
12
#16260
0!
02
#16265
1!
12
#16270
0!
02
#16275
1!
12
#16280
0!
02
#16285
1!
12
#16290
0!
02
#16295
1!
12
#16300
0!
02
#16305
1!
12
#16310
0!
02
#16315
1!
12
#16320
0!
02
#16325
1!
12
#16330
0!
02
#16335
1!
12
#16340
0!
02
#16345
1!
12
#16350
0!
02
#16355
1!
12
#16360
0!
02
#16365
1!
12
#16370
0!
02
#16375
1!
12
#16380
0!
02
#16385
1!
12
#16390
0!
02
#16395
1!
12
#16400
0!
02
#16405
1!
12
#16410
0!
02
#16415
1!
12
#16420
0!
02
#16425
1!
12
#16430
0!
02
#16435
1!
12
#16440
0!
02
#16445
1!
12
#16450
0!
02
#16455
1!
12
#16460
0!
02
#16465
1!
12
#16470
0!
02
#16475
1!
12
#16480
0!
02
#16485
1!
12
#16490
0!
02
#16495
1!
12
#16500
0!
02
#16505
1!
12
#16510
0!
02
#16515
1!
12
#16520
0!
02
#16525
1!
12
#16530
0!
02
#16535
1!
12
#16540
0!
02
#16545
1!
12
#16550
0!
02
#16555
1!
12
#16560
0!
02
#16565
1!
12
#16570
0!
02
#16575
1!
12
#16580
0!
02
#16585
1!
12
#16590
0!
02
#16595
1!
12
#16600
0!
02
#16605
1!
12
#16610
0!
02
#16615
1!
12
#16620
0!
02
#16625
1!
12
#16630
0!
02
#16635
1!
12
#16640
0!
02
#16645
1!
12
#16650
0!
02
#16655
1!
12
#16660
0!
02
#16665
1!
12
#16670
0!
02
#16675
1!
12
#16680
0!
02
#16685
1!
12
#16690
0!
02
#16695
1!
12
#16700
0!
02
#16705
1!
12
#16710
0!
02
#16715
1!
12
#16720
0!
02
#16725
1!
12
#16730
0!
02
#16735
1!
12
#16740
0!
02
#16745
1!
12
#16750
0!
02
#16755
1!
12
#16760
0!
02
#16765
1!
12
#16770
0!
02
#16775
1!
12
#16780
0!
02
#16785
1!
12
#16790
0!
02
#16795
1!
12
#16800
0!
02
#16805
1!
12
#16810
0!
02
#16815
1!
12
#16820
0!
02
#16825
1!
12
#16830
0!
02
#16835
1!
12
#16840
0!
02
#16845
1!
12
#16850
0!
02
#16855
1!
12
#16860
0!
02
#16865
1!
12
#16870
0!
02
#16875
1!
12
#16880
0!
02
#16885
1!
12
#16890
0!
02
#16895
1!
12
#16900
0!
02
#16905
1!
12
#16910
0!
02
#16915
1!
12
#16920
0!
02
#16925
1!
12
#16930
0!
02
#16935
1!
12
#16940
0!
02
#16945
1!
12
#16950
0!
02
#16955
1!
12
#16960
0!
02
#16965
1!
12
#16970
0!
02
#16975
1!
12
#16980
0!
02
#16985
1!
12
#16990
0!
02
#16995
1!
12
#17000
0!
02
#17005
1!
12
#17010
0!
02
#17015
1!
12
#17020
0!
02
#17025
1!
12
#17030
0!
02
#17035
1!
12
#17040
0!
02
#17045
1!
12
#17050
0!
02
#17055
1!
12
#17060
0!
02
#17065
1!
12
#17070
0!
02
#17075
1!
12
#17080
0!
02
#17085
1!
12
#17090
0!
02
#17095
1!
12
#17100
0!
02
#17105
1!
12
#17110
0!
02
#17115
1!
12
#17120
0!
02
#17125
1!
12
#17130
0!
02
#17135
1!
12
#17140
0!
02
#17145
1!
12
#17150
0!
02
#17155
1!
12
#17160
0!
02
#17165
1!
12
#17170
0!
02
#17175
1!
12
#17180
0!
02
#17185
1!
12
#17190
0!
02
#17195
1!
12
#17200
0!
02
#17205
1!
12
#17210
0!
02
#17215
1!
12
#17220
0!
02
#17225
1!
12
#17230
0!
02
#17235
1!
12
#17240
0!
02
#17245
1!
12
#17250
0!
02
#17255
1!
12
#17260
0!
02
#17265
1!
12
#17270
0!
02
#17275
1!
12
#17280
0!
02
#17285
1!
12
#17290
0!
02
#17295
1!
12
#17300
0!
02
#17305
1!
12
#17310
0!
02
#17315
1!
12
#17320
0!
02
#17325
1!
12
#17330
0!
02
#17335
1!
12
#17340
0!
02
#17345
1!
12
#17350
0!
02
#17355
1!
12
#17360
0!
02
#17365
1!
12
#17370
0!
02
#17375
1!
12
#17380
0!
02
#17385
1!
12
#17390
0!
02
#17395
1!
12
#17400
0!
02
#17405
1!
12
#17410
0!
02
#17415
1!
12
#17420
0!
02
#17425
1!
12
#17430
0!
02
#17435
1!
12
#17440
0!
02
#17445
1!
12
#17450
0!
02
#17455
1!
12
#17460
0!
02
#17465
1!
12
#17470
0!
02
#17475
1!
12
#17480
0!
02
#17485
1!
12
#17490
0!
02
#17495
1!
12
#17500
0!
02
#17505
1!
12
#17510
0!
02
#17515
1!
12
#17520
0!
02
#17525
1!
12
#17530
0!
02
#17535
1!
12
#17540
0!
02
#17545
1!
12
#17550
0!
02
#17555
1!
12
#17560
0!
02
#17565
1!
12
#17570
0!
02
#17575
1!
12
#17580
0!
02
#17585
1!
12
#17590
0!
02
#17595
1!
12
#17600
0!
02
#17605
1!
12
#17610
0!
02
#17615
1!
12
#17620
0!
02
#17625
1!
12
#17630
0!
02
#17635
1!
12
#17640
0!
02
#17645
1!
12
#17650
0!
02
#17655
1!
12
#17660
0!
02
#17665
1!
12
#17670
0!
02
#17675
1!
12
#17680
0!
02
#17685
1!
12
#17690
0!
02
#17695
1!
12
#17700
0!
02
#17705
1!
12
#17710
0!
02
#17715
1!
12
#17720
0!
02
#17725
1!
12
#17730
0!
02
#17735
1!
12
#17740
0!
02
#17745
1!
12
#17750
0!
02
#17755
1!
12
#17760
0!
02
#17765
1!
12
#17770
0!
02
#17775
1!
12
#17780
0!
02
#17785
1!
12
#17790
0!
02
#17795
1!
12
#17800
0!
02
#17805
1!
12
#17810
0!
02
#17815
1!
12
#17820
0!
02
#17825
1!
12
#17830
0!
02
#17835
1!
12
#17840
0!
02
#17845
1!
12
#17850
0!
02
#17855
1!
12
#17860
0!
02
#17865
1!
12
#17870
0!
02
#17875
1!
12
#17880
0!
02
#17885
1!
12
#17890
0!
02
#17895
1!
12
#17900
0!
02
#17905
1!
12
#17910
0!
02
#17915
1!
12
#17920
0!
02
#17925
1!
12
#17930
0!
02
#17935
1!
12
#17940
0!
02
#17945
1!
12
#17950
0!
02
#17955
1!
12
#17960
0!
02
#17965
1!
12
#17970
0!
02
#17975
1!
12
#17980
0!
02
#17985
1!
12
#17990
0!
02
#17995
1!
12
#18000
0!
02
#18005
1!
12
#18010
0!
02
#18015
1!
12
#18020
0!
02
#18025
1!
12
#18030
0!
02
#18035
1!
12
#18040
0!
02
#18045
1!
12
#18050
0!
02
#18055
1!
12
#18060
0!
02
#18065
1!
12
#18070
0!
02
#18075
1!
12
#18080
0!
02
#18085
1!
12
#18090
0!
02
#18095
1!
12
#18100
0!
02
#18105
1!
12
#18110
0!
02
#18115
1!
12
#18120
0!
02
#18125
1!
12
#18130
0!
02
#18135
1!
12
#18140
0!
02
#18145
1!
12
#18150
0!
02
#18155
1!
12
#18160
0!
02
#18165
1!
12
#18170
0!
02
#18175
1!
12
#18180
0!
02
#18185
1!
12
#18190
0!
02
#18195
1!
12
#18200
0!
02
#18205
1!
12
#18210
0!
02
#18215
1!
12
#18220
0!
02
#18225
1!
12
#18230
0!
02
#18235
1!
12
#18240
0!
02
#18245
1!
12
#18250
0!
02
#18255
1!
12
#18260
0!
02
#18265
1!
12
#18270
0!
02
#18275
1!
12
#18280
0!
02
#18285
1!
12
#18290
0!
02
#18295
1!
12
#18300
0!
02
#18305
1!
12
#18310
0!
02
#18315
1!
12
#18320
0!
02
#18325
1!
12
#18330
0!
02
#18335
1!
12
#18340
0!
02
#18345
1!
12
#18350
0!
02
#18355
1!
12
#18360
0!
02
#18365
1!
12
#18370
0!
02
#18375
1!
12
#18380
0!
02
#18385
1!
12
#18390
0!
02
#18395
1!
12
#18400
0!
02
#18405
1!
12
#18410
0!
02
#18415
1!
12
#18420
0!
02
#18425
1!
12
#18430
0!
02
#18435
1!
12
#18440
0!
02
#18445
1!
12
#18450
0!
02
#18455
1!
12
#18460
0!
02
#18465
1!
12
#18470
0!
02
#18475
1!
12
#18480
0!
02
#18485
1!
12
#18490
0!
02
#18495
1!
12
#18500
0!
02
#18505
1!
12
#18510
0!
02
#18515
1!
12
#18520
0!
02
#18525
1!
12
#18530
0!
02
#18535
1!
12
#18540
0!
02
#18545
1!
12
#18550
0!
02
#18555
1!
12
#18560
0!
02
#18565
1!
12
#18570
0!
02
#18575
1!
12
#18580
0!
02
#18585
1!
12
#18590
0!
02
#18595
1!
12
#18600
0!
02
#18605
1!
12
#18610
0!
02
#18615
1!
12
#18620
0!
02
#18625
1!
12
#18630
0!
02
#18635
1!
12
#18640
0!
02
#18645
1!
12
#18650
0!
02
#18655
1!
12
#18660
0!
02
#18665
1!
12
#18670
0!
02
#18675
1!
12
#18680
0!
02
#18685
1!
12
#18690
0!
02
#18695
1!
12
#18700
0!
02
#18705
1!
12
#18710
0!
02
#18715
1!
12
#18720
0!
02
#18725
1!
12
#18730
0!
02
#18735
1!
12
#18740
0!
02
#18745
1!
12
#18750
0!
02
#18755
1!
12
#18760
0!
02
#18765
1!
12
#18770
0!
02
#18775
1!
12
#18780
0!
02
#18785
1!
12
#18790
0!
02
#18795
1!
12
#18800
0!
02
#18805
1!
12
#18810
0!
02
#18815
1!
12
#18820
0!
02
#18825
1!
12
#18830
0!
02
#18835
1!
12
#18840
0!
02
#18845
1!
12
#18850
0!
02
#18855
1!
12
#18860
0!
02
#18865
1!
12
#18870
0!
02
#18875
1!
12
#18880
0!
02
#18885
1!
12
#18890
0!
02
#18895
1!
12
#18900
0!
02
#18905
1!
12
#18910
0!
02
#18915
1!
12
#18920
0!
02
#18925
1!
12
#18930
0!
02
#18935
1!
12
#18940
0!
02
#18945
1!
12
#18950
0!
02
#18955
1!
12
#18960
0!
02
#18965
1!
12
#18970
0!
02
#18975
1!
12
#18980
0!
02
#18985
1!
12
#18990
0!
02
#18995
1!
12
#19000
0!
02
#19005
1!
12
#19010
0!
02
#19015
1!
12
#19020
0!
02
#19025
1!
12
#19030
0!
02
#19035
1!
12
#19040
0!
02
#19045
1!
12
#19050
0!
02
#19055
1!
12
#19060
0!
02
#19065
1!
12
#19070
0!
02
#19075
1!
12
#19080
0!
02
#19085
1!
12
#19090
0!
02
#19095
1!
12
#19100
0!
02
#19105
1!
12
#19110
0!
02
#19115
1!
12
#19120
0!
02
#19125
1!
12
#19130
0!
02
#19135
1!
12
#19140
0!
02
#19145
1!
12
#19150
0!
02
#19155
1!
12
#19160
0!
02
#19165
1!
12
#19170
0!
02
#19175
1!
12
#19180
0!
02
#19185
1!
12
#19190
0!
02
#19195
1!
12
#19200
0!
02
#19205
1!
12
#19210
0!
02
#19215
1!
12
#19220
0!
02
#19225
1!
12
#19230
0!
02
#19235
1!
12
#19240
0!
02
#19245
1!
12
#19250
0!
02
#19255
1!
12
#19260
0!
02
#19265
1!
12
#19270
0!
02
#19275
1!
12
#19280
0!
02
#19285
1!
12
#19290
0!
02
#19295
1!
12
#19300
0!
02
#19305
1!
12
#19310
0!
02
#19315
1!
12
#19320
0!
02
#19325
1!
12
#19330
0!
02
#19335
1!
12
#19340
0!
02
#19345
1!
12
#19350
0!
02
#19355
1!
12
#19360
0!
02
#19365
1!
12
#19370
0!
02
#19375
1!
12
#19380
0!
02
#19385
1!
12
#19390
0!
02
#19395
1!
12
#19400
0!
02
#19405
1!
12
#19410
0!
02
#19415
1!
12
#19420
0!
02
#19425
1!
12
#19430
0!
02
#19435
1!
12
#19440
0!
02
#19445
1!
12
#19450
0!
02
#19455
1!
12
#19460
0!
02
#19465
1!
12
#19470
0!
02
#19475
1!
12
#19480
0!
02
#19485
1!
12
#19490
0!
02
#19495
1!
12
#19500
0!
02
#19505
1!
12
#19510
0!
02
#19515
1!
12
#19520
0!
02
#19525
1!
12
#19530
0!
02
#19535
1!
12
#19540
0!
02
#19545
1!
12
#19550
0!
02
#19555
1!
12
#19560
0!
02
#19565
1!
12
#19570
0!
02
#19575
1!
12
#19580
0!
02
#19585
1!
12
#19590
0!
02
#19595
1!
12
#19600
0!
02
#19605
1!
12
#19610
0!
02
#19615
1!
12
#19620
0!
02
#19625
1!
12
#19630
0!
02
#19635
1!
12
#19640
0!
02
#19645
1!
12
#19650
0!
02
#19655
1!
12
#19660
0!
02
#19665
1!
12
#19670
0!
02
#19675
1!
12
#19680
0!
02
#19685
1!
12
#19690
0!
02
#19695
1!
12
#19700
0!
02
#19705
1!
12
#19710
0!
02
#19715
1!
12
#19720
0!
02
#19725
1!
12
#19730
0!
02
#19735
1!
12
#19740
0!
02
#19745
1!
12
#19750
0!
02
#19755
1!
12
#19760
0!
02
#19765
1!
12
#19770
0!
02
#19775
1!
12
#19780
0!
02
#19785
1!
12
#19790
0!
02
#19795
1!
12
#19800
0!
02
#19805
1!
12
#19810
0!
02
#19815
1!
12
#19820
0!
02
#19825
1!
12
#19830
0!
02
#19835
1!
12
#19840
0!
02
#19845
1!
12
#19850
0!
02
#19855
1!
12
#19860
0!
02
#19865
1!
12
#19870
0!
02
#19875
1!
12
#19880
0!
02
#19885
1!
12
#19890
0!
02
#19895
1!
12
#19900
0!
02
#19905
1!
12
#19910
0!
02
#19915
1!
12
#19920
0!
02
#19925
1!
12
#19930
0!
02
#19935
1!
12
#19940
0!
02
#19945
1!
12
#19950
0!
02
#19955
1!
12
#19960
0!
02
#19965
1!
12
#19970
0!
02
#19975
1!
12
#19980
0!
02
#19985
1!
12
#19990
0!
02
#19995
1!
12
#20000
0!
02
#20005
1!
12
#20010
0!
02
#20015
1!
12
#20020
0!
02
#20025
1!
12
#20030
0!
02
#20035
1!
12
#20040
0!
02
#20045
1!
12
#20050
0!
02
#20055
1!
12
#20060
0!
02
#20065
1!
12
#20070
0!
02
#20075
1!
12
#20080
0!
02
#20085
1!
12
#20090
0!
02
#20095
1!
12
#20100
0!
02
#20105
1!
12
#20110
0!
02
#20115
1!
12
#20120
0!
02
#20125
1!
12
#20130
0!
02
#20135
1!
12
#20140
0!
02
#20145
1!
12
#20150
0!
02
#20155
1!
12
#20160
0!
02
#20165
1!
12
#20170
0!
02
#20175
1!
12
#20180
0!
02
#20185
1!
12
#20190
0!
02
#20195
1!
12
#20200
0!
02
#20205
1!
12
#20210
0!
02
#20215
1!
12
#20220
0!
02
#20225
1!
12
#20230
0!
02
#20235
1!
12
#20240
0!
02
#20245
1!
12
#20250
0!
02
#20255
1!
12
#20260
0!
02
#20265
1!
12
#20270
0!
02
#20275
1!
12
#20280
0!
02
#20285
1!
12
#20290
0!
02
#20295
1!
12
#20300
0!
02
#20305
1!
12
#20310
0!
02
#20315
1!
12
#20320
0!
02
#20325
1!
12
#20330
0!
02
#20335
1!
12
#20340
0!
02
#20345
1!
12
#20350
0!
02
#20355
1!
12
#20360
0!
02
#20365
1!
12
#20370
0!
02
#20375
1!
12
#20380
0!
02
#20385
1!
12
#20390
0!
02
#20395
1!
12
#20400
0!
02
#20405
1!
12
#20410
0!
02
#20415
1!
12
#20420
0!
02
#20425
1!
12
#20430
0!
02
#20435
1!
12
#20440
0!
02
#20445
1!
12
#20450
0!
02
#20455
1!
12
#20460
0!
02
#20465
1!
12
#20470
0!
02
#20475
1!
12
#20480
0!
02
#20485
1!
12
#20490
0!
02
#20495
1!
12
#20500
0!
02
#20505
1!
12
#20510
0!
02
#20515
1!
12
#20520
0!
02
#20525
1!
12
#20530
0!
02
#20535
1!
12
#20540
0!
02
#20545
1!
12
#20550
0!
02
#20555
1!
12
#20560
0!
02
#20565
1!
12
#20570
0!
02
#20575
1!
12
#20580
0!
02
#20585
1!
12
#20590
0!
02
#20595
1!
12
#20600
0!
02
#20605
1!
12
#20610
0!
02
#20615
1!
12
#20620
0!
02
#20625
1!
12
#20630
0!
02
#20635
1!
12
#20640
0!
02
#20645
1!
12
#20650
0!
02
#20655
1!
12
#20660
0!
02
#20665
1!
12
#20670
0!
02
#20675
1!
12
#20680
0!
02
#20685
1!
12
#20690
0!
02
#20695
1!
12
#20700
0!
02
#20705
1!
12
#20710
0!
02
#20715
1!
12
#20720
0!
02
#20725
1!
12
#20730
0!
02
#20735
1!
12
#20740
0!
02
#20745
1!
12
#20750
0!
02
#20755
1!
12
#20760
0!
02
#20765
1!
12
#20770
0!
02
#20775
1!
12
#20780
0!
02
#20785
1!
12
#20790
0!
02
#20795
1!
12
#20800
0!
02
#20805
1!
12
#20810
0!
02
#20815
1!
12
#20820
0!
02
#20825
1!
12
#20830
0!
02
#20835
1!
12
#20840
0!
02
#20845
1!
12
#20850
0!
02
#20855
1!
12
#20860
0!
02
#20865
1!
12
#20870
0!
02
#20875
1!
12
#20880
0!
02
#20885
1!
12
#20890
0!
02
#20895
1!
12
#20900
0!
02
#20905
1!
12
#20910
0!
02
#20915
1!
12
#20920
0!
02
#20925
1!
12
#20930
0!
02
#20935
1!
12
#20940
0!
02
#20945
1!
12
#20950
0!
02
#20955
1!
12
#20960
0!
02
#20965
1!
12
#20970
0!
02
#20975
1!
12
#20980
0!
02
#20985
1!
12
#20990
0!
02
#20995
1!
12
#21000
0!
02
#21005
1!
12
#21010
0!
02
#21015
1!
12
#21020
0!
02
#21025
1!
12
#21030
0!
02
#21035
1!
12
#21040
0!
02
#21045
1!
12
#21050
0!
02
#21055
1!
12
#21060
0!
02
#21065
1!
12
#21070
0!
02
#21075
1!
12
#21080
0!
02
#21085
1!
12
#21090
0!
02
#21095
1!
12
#21100
0!
02
#21105
1!
12
#21110
0!
02
#21115
1!
12
#21120
0!
02
#21125
1!
12
#21130
0!
02
#21135
1!
12
#21140
0!
02
#21145
1!
12
#21150
0!
02
#21155
1!
12
#21160
0!
02
#21165
1!
12
#21170
0!
02
#21175
1!
12
#21180
0!
02
#21185
1!
12
#21190
0!
02
#21195
1!
12
#21200
0!
02
#21205
1!
12
#21210
0!
02
#21215
1!
12
#21220
0!
02
#21225
1!
12
#21230
0!
02
#21235
1!
12
#21240
0!
02
#21245
1!
12
#21250
0!
02
#21255
1!
12
#21260
0!
02
#21265
1!
12
#21270
0!
02
#21275
1!
12
#21280
0!
02
#21285
1!
12
#21290
0!
02
#21295
1!
12
#21300
0!
02
#21305
1!
12
#21310
0!
02
#21315
1!
12
#21320
0!
02
#21325
1!
12
#21330
0!
02
#21335
1!
12
#21340
0!
02
#21345
1!
12
#21350
0!
02
#21355
1!
12
#21360
0!
02
#21365
1!
12
#21370
0!
02
#21375
1!
12
#21380
0!
02
#21385
1!
12
#21390
0!
02
#21395
1!
12
#21400
0!
02
#21405
1!
12
#21410
0!
02
#21415
1!
12
#21420
0!
02
#21425
1!
12
#21430
0!
02
#21435
1!
12
#21440
0!
02
#21445
1!
12
#21450
0!
02
#21455
1!
12
#21460
0!
02
#21465
1!
12
#21470
0!
02
#21475
1!
12
#21480
0!
02
#21485
1!
12
#21490
0!
02
#21495
1!
12
#21500
0!
02
#21505
1!
12
#21510
0!
02
#21515
1!
12
#21520
0!
02
#21525
1!
12
#21530
0!
02
#21535
1!
12
#21540
0!
02
#21545
1!
12
#21550
0!
02
#21555
1!
12
#21560
0!
02
#21565
1!
12
#21570
0!
02
#21575
1!
12
#21580
0!
02
#21585
1!
12
#21590
0!
02
#21595
1!
12
#21600
0!
02
#21605
1!
12
#21610
0!
02
#21615
1!
12
#21620
0!
02
#21625
1!
12
#21630
0!
02
#21635
1!
12
#21640
0!
02
#21645
1!
12
#21650
0!
02
#21655
1!
12
#21660
0!
02
#21665
1!
12
#21670
0!
02
#21675
1!
12
#21680
0!
02
#21685
1!
12
#21690
0!
02
#21695
1!
12
#21700
0!
02
#21705
1!
12
#21710
0!
02
#21715
1!
12
#21720
0!
02
#21725
1!
12
#21730
0!
02
#21735
1!
12
#21740
0!
02
#21745
1!
12
#21750
0!
02
#21755
1!
12
#21760
0!
02
#21765
1!
12
#21770
0!
02
#21775
1!
12
#21780
0!
02
#21785
1!
12
#21790
0!
02
#21795
1!
12
#21800
0!
02
#21805
1!
12
#21810
0!
02
#21815
1!
12
#21820
0!
02
#21825
1!
12
#21830
0!
02
#21835
1!
12
#21840
0!
02
#21845
1!
12
#21850
0!
02
#21855
1!
12
#21860
0!
02
#21865
1!
12
#21870
0!
02
#21875
1!
12
#21880
0!
02
#21885
1!
12
#21890
0!
02
#21895
1!
12
#21900
0!
02
#21905
1!
12
#21910
0!
02
#21915
1!
12
#21920
0!
02
#21925
1!
12
#21930
0!
02
#21935
1!
12
#21940
0!
02
#21945
1!
12
#21950
0!
02
#21955
1!
12
#21960
0!
02
#21965
1!
12
#21970
0!
02
#21975
1!
12
#21980
0!
02
#21985
1!
12
#21990
0!
02
#21995
1!
12
#22000
0!
02
#22005
1!
12
#22010
0!
02
#22015
1!
12
#22020
0!
02
#22025
1!
12
#22030
0!
02
#22035
1!
12
#22040
0!
02
#22045
1!
12
#22050
0!
02
#22055
1!
12
#22060
0!
02
#22065
1!
12
#22070
0!
02
#22075
1!
12
#22080
0!
02
#22085
1!
12
#22090
0!
02
#22095
1!
12
#22100
0!
02
#22105
1!
12
#22110
0!
02
#22115
1!
12
#22120
0!
02
#22125
1!
12
#22130
0!
02
#22135
1!
12
#22140
0!
02
#22145
1!
12
#22150
0!
02
#22155
1!
12
#22160
0!
02
#22165
1!
12
#22170
0!
02
#22175
1!
12
#22180
0!
02
#22185
1!
12
#22190
0!
02
#22195
1!
12
#22200
0!
02
#22205
1!
12
#22210
0!
02
#22215
1!
12
#22220
0!
02
#22225
1!
12
#22230
0!
02
#22235
1!
12
#22240
0!
02
#22245
1!
12
#22250
0!
02
#22255
1!
12
#22260
0!
02
#22265
1!
12
#22270
0!
02
#22275
1!
12
#22280
0!
02
#22285
1!
12
#22290
0!
02
#22295
1!
12
#22300
0!
02
#22305
1!
12
#22310
0!
02
#22315
1!
12
#22320
0!
02
#22325
1!
12
#22330
0!
02
#22335
1!
12
#22340
0!
02
#22345
1!
12
#22350
0!
02
#22355
1!
12
#22360
0!
02
#22365
1!
12
#22370
0!
02
#22375
1!
12
#22380
0!
02
#22385
1!
12
#22390
0!
02
#22395
1!
12
#22400
0!
02
#22405
1!
12
#22410
0!
02
#22415
1!
12
#22420
0!
02
#22425
1!
12
#22430
0!
02
#22435
1!
12
#22440
0!
02
#22445
1!
12
#22450
0!
02
#22455
1!
12
#22460
0!
02
#22465
1!
12
#22470
0!
02
#22475
1!
12
#22480
0!
02
#22485
1!
12
#22490
0!
02
#22495
1!
12
#22500
0!
02
#22505
1!
12
#22510
0!
02
#22515
1!
12
#22520
0!
02
#22525
1!
12
#22530
0!
02
#22535
1!
12
#22540
0!
02
#22545
1!
12
#22550
0!
02
#22555
1!
12
#22560
0!
02
#22565
1!
12
#22570
0!
02
#22575
1!
12
#22580
0!
02
#22585
1!
12
#22590
0!
02
#22595
1!
12
#22600
0!
02
#22605
1!
12
#22610
0!
02
#22615
1!
12
#22620
0!
02
#22625
1!
12
#22630
0!
02
#22635
1!
12
#22640
0!
02
#22645
1!
12
#22650
0!
02
#22655
1!
12
#22660
0!
02
#22665
1!
12
#22670
0!
02
#22675
1!
12
#22680
0!
02
#22685
1!
12
#22690
0!
02
#22695
1!
12
#22700
0!
02
#22705
1!
12
#22710
0!
02
#22715
1!
12
#22720
0!
02
#22725
1!
12
#22730
0!
02
#22735
1!
12
#22740
0!
02
#22745
1!
12
#22750
0!
02
#22755
1!
12
#22760
0!
02
#22765
1!
12
#22770
0!
02
#22775
1!
12
#22780
0!
02
#22785
1!
12
#22790
0!
02
#22795
1!
12
#22800
0!
02
#22805
1!
12
#22810
0!
02
#22815
1!
12
#22820
0!
02
#22825
1!
12
#22830
0!
02
#22835
1!
12
#22840
0!
02
#22845
1!
12
#22850
0!
02
#22855
1!
12
#22860
0!
02
#22865
1!
12
#22870
0!
02
#22875
1!
12
#22880
0!
02
#22885
1!
12
#22890
0!
02
#22895
1!
12
#22900
0!
02
#22905
1!
12
#22910
0!
02
#22915
1!
12
#22920
0!
02
#22925
1!
12
#22930
0!
02
#22935
1!
12
#22940
0!
02
#22945
1!
12
#22950
0!
02
#22955
1!
12
#22960
0!
02
#22965
1!
12
#22970
0!
02
#22975
1!
12
#22980
0!
02
#22985
1!
12
#22990
0!
02
#22995
1!
12
#23000
0!
02
#23005
1!
12
#23010
0!
02
#23015
1!
12
#23020
0!
02
#23025
1!
12
#23030
0!
02
#23035
1!
12
#23040
0!
02
#23045
1!
12
#23050
0!
02
#23055
1!
12
#23060
0!
02
#23065
1!
12
#23070
0!
02
#23075
1!
12
#23080
0!
02
#23085
1!
12
#23090
0!
02
#23095
1!
12
#23100
0!
02
#23105
1!
12
#23110
0!
02
#23115
1!
12
#23120
0!
02
#23125
1!
12
#23130
0!
02
#23135
1!
12
#23140
0!
02
#23145
1!
12
#23150
0!
02
#23155
1!
12
#23160
0!
02
#23165
1!
12
#23170
0!
02
#23175
1!
12
#23180
0!
02
#23185
1!
12
#23190
0!
02
#23195
1!
12
#23200
0!
02
#23205
1!
12
#23210
0!
02
#23215
1!
12
#23220
0!
02
#23225
1!
12
#23230
0!
02
#23235
1!
12
#23240
0!
02
#23245
1!
12
#23250
0!
02
#23255
1!
12
#23260
0!
02
#23265
1!
12
#23270
0!
02
#23275
1!
12
#23280
0!
02
#23285
1!
12
#23290
0!
02
#23295
1!
12
#23300
0!
02
#23305
1!
12
#23310
0!
02
#23315
1!
12
#23320
0!
02
#23325
1!
12
#23330
0!
02
#23335
1!
12
#23340
0!
02
#23345
1!
12
#23350
0!
02
#23355
1!
12
#23360
0!
02
#23365
1!
12
#23370
0!
02
#23375
1!
12
#23380
0!
02
#23385
1!
12
#23390
0!
02
#23395
1!
12
#23400
0!
02
#23405
1!
12
#23410
0!
02
#23415
1!
12
#23420
0!
02
#23425
1!
12
#23430
0!
02
#23435
1!
12
#23440
0!
02
#23445
1!
12
#23450
0!
02
#23455
1!
12
#23460
0!
02
#23465
1!
12
#23470
0!
02
#23475
1!
12
#23480
0!
02
#23485
1!
12
#23490
0!
02
#23495
1!
12
#23500
0!
02
#23505
1!
12
#23510
0!
02
#23515
1!
12
#23520
0!
02
#23525
1!
12
#23530
0!
02
#23535
1!
12
#23540
0!
02
#23545
1!
12
#23550
0!
02
#23555
1!
12
#23560
0!
02
#23565
1!
12
#23570
0!
02
#23575
1!
12
#23580
0!
02
#23585
1!
12
#23590
0!
02
#23595
1!
12
#23600
0!
02
#23605
1!
12
#23610
0!
02
#23615
1!
12
#23620
0!
02
#23625
1!
12
#23630
0!
02
#23635
1!
12
#23640
0!
02
#23645
1!
12
#23650
0!
02
#23655
1!
12
#23660
0!
02
#23665
1!
12
#23670
0!
02
#23675
1!
12
#23680
0!
02
#23685
1!
12
#23690
0!
02
#23695
1!
12
#23700
0!
02
#23705
1!
12
#23710
0!
02
#23715
1!
12
#23720
0!
02
#23725
1!
12
#23730
0!
02
#23735
1!
12
#23740
0!
02
#23745
1!
12
#23750
0!
02
#23755
1!
12
#23760
0!
02
#23765
1!
12
#23770
0!
02
#23775
1!
12
#23780
0!
02
#23785
1!
12
#23790
0!
02
#23795
1!
12
#23800
0!
02
#23805
1!
12
#23810
0!
02
#23815
1!
12
#23820
0!
02
#23825
1!
12
#23830
0!
02
#23835
1!
12
#23840
0!
02
#23845
1!
12
#23850
0!
02
#23855
1!
12
#23860
0!
02
#23865
1!
12
#23870
0!
02
#23875
1!
12
#23880
0!
02
#23885
1!
12
#23890
0!
02
#23895
1!
12
#23900
0!
02
#23905
1!
12
#23910
0!
02
#23915
1!
12
#23920
0!
02
#23925
1!
12
#23930
0!
02
#23935
1!
12
#23940
0!
02
#23945
1!
12
#23950
0!
02
#23955
1!
12
#23960
0!
02
#23965
1!
12
#23970
0!
02
#23975
1!
12
#23980
0!
02
#23985
1!
12
#23990
0!
02
#23995
1!
12
#24000
0!
02
#24005
1!
12
#24010
0!
02
#24015
1!
12
#24020
0!
02
#24025
1!
12
#24030
0!
02
#24035
1!
12
#24040
0!
02
#24045
1!
12
#24050
0!
02
#24055
1!
12
#24060
0!
02
#24065
1!
12
#24070
0!
02
#24075
1!
12
#24080
0!
02
#24085
1!
12
#24090
0!
02
#24095
1!
12
#24100
0!
02
#24105
1!
12
#24110
0!
02
#24115
1!
12
#24120
0!
02
#24125
1!
12
#24130
0!
02
#24135
1!
12
#24140
0!
02
#24145
1!
12
#24150
0!
02
#24155
1!
12
#24160
0!
02
#24165
1!
12
#24170
0!
02
#24175
1!
12
#24180
0!
02
#24185
1!
12
#24190
0!
02
#24195
1!
12
#24200
0!
02
#24205
1!
12
#24210
0!
02
#24215
1!
12
#24220
0!
02
#24225
1!
12
#24230
0!
02
#24235
1!
12
#24240
0!
02
#24245
1!
12
#24250
0!
02
#24255
1!
12
#24260
0!
02
#24265
1!
12
#24270
0!
02
#24275
1!
12
#24280
0!
02
#24285
1!
12
#24290
0!
02
#24295
1!
12
#24300
0!
02
#24305
1!
12
#24310
0!
02
#24315
1!
12
#24320
0!
02
#24325
1!
12
#24330
0!
02
#24335
1!
12
#24340
0!
02
#24345
1!
12
#24350
0!
02
#24355
1!
12
#24360
0!
02
#24365
1!
12
#24370
0!
02
#24375
1!
12
#24380
0!
02
#24385
1!
12
#24390
0!
02
#24395
1!
12
#24400
0!
02
#24405
1!
12
#24410
0!
02
#24415
1!
12
#24420
0!
02
#24425
1!
12
#24430
0!
02
#24435
1!
12
#24440
0!
02
#24445
1!
12
#24450
0!
02
#24455
1!
12
#24460
0!
02
#24465
1!
12
#24470
0!
02
#24475
1!
12
#24480
0!
02
#24485
1!
12
#24490
0!
02
#24495
1!
12
#24500
0!
02
#24505
1!
12
#24510
0!
02
#24515
1!
12
#24520
0!
02
#24525
1!
12
#24530
0!
02
#24535
1!
12
#24540
0!
02
#24545
1!
12
#24550
0!
02
#24555
1!
12
#24560
0!
02
#24565
1!
12
#24570
0!
02
#24575
1!
12
#24580
0!
02
#24585
1!
12
#24590
0!
02
#24595
1!
12
#24600
0!
02
#24605
1!
12
#24610
0!
02
#24615
1!
12
#24620
0!
02
#24625
1!
12
#24630
0!
02
#24635
1!
12
#24640
0!
02
#24645
1!
12
#24650
0!
02
#24655
1!
12
#24660
0!
02
#24665
1!
12
#24670
0!
02
#24675
1!
12
#24680
0!
02
#24685
1!
12
#24690
0!
02
#24695
1!
12
#24700
0!
02
#24705
1!
12
#24710
0!
02
#24715
1!
12
#24720
0!
02
#24725
1!
12
#24730
0!
02
#24735
1!
12
#24740
0!
02
#24745
1!
12
#24750
0!
02
#24755
1!
12
#24760
0!
02
#24765
1!
12
#24770
0!
02
#24775
1!
12
#24780
0!
02
#24785
1!
12
#24790
0!
02
#24795
1!
12
#24800
0!
02
#24805
1!
12
#24810
0!
02
#24815
1!
12
#24820
0!
02
#24825
1!
12
#24830
0!
02
#24835
1!
12
#24840
0!
02
#24845
1!
12
#24850
0!
02
#24855
1!
12
#24860
0!
02
#24865
1!
12
#24870
0!
02
#24875
1!
12
#24880
0!
02
#24885
1!
12
#24890
0!
02
#24895
1!
12
#24900
0!
02
#24905
1!
12
#24910
0!
02
#24915
1!
12
#24920
0!
02
#24925
1!
12
#24930
0!
02
#24935
1!
12
#24940
0!
02
#24945
1!
12
#24950
0!
02
#24955
1!
12
#24960
0!
02
#24965
1!
12
#24970
0!
02
#24975
1!
12
#24980
0!
02
#24985
1!
12
#24990
0!
02
#24995
1!
12
#25000
0!
02
#25005
1!
12
#25010
0!
02
#25015
1!
12
#25020
0!
02
#25025
1!
12
#25030
0!
02
#25035
1!
12
#25040
0!
02
#25045
1!
12
#25050
0!
02
#25055
1!
12
#25060
0!
02
#25065
1!
12
#25070
0!
02
#25075
1!
12
#25080
0!
02
#25085
1!
12
#25090
0!
02
#25095
1!
12
#25100
0!
02
#25105
1!
12
#25110
0!
02
#25115
1!
12
#25120
0!
02
#25125
1!
12
#25130
0!
02
#25135
1!
12
#25140
0!
02
#25145
1!
12
#25150
0!
02
#25155
1!
12
#25160
0!
02
#25165
1!
12
#25170
0!
02
#25175
1!
12
#25180
0!
02
#25185
1!
12
#25190
0!
02
#25195
1!
12
#25200
0!
02
#25205
1!
12
#25210
0!
02
#25215
1!
12
#25220
0!
02
#25225
1!
12
#25230
0!
02
#25235
1!
12
#25240
0!
02
#25245
1!
12
#25250
0!
02
#25255
1!
12
#25260
0!
02
#25265
1!
12
#25270
0!
02
#25275
1!
12
#25280
0!
02
#25285
1!
12
#25290
0!
02
#25295
1!
12
#25300
0!
02
#25305
1!
12
#25310
0!
02
#25315
1!
12
#25320
0!
02
#25325
1!
12
#25330
0!
02
#25335
1!
12
#25340
0!
02
#25345
1!
12
#25350
0!
02
#25355
1!
12
#25360
0!
02
#25365
1!
12
#25370
0!
02
#25375
1!
12
#25380
0!
02
#25385
1!
12
#25390
0!
02
#25395
1!
12
#25400
0!
02
#25405
1!
12
#25410
0!
02
#25415
1!
12
#25420
0!
02
#25425
1!
12
#25430
0!
02
#25435
1!
12
#25440
0!
02
#25445
1!
12
#25450
0!
02
#25455
1!
12
#25460
0!
02
#25465
1!
12
#25470
0!
02
#25475
1!
12
#25480
0!
02
#25485
1!
12
#25490
0!
02
#25495
1!
12
#25500
0!
02
#25505
1!
12
#25510
0!
02
#25515
1!
12
#25520
0!
02
#25525
1!
12
#25530
0!
02
#25535
1!
12
#25540
0!
02
#25545
1!
12
#25550
0!
02
#25555
1!
12
#25560
0!
02
#25565
1!
12
#25570
0!
02
#25575
1!
12
#25580
0!
02
#25585
1!
12
#25590
0!
02
#25595
1!
12
#25600
0!
02
#25605
1!
12
#25610
0!
02
#25615
1!
12
#25620
0!
02
#25625
1!
12
#25630
0!
02
#25635
1!
12
#25640
0!
02
#25645
1!
12
#25650
0!
02
#25655
1!
12
#25660
0!
02
#25665
1!
12
#25670
0!
02
#25675
1!
12
#25680
0!
02
#25685
1!
12
#25690
0!
02
#25695
1!
12
#25700
0!
02
#25705
1!
12
#25710
0!
02
#25715
1!
12
#25720
0!
02
#25725
1!
12
#25730
0!
02
#25735
1!
12
#25740
0!
02
#25745
1!
12
#25750
0!
02
#25755
1!
12
#25760
0!
02
#25765
1!
12
#25770
0!
02
#25775
1!
12
#25780
0!
02
#25785
1!
12
#25790
0!
02
#25795
1!
12
#25800
0!
02
#25805
1!
12
#25810
0!
02
#25815
1!
12
#25820
0!
02
#25825
1!
12
#25830
0!
02
#25835
1!
12
#25840
0!
02
#25845
1!
12
#25850
0!
02
#25855
1!
12
#25860
0!
02
#25865
1!
12
#25870
0!
02
#25875
1!
12
#25880
0!
02
#25885
1!
12
#25890
0!
02
#25895
1!
12
#25900
0!
02
#25905
1!
12
#25910
0!
02
#25915
1!
12
#25920
0!
02
#25925
1!
12
#25930
0!
02
#25935
1!
12
#25940
0!
02
#25945
1!
12
#25950
0!
02
#25955
1!
12
#25960
0!
02
#25965
1!
12
#25970
0!
02
#25975
1!
12
#25980
0!
02
#25985
1!
12
#25990
0!
02
#25995
1!
12
#26000
0!
02
#26005
1!
12
#26010
0!
02
#26015
1!
12
#26020
0!
02
#26025
1!
12
#26030
0!
02
#26035
1!
12
#26040
0!
02
#26045
1!
12
#26050
0!
02
#26055
1!
12
#26060
0!
02
#26065
1!
12
#26070
0!
02
#26075
1!
12
#26080
0!
02
#26085
1!
12
#26090
0!
02
#26095
1!
12
#26100
0!
02
#26105
1!
12
#26110
0!
02
#26115
1!
12
#26120
0!
02
#26125
1!
12
#26130
0!
02
#26135
1!
12
#26140
0!
02
#26145
1!
12
#26150
0!
02
#26155
1!
12
#26160
0!
02
#26165
1!
12
#26170
0!
02
#26175
1!
12
#26180
0!
02
#26185
1!
12
#26190
0!
02
#26195
1!
12
#26200
0!
02
#26205
1!
12
#26210
0!
02
#26215
1!
12
#26220
0!
02
#26225
1!
12
#26230
0!
02
#26235
1!
12
#26240
0!
02
#26245
1!
12
#26250
0!
02
#26255
1!
12
#26260
0!
02
#26265
1!
12
#26270
0!
02
#26275
1!
12
#26280
0!
02
#26285
1!
12
#26290
0!
02
#26295
1!
12
#26300
0!
02
#26305
1!
12
#26310
0!
02
#26315
1!
12
#26320
0!
02
#26325
1!
12
#26330
0!
02
#26335
1!
12
#26340
0!
02
#26345
1!
12
#26350
0!
02
#26355
1!
12
#26360
0!
02
#26365
1!
12
#26370
0!
02
#26375
1!
12
#26380
0!
02
#26385
1!
12
#26390
0!
02
#26395
1!
12
#26400
0!
02
#26405
1!
12
#26410
0!
02
#26415
1!
12
#26420
0!
02
#26425
1!
12
#26430
0!
02
#26435
1!
12
#26440
0!
02
#26445
1!
12
#26450
0!
02
#26455
1!
12
#26460
0!
02
#26465
1!
12
#26470
0!
02
#26475
1!
12
#26480
0!
02
#26485
1!
12
#26490
0!
02
#26495
1!
12
#26500
0!
02
#26505
1!
12
#26510
0!
02
#26515
1!
12
#26520
0!
02
#26525
1!
12
#26530
0!
02
#26535
1!
12
#26540
0!
02
#26545
1!
12
#26550
0!
02
#26555
1!
12
#26560
0!
02
#26565
1!
12
#26570
0!
02
#26575
1!
12
#26580
0!
02
#26585
1!
12
#26590
0!
02
#26595
1!
12
#26600
0!
02
#26605
1!
12
#26610
0!
02
#26615
1!
12
#26620
0!
02
#26625
1!
12
#26630
0!
02
#26635
1!
12
#26640
0!
02
#26645
1!
12
#26650
0!
02
#26655
1!
12
#26660
0!
02
#26665
1!
12
#26670
0!
02
#26675
1!
12
#26680
0!
02
#26685
1!
12
#26690
0!
02
#26695
1!
12
#26700
0!
02
#26705
1!
12
#26710
0!
02
#26715
1!
12
#26720
0!
02
#26725
1!
12
#26730
0!
02
#26735
1!
12
#26740
0!
02
#26745
1!
12
#26750
0!
02
#26755
1!
12
#26760
0!
02
#26765
1!
12
#26770
0!
02
#26775
1!
12
#26780
0!
02
#26785
1!
12
#26790
0!
02
#26795
1!
12
#26800
0!
02
#26805
1!
12
#26810
0!
02
#26815
1!
12
#26820
0!
02
#26825
1!
12
#26830
0!
02
#26835
1!
12
#26840
0!
02
#26845
1!
12
#26850
0!
02
#26855
1!
12
#26860
0!
02
#26865
1!
12
#26870
0!
02
#26875
1!
12
#26880
0!
02
#26885
1!
12
#26890
0!
02
#26895
1!
12
#26900
0!
02
#26905
1!
12
#26910
0!
02
#26915
1!
12
#26920
0!
02
#26925
1!
12
#26930
0!
02
#26935
1!
12
#26940
0!
02
#26945
1!
12
#26950
0!
02
#26955
1!
12
#26960
0!
02
#26965
1!
12
#26970
0!
02
#26975
1!
12
#26980
0!
02
#26985
1!
12
#26990
0!
02
#26995
1!
12
#27000
0!
02
#27005
1!
12
#27010
0!
02
#27015
1!
12
#27020
0!
02
#27025
1!
12
#27030
0!
02
#27035
1!
12
#27040
0!
02
#27045
1!
12
#27050
0!
02
#27055
1!
12
#27060
0!
02
#27065
1!
12
#27070
0!
02
#27075
1!
12
#27080
0!
02
#27085
1!
12
#27090
0!
02
#27095
1!
12
#27100
0!
02
#27105
1!
12
#27110
0!
02
#27115
1!
12
#27120
0!
02
#27125
1!
12
#27130
0!
02
#27135
1!
12
#27140
0!
02
#27145
1!
12
#27150
0!
02
#27155
1!
12
#27160
0!
02
#27165
1!
12
#27170
0!
02
#27175
1!
12
#27180
0!
02
#27185
1!
12
#27190
0!
02
#27195
1!
12
#27200
0!
02
#27205
1!
12
#27210
0!
02
#27215
1!
12
#27220
0!
02
#27225
1!
12
#27230
0!
02
#27235
1!
12
#27240
0!
02
#27245
1!
12
#27250
0!
02
#27255
1!
12
#27260
0!
02
#27265
1!
12
#27270
0!
02
#27275
1!
12
#27280
0!
02
#27285
1!
12
#27290
0!
02
#27295
1!
12
#27300
0!
02
#27305
1!
12
#27310
0!
02
#27315
1!
12
#27320
0!
02
#27325
1!
12
#27330
0!
02
#27335
1!
12
#27340
0!
02
#27345
1!
12
#27350
0!
02
#27355
1!
12
#27360
0!
02
#27365
1!
12
#27370
0!
02
#27375
1!
12
#27380
0!
02
#27385
1!
12
#27390
0!
02
#27395
1!
12
#27400
0!
02
#27405
1!
12
#27410
0!
02
#27415
1!
12
#27420
0!
02
#27425
1!
12
#27430
0!
02
#27435
1!
12
#27440
0!
02
#27445
1!
12
#27450
0!
02
#27455
1!
12
#27460
0!
02
#27465
1!
12
#27470
0!
02
#27475
1!
12
#27480
0!
02
#27485
1!
12
#27490
0!
02
#27495
1!
12
#27500
0!
02
#27505
1!
12
#27510
0!
02
#27515
1!
12
#27520
0!
02
#27525
1!
12
#27530
0!
02
#27535
1!
12
#27540
0!
02
#27545
1!
12
#27550
0!
02
#27555
1!
12
#27560
0!
02
#27565
1!
12
#27570
0!
02
#27575
1!
12
#27580
0!
02
#27585
1!
12
#27590
0!
02
#27595
1!
12
#27600
0!
02
#27605
1!
12
#27610
0!
02
#27615
1!
12
#27620
0!
02
#27625
1!
12
#27630
0!
02
#27635
1!
12
#27640
0!
02
#27645
1!
12
#27650
0!
02
#27655
1!
12
#27660
0!
02
#27665
1!
12
#27670
0!
02
#27675
1!
12
#27680
0!
02
#27685
1!
12
#27690
0!
02
#27695
1!
12
#27700
0!
02
#27705
1!
12
#27710
0!
02
#27715
1!
12
#27720
0!
02
#27725
1!
12
#27730
0!
02
#27735
1!
12
#27740
0!
02
#27745
1!
12
#27750
0!
02
#27755
1!
12
#27760
0!
02
#27765
1!
12
#27770
0!
02
#27775
1!
12
#27780
0!
02
#27785
1!
12
#27790
0!
02
#27795
1!
12
#27800
0!
02
#27805
1!
12
#27810
0!
02
#27815
1!
12
#27820
0!
02
#27825
1!
12
#27830
0!
02
#27835
1!
12
#27840
0!
02
#27845
1!
12
#27850
0!
02
#27855
1!
12
#27860
0!
02
#27865
1!
12
#27870
0!
02
#27875
1!
12
#27880
0!
02
#27885
1!
12
#27890
0!
02
#27895
1!
12
#27900
0!
02
#27905
1!
12
#27910
0!
02
#27915
1!
12
#27920
0!
02
#27925
1!
12
#27930
0!
02
#27935
1!
12
#27940
0!
02
#27945
1!
12
#27950
0!
02
#27955
1!
12
#27960
0!
02
#27965
1!
12
#27970
0!
02
#27975
1!
12
#27980
0!
02
#27985
1!
12
#27990
0!
02
#27995
1!
12
#28000
0!
02
#28005
1!
12
#28010
0!
02
#28015
1!
12
#28020
0!
02
#28025
1!
12
#28030
0!
02
#28035
1!
12
#28040
0!
02
#28045
1!
12
#28050
0!
02
#28055
1!
12
#28060
0!
02
#28065
1!
12
#28070
0!
02
#28075
1!
12
#28080
0!
02
#28085
1!
12
#28090
0!
02
#28095
1!
12
#28100
0!
02
#28105
1!
12
#28110
0!
02
#28115
1!
12
#28120
0!
02
#28125
1!
12
#28130
0!
02
#28135
1!
12
#28140
0!
02
#28145
1!
12
#28150
0!
02
#28155
1!
12
#28160
0!
02
#28165
1!
12
#28170
0!
02
#28175
1!
12
#28180
0!
02
#28185
1!
12
#28190
0!
02
#28195
1!
12
#28200
0!
02
#28205
1!
12
#28210
0!
02
#28215
1!
12
#28220
0!
02
#28225
1!
12
#28230
0!
02
#28235
1!
12
#28240
0!
02
#28245
1!
12
#28250
0!
02
#28255
1!
12
#28260
0!
02
#28265
1!
12
#28270
0!
02
#28275
1!
12
#28280
0!
02
#28285
1!
12
#28290
0!
02
#28295
1!
12
#28300
0!
02
#28305
1!
12
#28310
0!
02
#28315
1!
12
#28320
0!
02
#28325
1!
12
#28330
0!
02
#28335
1!
12
#28340
0!
02
#28345
1!
12
#28350
0!
02
#28355
1!
12
#28360
0!
02
#28365
1!
12
#28370
0!
02
#28375
1!
12
#28380
0!
02
#28385
1!
12
#28390
0!
02
#28395
1!
12
#28400
0!
02
#28405
1!
12
#28410
0!
02
#28415
1!
12
#28420
0!
02
#28425
1!
12
#28430
0!
02
#28435
1!
12
#28440
0!
02
#28445
1!
12
#28450
0!
02
#28455
1!
12
#28460
0!
02
#28465
1!
12
#28470
0!
02
#28475
1!
12
#28480
0!
02
#28485
1!
12
#28490
0!
02
#28495
1!
12
#28500
0!
02
#28505
1!
12
#28510
0!
02
#28515
1!
12
#28520
0!
02
#28525
1!
12
#28530
0!
02
#28535
1!
12
#28540
0!
02
#28545
1!
12
#28550
0!
02
#28555
1!
12
#28560
0!
02
#28565
1!
12
#28570
0!
02
#28575
1!
12
#28580
0!
02
#28585
1!
12
#28590
0!
02
#28595
1!
12
#28600
0!
02
#28605
1!
12
#28610
0!
02
#28615
1!
12
#28620
0!
02
#28625
1!
12
#28630
0!
02
#28635
1!
12
#28640
0!
02
#28645
1!
12
#28650
0!
02
#28655
1!
12
#28660
0!
02
#28665
1!
12
#28670
0!
02
#28675
1!
12
#28680
0!
02
#28685
1!
12
#28690
0!
02
#28695
1!
12
#28700
0!
02
#28705
1!
12
#28710
0!
02
#28715
1!
12
#28720
0!
02
#28725
1!
12
#28730
0!
02
#28735
1!
12
#28740
0!
02
#28745
1!
12
#28750
0!
02
#28755
1!
12
#28760
0!
02
#28765
1!
12
#28770
0!
02
#28775
1!
12
#28780
0!
02
#28785
1!
12
#28790
0!
02
#28795
1!
12
#28800
0!
02
#28805
1!
12
#28810
0!
02
#28815
1!
12
#28820
0!
02
#28825
1!
12
#28830
0!
02
#28835
1!
12
#28840
0!
02
#28845
1!
12
#28850
0!
02
#28855
1!
12
#28860
0!
02
#28865
1!
12
#28870
0!
02
#28875
1!
12
#28880
0!
02
#28885
1!
12
#28890
0!
02
#28895
1!
12
#28900
0!
02
#28905
1!
12
#28910
0!
02
#28915
1!
12
#28920
0!
02
#28925
1!
12
#28930
0!
02
#28935
1!
12
#28940
0!
02
#28945
1!
12
#28950
0!
02
#28955
1!
12
#28960
0!
02
#28965
1!
12
#28970
0!
02
#28975
1!
12
#28980
0!
02
#28985
1!
12
#28990
0!
02
#28995
1!
12
#29000
0!
02
#29005
1!
12
#29010
0!
02
#29015
1!
12
#29020
0!
02
#29025
1!
12
#29030
0!
02
#29035
1!
12
#29040
0!
02
#29045
1!
12
#29050
0!
02
#29055
1!
12
#29060
0!
02
#29065
1!
12
#29070
0!
02
#29075
1!
12
#29080
0!
02
#29085
1!
12
#29090
0!
02
#29095
1!
12
#29100
0!
02
#29105
1!
12
#29110
0!
02
#29115
1!
12
#29120
0!
02
#29125
1!
12
#29130
0!
02
#29135
1!
12
#29140
0!
02
#29145
1!
12
#29150
0!
02
#29155
1!
12
#29160
0!
02
#29165
1!
12
#29170
0!
02
#29175
1!
12
#29180
0!
02
#29185
1!
12
#29190
0!
02
#29195
1!
12
#29200
0!
02
#29205
1!
12
#29210
0!
02
#29215
1!
12
#29220
0!
02
#29225
1!
12
#29230
0!
02
#29235
1!
12
#29240
0!
02
#29245
1!
12
#29250
0!
02
#29255
1!
12
#29260
0!
02
#29265
1!
12
#29270
0!
02
#29275
1!
12
#29280
0!
02
#29285
1!
12
#29290
0!
02
#29295
1!
12
#29300
0!
02
#29305
1!
12
#29310
0!
02
#29315
1!
12
#29320
0!
02
#29325
1!
12
#29330
0!
02
#29335
1!
12
#29340
0!
02
#29345
1!
12
#29350
0!
02
#29355
1!
12
#29360
0!
02
#29365
1!
12
#29370
0!
02
#29375
1!
12
#29380
0!
02
#29385
1!
12
#29390
0!
02
#29395
1!
12
#29400
0!
02
#29405
1!
12
#29410
0!
02
#29415
1!
12
#29420
0!
02
#29425
1!
12
#29430
0!
02
#29435
1!
12
#29440
0!
02
#29445
1!
12
#29450
0!
02
#29455
1!
12
#29460
0!
02
#29465
1!
12
#29470
0!
02
#29475
1!
12
#29480
0!
02
#29485
1!
12
#29490
0!
02
#29495
1!
12
#29500
0!
02
#29505
1!
12
#29510
0!
02
#29515
1!
12
#29520
0!
02
#29525
1!
12
#29530
0!
02
#29535
1!
12
#29540
0!
02
#29545
1!
12
#29550
0!
02
#29555
1!
12
#29560
0!
02
#29565
1!
12
#29570
0!
02
#29575
1!
12
#29580
0!
02
#29585
1!
12
#29590
0!
02
#29595
1!
12
#29600
0!
02
#29605
1!
12
#29610
0!
02
#29615
1!
12
#29620
0!
02
#29625
1!
12
#29630
0!
02
#29635
1!
12
#29640
0!
02
#29645
1!
12
#29650
0!
02
#29655
1!
12
#29660
0!
02
#29665
1!
12
#29670
0!
02
#29675
1!
12
#29680
0!
02
#29685
1!
12
#29690
0!
02
#29695
1!
12
#29700
0!
02
#29705
1!
12
#29710
0!
02
#29715
1!
12
#29720
0!
02
#29725
1!
12
#29730
0!
02
#29735
1!
12
#29740
0!
02
#29745
1!
12
#29750
0!
02
#29755
1!
12
#29760
0!
02
#29765
1!
12
#29770
0!
02
#29775
1!
12
#29780
0!
02
#29785
1!
12
#29790
0!
02
#29795
1!
12
#29800
0!
02
#29805
1!
12
#29810
0!
02
#29815
1!
12
#29820
0!
02
#29825
1!
12
#29830
0!
02
#29835
1!
12
#29840
0!
02
#29845
1!
12
#29850
0!
02
#29855
1!
12
#29860
0!
02
#29865
1!
12
#29870
0!
02
#29875
1!
12
#29880
0!
02
#29885
1!
12
#29890
0!
02
#29895
1!
12
#29900
0!
02
#29905
1!
12
#29910
0!
02
#29915
1!
12
#29920
0!
02
#29925
1!
12
#29930
0!
02
#29935
1!
12
#29940
0!
02
#29945
1!
12
#29950
0!
02
#29955
1!
12
#29960
0!
02
#29965
1!
12
#29970
0!
02
#29975
1!
12
#29980
0!
02
#29985
1!
12
#29990
0!
02
#29995
1!
12
#30000
0!
02
#30005
1!
12
#30010
0!
02
#30015
1!
12
#30020
0!
02
#30025
1!
12
#30030
0!
02
#30035
1!
12
#30040
0!
02
#30045
1!
12
#30050
0!
02
#30055
1!
12
#30060
0!
02
#30065
1!
12
#30070
0!
02
#30075
1!
12
#30080
0!
02
#30085
1!
12
#30090
0!
02
#30095
1!
12
#30100
0!
02
#30105
1!
12
#30110
0!
02
#30115
1!
12
#30120
0!
02
#30125
1!
12
#30130
0!
02
#30135
1!
12
#30140
0!
02
#30145
1!
12
#30150
0!
02
#30155
1!
12
#30160
0!
02
#30165
1!
12
#30170
0!
02
#30175
1!
12
#30180
0!
02
#30185
1!
12
#30190
0!
02
#30195
1!
12
#30200
0!
02
#30205
1!
12
#30210
0!
02
#30215
1!
12
#30220
0!
02
#30225
1!
12
#30230
0!
02
#30235
1!
12
#30240
0!
02
#30245
1!
12
#30250
0!
02
#30255
1!
12
#30260
0!
02
#30265
1!
12
#30270
0!
02
#30275
1!
12
#30280
0!
02
#30285
1!
12
#30290
0!
02
#30295
1!
12
#30300
0!
02
#30305
1!
12
#30310
0!
02
#30315
1!
12
#30320
0!
02
#30325
1!
12
#30330
0!
02
#30335
1!
12
#30340
0!
02
#30345
1!
12
#30350
0!
02
#30355
1!
12
#30360
0!
02
#30365
1!
12
#30370
0!
02
#30375
1!
12
#30380
0!
02
#30385
1!
12
#30390
0!
02
#30395
1!
12
#30400
0!
02
#30405
1!
12
#30410
0!
02
#30415
1!
12
#30420
0!
02
#30425
1!
12
#30430
0!
02
#30435
1!
12
#30440
0!
02
#30445
1!
12
#30450
0!
02
#30455
1!
12
#30460
0!
02
#30465
1!
12
#30470
0!
02
#30475
1!
12
#30480
0!
02
#30485
1!
12
#30490
0!
02
#30495
1!
12
#30500
0!
02
#30505
1!
12
#30510
0!
02
#30515
1!
12
#30520
0!
02
#30525
1!
12
#30530
0!
02
#30535
1!
12
#30540
0!
02
#30545
1!
12
#30550
0!
02
#30555
1!
12
#30560
0!
02
#30565
1!
12
#30570
0!
02
#30575
1!
12
#30580
0!
02
#30585
1!
12
#30590
0!
02
#30595
1!
12
#30600
0!
02
#30605
1!
12
#30610
0!
02
#30615
1!
12
#30620
0!
02
#30625
1!
12
#30630
0!
02
#30635
1!
12
#30640
0!
02
#30645
1!
12
#30650
0!
02
#30655
1!
12
#30660
0!
02
#30665
1!
12
#30670
0!
02
#30675
1!
12
#30680
0!
02
#30685
1!
12
#30690
0!
02
#30695
1!
12
#30700
0!
02
#30705
1!
12
#30710
0!
02
#30715
1!
12
#30720
0!
02
#30725
1!
12
#30730
0!
02
#30735
1!
12
#30740
0!
02
#30745
1!
12
#30750
0!
02
#30755
1!
12
#30760
0!
02
#30765
1!
12
#30770
0!
02
#30775
1!
12
#30780
0!
02
#30785
1!
12
#30790
0!
02
#30795
1!
12
#30800
0!
02
#30805
1!
12
#30810
0!
02
#30815
1!
12
#30820
0!
02
#30825
1!
12
#30830
0!
02
#30835
1!
12
#30840
0!
02
#30845
1!
12
#30850
0!
02
#30855
1!
12
#30860
0!
02
#30865
1!
12
#30870
0!
02
#30875
1!
12
#30880
0!
02
#30885
1!
12
#30890
0!
02
#30895
1!
12
#30900
0!
02
#30905
1!
12
#30910
0!
02
#30915
1!
12
#30920
0!
02
#30925
1!
12
#30930
0!
02
#30935
1!
12
#30940
0!
02
#30945
1!
12
#30950
0!
02
#30955
1!
12
#30960
0!
02
#30965
1!
12
#30970
0!
02
#30975
1!
12
#30980
0!
02
#30985
1!
12
#30990
0!
02
#30995
1!
12
#31000
0!
02
#31005
1!
12
#31010
0!
02
#31015
1!
12
#31020
0!
02
#31025
1!
12
#31030
0!
02
#31035
1!
12
#31040
0!
02
#31045
1!
12
#31050
0!
02
#31055
1!
12
#31060
0!
02
#31065
1!
12
#31070
0!
02
#31075
1!
12
#31080
0!
02
#31085
1!
12
#31090
0!
02
#31095
1!
12
#31100
0!
02
#31105
1!
12
#31110
0!
02
#31115
1!
12
#31120
0!
02
#31125
1!
12
#31130
0!
02
#31135
1!
12
#31140
0!
02
#31145
1!
12
#31150
0!
02
#31155
1!
12
#31160
0!
02
#31165
1!
12
#31170
0!
02
#31175
1!
12
#31180
0!
02
#31185
1!
12
#31190
0!
02
#31195
1!
12
#31200
0!
02
#31205
1!
12
#31210
0!
02
#31215
1!
12
#31220
0!
02
#31225
1!
12
#31230
0!
02
#31235
1!
12
#31240
0!
02
#31245
1!
12
#31250
0!
02
#31255
1!
12
#31260
0!
02
#31265
1!
12
#31270
0!
02
#31275
1!
12
#31280
0!
02
#31285
1!
12
#31290
0!
02
#31295
1!
12
#31300
0!
02
#31305
1!
12
#31310
0!
02
#31315
1!
12
#31320
0!
02
#31325
1!
12
#31330
0!
02
#31335
1!
12
#31340
0!
02
#31345
1!
12
#31350
0!
02
#31355
1!
12
#31360
0!
02
#31365
1!
12
#31370
0!
02
#31375
1!
12
#31380
0!
02
#31385
1!
12
#31390
0!
02
#31395
1!
12
#31400
0!
02
#31405
1!
12
#31410
0!
02
#31415
1!
12
#31420
0!
02
#31425
1!
12
#31430
0!
02
#31435
1!
12
#31440
0!
02
#31445
1!
12
#31450
0!
02
#31455
1!
12
#31460
0!
02
#31465
1!
12
#31470
0!
02
#31475
1!
12
#31480
0!
02
#31485
1!
12
#31490
0!
02
#31495
1!
12
#31500
0!
02
#31505
1!
12
#31510
0!
02
#31515
1!
12
#31520
0!
02
#31525
1!
12
#31530
0!
02
#31535
1!
12
#31540
0!
02
#31545
1!
12
#31550
0!
02
#31555
1!
12
#31560
0!
02
#31565
1!
12
#31570
0!
02
#31575
1!
12
#31580
0!
02
#31585
1!
12
#31590
0!
02
#31595
1!
12
#31600
0!
02
#31605
1!
12
#31610
0!
02
#31615
1!
12
#31620
0!
02
#31625
1!
12
#31630
0!
02
#31635
1!
12
#31640
0!
02
#31645
1!
12
#31650
0!
02
#31655
1!
12
#31660
0!
02
#31665
1!
12
#31670
0!
02
#31675
1!
12
#31680
0!
02
#31685
1!
12
#31690
0!
02
#31695
1!
12
#31700
0!
02
#31705
1!
12
#31710
0!
02
#31715
1!
12
#31720
0!
02
#31725
1!
12
#31730
0!
02
#31735
1!
12
#31740
0!
02
#31745
1!
12
#31750
0!
02
#31755
1!
12
#31760
0!
02
#31765
1!
12
#31770
0!
02
#31775
1!
12
#31780
0!
02
#31785
1!
12
#31790
0!
02
#31795
1!
12
#31800
0!
02
#31805
1!
12
#31810
0!
02
#31815
1!
12
#31820
0!
02
#31825
1!
12
#31830
0!
02
#31835
1!
12
#31840
0!
02
#31845
1!
12
#31850
0!
02
#31855
1!
12
#31860
0!
02
#31865
1!
12
#31870
0!
02
#31875
1!
12
#31880
0!
02
#31885
1!
12
#31890
0!
02
#31895
1!
12
#31900
0!
02
#31905
1!
12
#31910
0!
02
#31915
1!
12
#31920
0!
02
#31925
1!
12
#31930
0!
02
#31935
1!
12
#31940
0!
02
#31945
1!
12
#31950
0!
02
#31955
1!
12
#31960
0!
02
#31965
1!
12
#31970
0!
02
#31975
1!
12
#31980
0!
02
#31985
1!
12
#31990
0!
02
#31995
1!
12
#32000
0!
02
#32005
1!
12
#32010
0!
02
#32015
1!
12
#32020
0!
02
#32025
1!
12
#32030
0!
02
#32035
1!
12
#32040
0!
02
#32045
1!
12
#32050
0!
02
#32055
1!
12
#32060
0!
02
#32065
1!
12
#32070
0!
02
#32075
1!
12
#32080
0!
02
#32085
1!
12
#32090
0!
02
#32095
1!
12
#32100
0!
02
#32105
1!
12
#32110
0!
02
#32115
1!
12
#32120
0!
02
#32125
1!
12
#32130
0!
02
#32135
1!
12
#32140
0!
02
#32145
1!
12
#32150
0!
02
#32155
1!
12
#32160
0!
02
#32165
1!
12
#32170
0!
02
#32175
1!
12
#32180
0!
02
#32185
1!
12
#32190
0!
02
#32195
1!
12
#32200
0!
02
#32205
1!
12
#32210
0!
02
#32215
1!
12
#32220
0!
02
#32225
1!
12
#32230
0!
02
#32235
1!
12
#32240
0!
02
#32245
1!
12
#32250
0!
02
#32255
1!
12
#32260
0!
02
#32265
1!
12
#32270
0!
02
#32275
1!
12
#32280
0!
02
#32285
1!
12
#32290
0!
02
#32295
1!
12
#32300
0!
02
#32305
1!
12
#32310
0!
02
#32315
1!
12
#32320
0!
02
#32325
1!
12
#32330
0!
02
#32335
1!
12
#32340
0!
02
#32345
1!
12
#32350
0!
02
#32355
1!
12
#32360
0!
02
#32365
1!
12
#32370
0!
02
#32375
1!
12
#32380
0!
02
#32385
1!
12
#32390
0!
02
#32395
1!
12
#32400
0!
02
#32405
1!
12
#32410
0!
02
#32415
1!
12
#32420
0!
02
#32425
1!
12
#32430
0!
02
#32435
1!
12
#32440
0!
02
#32445
1!
12
#32450
0!
02
#32455
1!
12
#32460
0!
02
#32465
1!
12
#32470
0!
02
#32475
1!
12
#32480
0!
02
#32485
1!
12
#32490
0!
02
#32495
1!
12
#32500
0!
02
#32505
1!
12
#32510
0!
02
#32515
1!
12
#32520
0!
02
#32525
1!
12
#32530
0!
02
#32535
1!
12
#32540
0!
02
#32545
1!
12
#32550
0!
02
#32555
1!
12
#32560
0!
02
#32565
1!
12
#32570
0!
02
#32575
1!
12
#32580
0!
02
#32585
1!
12
#32590
0!
02
#32595
1!
12
#32600
0!
02
#32605
1!
12
#32610
0!
02
#32615
1!
12
#32620
0!
02
#32625
1!
12
#32630
0!
02
#32635
1!
12
#32640
0!
02
#32645
1!
12
#32650
0!
02
#32655
1!
12
#32660
0!
02
#32665
1!
12
#32670
0!
02
#32675
1!
12
#32680
0!
02
#32685
1!
12
#32690
0!
02
#32695
1!
12
#32700
0!
02
#32705
1!
12
#32710
0!
02
#32715
1!
12
#32720
0!
02
#32725
1!
12
#32730
0!
02
#32735
1!
12
#32740
0!
02
#32745
1!
12
#32750
0!
02
#32755
1!
12
#32760
0!
02
#32765
1!
12
#32770
0!
02
#32775
1!
12
#32780
0!
02
#32785
1!
12
#32790
0!
02
#32795
1!
12
#32800
0!
02
#32805
1!
12
#32810
0!
02
#32815
1!
12
#32820
0!
02
#32825
1!
12
#32830
0!
02
#32835
1!
12
#32840
0!
02
#32845
1!
12
#32850
0!
02
#32855
1!
12
#32860
0!
02
#32865
1!
12
#32870
0!
02
#32875
1!
12
#32880
0!
02
#32885
1!
12
#32890
0!
02
#32895
1!
12
#32900
0!
02
#32905
1!
12
#32910
0!
02
#32915
1!
12
#32920
0!
02
#32925
1!
12
#32930
0!
02
#32935
1!
12
#32940
0!
02
#32945
1!
12
#32950
0!
02
#32955
1!
12
#32960
0!
02
#32965
1!
12
#32970
0!
02
#32975
1!
12
#32980
0!
02
#32985
1!
12
#32990
0!
02
#32995
1!
12
#33000
0!
02
#33005
1!
12
#33010
0!
02
#33015
1!
12
#33020
0!
02
#33025
1!
12
#33030
0!
02
#33035
1!
12
#33040
0!
02
#33045
1!
12
#33050
0!
02
#33055
1!
12
#33060
0!
02
#33065
1!
12
#33070
0!
02
#33075
1!
12
#33080
0!
02
#33085
1!
12
#33090
0!
02
#33095
1!
12
#33100
0!
02
#33105
1!
12
#33110
0!
02
#33115
1!
12
#33120
0!
02
#33125
1!
12
#33130
0!
02
#33135
1!
12
#33140
0!
02
#33145
1!
12
#33150
0!
02
#33155
1!
12
#33160
0!
02
#33165
1!
12
#33170
0!
02
#33175
1!
12
#33180
0!
02
#33185
1!
12
#33190
0!
02
#33195
1!
12
#33200
0!
02
#33205
1!
12
#33210
0!
02
#33215
1!
12
#33220
0!
02
#33225
1!
12
#33230
0!
02
#33235
1!
12
#33240
0!
02
#33245
1!
12
#33250
0!
02
#33255
1!
12
#33260
0!
02
#33265
1!
12
#33270
0!
02
#33275
1!
12
#33280
0!
02
#33285
1!
12
#33290
0!
02
#33295
1!
12
#33300
0!
02
#33305
1!
12
#33310
0!
02
#33315
1!
12
#33320
0!
02
#33325
1!
12
#33330
0!
02
#33335
1!
12
#33340
0!
02
#33345
1!
12
#33350
0!
02
#33355
1!
12
#33360
0!
02
#33365
1!
12
#33370
0!
02
#33375
1!
12
#33380
0!
02
#33385
1!
12
#33390
0!
02
#33395
1!
12
#33400
0!
02
#33405
1!
12
#33410
0!
02
#33415
1!
12
#33420
0!
02
#33425
1!
12
#33430
0!
02
#33435
1!
12
#33440
0!
02
#33445
1!
12
#33450
0!
02
#33455
1!
12
#33460
0!
02
#33465
1!
12
#33470
0!
02
#33475
1!
12
#33480
0!
02
#33485
1!
12
#33490
0!
02
#33495
1!
12
#33500
0!
02
#33505
1!
12
#33510
0!
02
#33515
1!
12
#33520
0!
02
#33525
1!
12
#33530
0!
02
#33535
1!
12
#33540
0!
02
#33545
1!
12
#33550
0!
02
#33555
1!
12
#33560
0!
02
#33565
1!
12
#33570
0!
02
#33575
1!
12
#33580
0!
02
#33585
1!
12
#33590
0!
02
#33595
1!
12
#33600
0!
02
#33605
1!
12
#33610
0!
02
#33615
1!
12
#33620
0!
02
#33625
1!
12
#33630
0!
02
#33635
1!
12
#33640
0!
02
#33645
1!
12
#33650
0!
02
#33655
1!
12
#33660
0!
02
#33665
1!
12
#33670
0!
02
#33675
1!
12
#33680
0!
02
#33685
1!
12
#33690
0!
02
#33695
1!
12
#33700
0!
02
#33705
1!
12
#33710
0!
02
#33715
1!
12
#33720
0!
02
#33725
1!
12
#33730
0!
02
#33735
1!
12
#33740
0!
02
#33745
1!
12
#33750
0!
02
#33755
1!
12
#33760
0!
02
#33765
1!
12
#33770
0!
02
#33775
1!
12
#33780
0!
02
#33785
1!
12
#33790
0!
02
#33795
1!
12
#33800
0!
02
#33805
1!
12
#33810
0!
02
#33815
1!
12
#33820
0!
02
#33825
1!
12
#33830
0!
02
#33835
1!
12
#33840
0!
02
#33845
1!
12
#33850
0!
02
#33855
1!
12
#33860
0!
02
#33865
1!
12
#33870
0!
02
#33875
1!
12
#33880
0!
02
#33885
1!
12
#33890
0!
02
#33895
1!
12
#33900
0!
02
#33905
1!
12
#33910
0!
02
#33915
1!
12
#33920
0!
02
#33925
1!
12
#33930
0!
02
#33935
1!
12
#33940
0!
02
#33945
1!
12
#33950
0!
02
#33955
1!
12
#33960
0!
02
#33965
1!
12
#33970
0!
02
#33975
1!
12
#33980
0!
02
#33985
1!
12
#33990
0!
02
#33995
1!
12
#34000
0!
02
#34005
1!
12
#34010
0!
02
#34015
1!
12
#34020
0!
02
#34025
1!
12
#34030
0!
02
#34035
1!
12
#34040
0!
02
#34045
1!
12
#34050
0!
02
#34055
1!
12
#34060
0!
02
#34065
1!
12
#34070
0!
02
#34075
1!
12
#34080
0!
02
#34085
1!
12
#34090
0!
02
#34095
1!
12
#34100
0!
02
#34105
1!
12
#34110
0!
02
#34115
1!
12
#34120
0!
02
#34125
1!
12
#34130
0!
02
#34135
1!
12
#34140
0!
02
#34145
1!
12
#34150
0!
02
#34155
1!
12
#34160
0!
02
#34165
1!
12
#34170
0!
02
#34175
1!
12
#34180
0!
02
#34185
1!
12
#34190
0!
02
#34195
1!
12
#34200
0!
02
#34205
1!
12
#34210
0!
02
#34215
1!
12
#34220
0!
02
#34225
1!
12
#34230
0!
02
#34235
1!
12
#34240
0!
02
#34245
1!
12
#34250
0!
02
#34255
1!
12
#34260
0!
02
#34265
1!
12
#34270
0!
02
#34275
1!
12
#34280
0!
02
#34285
1!
12
#34290
0!
02
#34295
1!
12
#34300
0!
02
#34305
1!
12
#34310
0!
02
#34315
1!
12
#34320
0!
02
#34325
1!
12
#34330
0!
02
#34335
1!
12
#34340
0!
02
#34345
1!
12
#34350
0!
02
#34355
1!
12
#34360
0!
02
#34365
1!
12
#34370
0!
02
#34375
1!
12
#34380
0!
02
#34385
1!
12
#34390
0!
02
#34395
1!
12
#34400
0!
02
#34405
1!
12
#34410
0!
02
#34415
1!
12
#34420
0!
02
#34425
1!
12
#34430
0!
02
#34435
1!
12
#34440
0!
02
#34445
1!
12
#34450
0!
02
#34455
1!
12
#34460
0!
02
#34465
1!
12
#34470
0!
02
#34475
1!
12
#34480
0!
02
#34485
1!
12
#34490
0!
02
#34495
1!
12
#34500
0!
02
#34505
1!
12
#34510
0!
02
#34515
1!
12
#34520
0!
02
#34525
1!
12
#34530
0!
02
#34535
1!
12
#34540
0!
02
#34545
1!
12
#34550
0!
02
#34555
1!
12
#34560
0!
02
#34565
1!
12
#34570
0!
02
#34575
1!
12
#34580
0!
02
#34585
1!
12
#34590
0!
02
#34595
1!
12
#34600
0!
02
#34605
1!
12
#34610
0!
02
#34615
1!
12
#34620
0!
02
#34625
1!
12
#34630
0!
02
#34635
1!
12
#34640
0!
02
#34645
1!
12
#34650
0!
02
#34655
1!
12
#34660
0!
02
#34665
1!
12
#34670
0!
02
#34675
1!
12
#34680
0!
02
#34685
1!
12
#34690
0!
02
#34695
1!
12
#34700
0!
02
#34705
1!
12
#34710
0!
02
#34715
1!
12
#34720
0!
02
#34725
1!
12
#34730
0!
02
#34735
1!
12
#34740
0!
02
#34745
1!
12
#34750
0!
02
#34755
1!
12
#34760
0!
02
#34765
1!
12
#34770
0!
02
#34775
1!
12
#34780
0!
02
#34785
1!
12
#34790
0!
02
#34795
1!
12
#34800
0!
02
#34805
1!
12
#34810
0!
02
#34815
1!
12
#34820
0!
02
#34825
1!
12
#34830
0!
02
#34835
1!
12
#34840
0!
02
#34845
1!
12
#34850
0!
02
#34855
1!
12
#34860
0!
02
#34865
1!
12
#34870
0!
02
#34875
1!
12
#34880
0!
02
#34885
1!
12
#34890
0!
02
#34895
1!
12
#34900
0!
02
#34905
1!
12
#34910
0!
02
#34915
1!
12
#34920
0!
02
#34925
1!
12
#34930
0!
02
#34935
1!
12
#34940
0!
02
#34945
1!
12
#34950
0!
02
#34955
1!
12
#34960
0!
02
#34965
1!
12
#34970
0!
02
#34975
1!
12
#34980
0!
02
#34985
1!
12
#34990
0!
02
#34995
1!
12
#35000
0!
02
#35005
1!
12
#35010
0!
02
#35015
1!
12
#35020
0!
02
#35025
1!
12
#35030
0!
02
#35035
1!
12
#35040
0!
02
#35045
1!
12
#35050
0!
02
#35055
1!
12
#35060
0!
02
#35065
1!
12
#35070
0!
02
#35075
1!
12
#35080
0!
02
#35085
1!
12
#35090
0!
02
#35095
1!
12
#35100
0!
02
#35105
1!
12
#35110
0!
02
#35115
1!
12
#35120
0!
02
#35125
1!
12
#35130
0!
02
#35135
1!
12
#35140
0!
02
#35145
1!
12
#35150
0!
02
#35155
1!
12
#35160
0!
02
#35165
1!
12
#35170
0!
02
#35175
1!
12
#35180
0!
02
#35185
1!
12
#35190
0!
02
#35195
1!
12
#35200
0!
02
#35205
1!
12
#35210
0!
02
#35215
1!
12
#35220
0!
02
#35225
1!
12
#35230
0!
02
#35235
1!
12
#35240
0!
02
#35245
1!
12
#35250
0!
02
#35255
1!
12
#35260
0!
02
#35265
1!
12
#35270
0!
02
#35275
1!
12
#35280
0!
02
#35285
1!
12
#35290
0!
02
#35295
1!
12
#35300
0!
02
#35305
1!
12
#35310
0!
02
#35315
1!
12
#35320
0!
02
#35325
1!
12
#35330
0!
02
#35335
1!
12
#35340
0!
02
#35345
1!
12
#35350
0!
02
#35355
1!
12
#35360
0!
02
#35365
1!
12
#35370
0!
02
#35375
1!
12
#35380
0!
02
#35385
1!
12
#35390
0!
02
#35395
1!
12
#35400
0!
02
#35405
1!
12
#35410
0!
02
#35415
1!
12
#35420
0!
02
#35425
1!
12
#35430
0!
02
#35435
1!
12
#35440
0!
02
#35445
1!
12
#35450
0!
02
#35455
1!
12
#35460
0!
02
#35465
1!
12
#35470
0!
02
#35475
1!
12
#35480
0!
02
#35485
1!
12
#35490
0!
02
#35495
1!
12
#35500
0!
02
#35505
1!
12
#35510
0!
02
#35515
1!
12
#35520
0!
02
#35525
1!
12
#35530
0!
02
#35535
1!
12
#35540
0!
02
#35545
1!
12
#35550
0!
02
#35555
1!
12
#35560
0!
02
#35565
1!
12
#35570
0!
02
#35575
1!
12
#35580
0!
02
#35585
1!
12
#35590
0!
02
#35595
1!
12
#35600
0!
02
#35605
1!
12
#35610
0!
02
#35615
1!
12
#35620
0!
02
#35625
1!
12
#35630
0!
02
#35635
1!
12
#35640
0!
02
#35645
1!
12
#35650
0!
02
#35655
1!
12
#35660
0!
02
#35665
1!
12
#35670
0!
02
#35675
1!
12
#35680
0!
02
#35685
1!
12
#35690
0!
02
#35695
1!
12
#35700
0!
02
#35705
1!
12
#35710
0!
02
#35715
1!
12
#35720
0!
02
#35725
1!
12
#35730
0!
02
#35735
1!
12
#35740
0!
02
#35745
1!
12
#35750
0!
02
#35755
1!
12
#35760
0!
02
#35765
1!
12
#35770
0!
02
#35775
1!
12
#35780
0!
02
#35785
1!
12
#35790
0!
02
#35795
1!
12
#35800
0!
02
#35805
1!
12
#35810
0!
02
#35815
1!
12
#35820
0!
02
#35825
1!
12
#35830
0!
02
#35835
1!
12
#35840
0!
02
#35845
1!
12
#35850
0!
02
#35855
1!
12
#35860
0!
02
#35865
1!
12
#35870
0!
02
#35875
1!
12
#35880
0!
02
#35885
1!
12
#35890
0!
02
#35895
1!
12
#35900
0!
02
#35905
1!
12
#35910
0!
02
#35915
1!
12
#35920
0!
02
#35925
1!
12
#35930
0!
02
#35935
1!
12
#35940
0!
02
#35945
1!
12
#35950
0!
02
#35955
1!
12
#35960
0!
02
#35965
1!
12
#35970
0!
02
#35975
1!
12
#35980
0!
02
#35985
1!
12
#35990
0!
02
#35995
1!
12
#36000
0!
02
#36005
1!
12
#36010
0!
02
#36015
1!
12
#36020
0!
02
#36025
1!
12
#36030
0!
02
#36035
1!
12
#36040
0!
02
#36045
1!
12
#36050
0!
02
#36055
1!
12
#36060
0!
02
#36065
1!
12
#36070
0!
02
#36075
1!
12
#36080
0!
02
#36085
1!
12
#36090
0!
02
#36095
1!
12
#36100
0!
02
#36105
1!
12
#36110
0!
02
#36115
1!
12
#36120
0!
02
#36125
1!
12
#36130
0!
02
#36135
1!
12
#36140
0!
02
#36145
1!
12
#36150
0!
02
#36155
1!
12
#36160
0!
02
#36165
1!
12
#36170
0!
02
#36175
1!
12
#36180
0!
02
#36185
1!
12
#36190
0!
02
#36195
1!
12
#36200
0!
02
#36205
1!
12
#36210
0!
02
#36215
1!
12
#36220
0!
02
#36225
1!
12
#36230
0!
02
#36235
1!
12
#36240
0!
02
#36245
1!
12
#36250
0!
02
#36255
1!
12
#36260
0!
02
#36265
1!
12
#36270
0!
02
#36275
1!
12
#36280
0!
02
#36285
1!
12
#36290
0!
02
#36295
1!
12
#36300
0!
02
#36305
1!
12
#36310
0!
02
#36315
1!
12
#36320
0!
02
#36325
1!
12
#36330
0!
02
#36335
1!
12
#36340
0!
02
#36345
1!
12
#36350
0!
02
#36355
1!
12
#36360
0!
02
#36365
1!
12
#36370
0!
02
#36375
1!
12
#36380
0!
02
#36385
1!
12
#36390
0!
02
#36395
1!
12
#36400
0!
02
#36405
1!
12
#36410
0!
02
#36415
1!
12
#36420
0!
02
#36425
1!
12
#36430
0!
02
#36435
1!
12
#36440
0!
02
#36445
1!
12
#36450
0!
02
#36455
1!
12
#36460
0!
02
#36465
1!
12
#36470
0!
02
#36475
1!
12
#36480
0!
02
#36485
1!
12
#36490
0!
02
#36495
1!
12
#36500
0!
02
#36505
1!
12
#36510
0!
02
#36515
1!
12
#36520
0!
02
#36525
1!
12
#36530
0!
02
#36535
1!
12
#36540
0!
02
#36545
1!
12
#36550
0!
02
#36555
1!
12
#36560
0!
02
#36565
1!
12
#36570
0!
02
#36575
1!
12
#36580
0!
02
#36585
1!
12
#36590
0!
02
#36595
1!
12
#36600
0!
02
#36605
1!
12
#36610
0!
02
#36615
1!
12
#36620
0!
02
#36625
1!
12
#36630
0!
02
#36635
1!
12
#36640
0!
02
#36645
1!
12
#36650
0!
02
#36655
1!
12
#36660
0!
02
#36665
1!
12
#36670
0!
02
#36675
1!
12
#36680
0!
02
#36685
1!
12
#36690
0!
02
#36695
1!
12
#36700
0!
02
#36705
1!
12
#36710
0!
02
#36715
1!
12
#36720
0!
02
#36725
1!
12
#36730
0!
02
#36735
1!
12
#36740
0!
02
#36745
1!
12
#36750
0!
02
#36755
1!
12
#36760
0!
02
#36765
1!
12
#36770
0!
02
#36775
1!
12
#36780
0!
02
#36785
1!
12
#36790
0!
02
#36795
1!
12
#36800
0!
02
#36805
1!
12
#36810
0!
02
#36815
1!
12
#36820
0!
02
#36825
1!
12
#36830
0!
02
#36835
1!
12
#36840
0!
02
#36845
1!
12
#36850
0!
02
#36855
1!
12
#36860
0!
02
#36865
1!
12
#36870
0!
02
#36875
1!
12
#36880
0!
02
#36885
1!
12
#36890
0!
02
#36895
1!
12
#36900
0!
02
#36905
1!
12
#36910
0!
02
#36915
1!
12
#36920
0!
02
#36925
1!
12
#36930
0!
02
#36935
1!
12
#36940
0!
02
#36945
1!
12
#36950
0!
02
#36955
1!
12
#36960
0!
02
#36965
1!
12
#36970
0!
02
#36975
1!
12
#36980
0!
02
#36985
1!
12
#36990
0!
02
#36995
1!
12
#37000
0!
02
#37005
1!
12
#37010
0!
02
#37015
1!
12
#37020
0!
02
#37025
1!
12
#37030
0!
02
#37035
1!
12
#37040
0!
02
#37045
1!
12
#37050
0!
02
#37055
1!
12
#37060
0!
02
#37065
1!
12
#37070
0!
02
#37075
1!
12
#37080
0!
02
#37085
1!
12
#37090
0!
02
#37095
1!
12
#37100
0!
02
#37105
1!
12
#37110
0!
02
#37115
1!
12
#37120
0!
02
#37125
1!
12
#37130
0!
02
#37135
1!
12
#37140
0!
02
#37145
1!
12
#37150
0!
02
#37155
1!
12
#37160
0!
02
#37165
1!
12
#37170
0!
02
#37175
1!
12
#37180
0!
02
#37185
1!
12
#37190
0!
02
#37195
1!
12
#37200
0!
02
#37205
1!
12
#37210
0!
02
#37215
1!
12
#37220
0!
02
#37225
1!
12
#37230
0!
02
#37235
1!
12
#37240
0!
02
#37245
1!
12
#37250
0!
02
#37255
1!
12
#37260
0!
02
#37265
1!
12
#37270
0!
02
#37275
1!
12
#37280
0!
02
#37285
1!
12
#37290
0!
02
#37295
1!
12
#37300
0!
02
#37305
1!
12
#37310
0!
02
#37315
1!
12
#37320
0!
02
#37325
1!
12
#37330
0!
02
#37335
1!
12
#37340
0!
02
#37345
1!
12
#37350
0!
02
#37355
1!
12
#37360
0!
02
#37365
1!
12
#37370
0!
02
#37375
1!
12
#37380
0!
02
#37385
1!
12
#37390
0!
02
#37395
1!
12
#37400
0!
02
#37405
1!
12
#37410
0!
02
#37415
1!
12
#37420
0!
02
#37425
1!
12
#37430
0!
02
#37435
1!
12
#37440
0!
02
#37445
1!
12
#37450
0!
02
#37455
1!
12
#37460
0!
02
#37465
1!
12
#37470
0!
02
#37475
1!
12
#37480
0!
02
#37485
1!
12
#37490
0!
02
#37495
1!
12
#37500
0!
02
#37505
1!
12
#37510
0!
02
#37515
1!
12
#37520
0!
02
#37525
1!
12
#37530
0!
02
#37535
1!
12
#37540
0!
02
#37545
1!
12
#37550
0!
02
#37555
1!
12
#37560
0!
02
#37565
1!
12
#37570
0!
02
#37575
1!
12
#37580
0!
02
#37585
1!
12
#37590
0!
02
#37595
1!
12
#37600
0!
02
#37605
1!
12
#37610
0!
02
#37615
1!
12
#37620
0!
02
#37625
1!
12
#37630
0!
02
#37635
1!
12
#37640
0!
02
#37645
1!
12
#37650
0!
02
#37655
1!
12
#37660
0!
02
#37665
1!
12
#37670
0!
02
#37675
1!
12
#37680
0!
02
#37685
1!
12
#37690
0!
02
#37695
1!
12
#37700
0!
02
#37705
1!
12
#37710
0!
02
#37715
1!
12
#37720
0!
02
#37725
1!
12
#37730
0!
02
#37735
1!
12
#37740
0!
02
#37745
1!
12
#37750
0!
02
#37755
1!
12
#37760
0!
02
#37765
1!
12
#37770
0!
02
#37775
1!
12
#37780
0!
02
#37785
1!
12
#37790
0!
02
#37795
1!
12
#37800
0!
02
#37805
1!
12
#37810
0!
02
#37815
1!
12
#37820
0!
02
#37825
1!
12
#37830
0!
02
#37835
1!
12
#37840
0!
02
#37845
1!
12
#37850
0!
02
#37855
1!
12
#37860
0!
02
#37865
1!
12
#37870
0!
02
#37875
1!
12
#37880
0!
02
#37885
1!
12
#37890
0!
02
#37895
1!
12
#37900
0!
02
#37905
1!
12
#37910
0!
02
#37915
1!
12
#37920
0!
02
#37925
1!
12
#37930
0!
02
#37935
1!
12
#37940
0!
02
#37945
1!
12
#37950
0!
02
#37955
1!
12
#37960
0!
02
#37965
1!
12
#37970
0!
02
#37975
1!
12
#37980
0!
02
#37985
1!
12
#37990
0!
02
#37995
1!
12
#38000
0!
02
#38005
1!
12
#38010
0!
02
#38015
1!
12
#38020
0!
02
#38025
1!
12
#38030
0!
02
#38035
1!
12
#38040
0!
02
#38045
1!
12
#38050
0!
02
#38055
1!
12
#38060
0!
02
#38065
1!
12
#38070
0!
02
#38075
1!
12
#38080
0!
02
#38085
1!
12
#38090
0!
02
#38095
1!
12
#38100
0!
02
#38105
1!
12
#38110
0!
02
#38115
1!
12
#38120
0!
02
#38125
1!
12
#38130
0!
02
#38135
1!
12
#38140
0!
02
#38145
1!
12
#38150
0!
02
#38155
1!
12
#38160
0!
02
#38165
1!
12
#38170
0!
02
#38175
1!
12
#38180
0!
02
#38185
1!
12
#38190
0!
02
#38195
1!
12
#38200
0!
02
#38205
1!
12
#38210
0!
02
#38215
1!
12
#38220
0!
02
#38225
1!
12
#38230
0!
02
#38235
1!
12
#38240
0!
02
#38245
1!
12
#38250
0!
02
#38255
1!
12
#38260
0!
02
#38265
1!
12
#38270
0!
02
#38275
1!
12
#38280
0!
02
#38285
1!
12
#38290
0!
02
#38295
1!
12
#38300
0!
02
#38305
1!
12
#38310
0!
02
#38315
1!
12
#38320
0!
02
#38325
1!
12
#38330
0!
02
#38335
1!
12
#38340
0!
02
#38345
1!
12
#38350
0!
02
#38355
1!
12
#38360
0!
02
#38365
1!
12
#38370
0!
02
#38375
1!
12
#38380
0!
02
#38385
1!
12
#38390
0!
02
#38395
1!
12
#38400
0!
02
#38405
1!
12
#38410
0!
02
#38415
1!
12
#38420
0!
02
#38425
1!
12
#38430
0!
02
#38435
1!
12
#38440
0!
02
#38445
1!
12
#38450
0!
02
#38455
1!
12
#38460
0!
02
#38465
1!
12
#38470
0!
02
#38475
1!
12
#38480
0!
02
#38485
1!
12
#38490
0!
02
#38495
1!
12
#38500
0!
02
#38505
1!
12
#38510
0!
02
#38515
1!
12
#38520
0!
02
#38525
1!
12
#38530
0!
02
#38535
1!
12
#38540
0!
02
#38545
1!
12
#38550
0!
02
#38555
1!
12
#38560
0!
02
#38565
1!
12
#38570
0!
02
#38575
1!
12
#38580
0!
02
#38585
1!
12
#38590
0!
02
#38595
1!
12
#38600
0!
02
#38605
1!
12
#38610
0!
02
#38615
1!
12
#38620
0!
02
#38625
1!
12
#38630
0!
02
#38635
1!
12
#38640
0!
02
#38645
1!
12
#38650
0!
02
#38655
1!
12
#38660
0!
02
#38665
1!
12
#38670
0!
02
#38675
1!
12
#38680
0!
02
#38685
1!
12
#38690
0!
02
#38695
1!
12
#38700
0!
02
#38705
1!
12
#38710
0!
02
#38715
1!
12
#38720
0!
02
#38725
1!
12
#38730
0!
02
#38735
1!
12
#38740
0!
02
#38745
1!
12
#38750
0!
02
#38755
1!
12
#38760
0!
02
#38765
1!
12
#38770
0!
02
#38775
1!
12
#38780
0!
02
#38785
1!
12
#38790
0!
02
#38795
1!
12
#38800
0!
02
#38805
1!
12
#38810
0!
02
#38815
1!
12
#38820
0!
02
#38825
1!
12
#38830
0!
02
#38835
1!
12
#38840
0!
02
#38845
1!
12
#38850
0!
02
#38855
1!
12
#38860
0!
02
#38865
1!
12
#38870
0!
02
#38875
1!
12
#38880
0!
02
#38885
1!
12
#38890
0!
02
#38895
1!
12
#38900
0!
02
#38905
1!
12
#38910
0!
02
#38915
1!
12
#38920
0!
02
#38925
1!
12
#38930
0!
02
#38935
1!
12
#38940
0!
02
#38945
1!
12
#38950
0!
02
#38955
1!
12
#38960
0!
02
#38965
1!
12
#38970
0!
02
#38975
1!
12
#38980
0!
02
#38985
1!
12
#38990
0!
02
#38995
1!
12
#39000
0!
02
#39005
1!
12
#39010
0!
02
#39015
1!
12
#39020
0!
02
#39025
1!
12
#39030
0!
02
#39035
1!
12
#39040
0!
02
#39045
1!
12
#39050
0!
02
#39055
1!
12
#39060
0!
02
#39065
1!
12
#39070
0!
02
#39075
1!
12
#39080
0!
02
#39085
1!
12
#39090
0!
02
#39095
1!
12
#39100
0!
02
#39105
1!
12
#39110
0!
02
#39115
1!
12
#39120
0!
02
#39125
1!
12
#39130
0!
02
#39135
1!
12
#39140
0!
02
#39145
1!
12
#39150
0!
02
#39155
1!
12
#39160
0!
02
#39165
1!
12
#39170
0!
02
#39175
1!
12
#39180
0!
02
#39185
1!
12
#39190
0!
02
#39195
1!
12
#39200
0!
02
#39205
1!
12
#39210
0!
02
#39215
1!
12
#39220
0!
02
#39225
1!
12
#39230
0!
02
#39235
1!
12
#39240
0!
02
#39245
1!
12
#39250
0!
02
#39255
1!
12
#39260
0!
02
#39265
1!
12
#39270
0!
02
#39275
1!
12
#39280
0!
02
#39285
1!
12
#39290
0!
02
#39295
1!
12
#39300
0!
02
#39305
1!
12
#39310
0!
02
#39315
1!
12
#39320
0!
02
#39325
1!
12
#39330
0!
02
#39335
1!
12
#39340
0!
02
#39345
1!
12
#39350
0!
02
#39355
1!
12
#39360
0!
02
#39365
1!
12
#39370
0!
02
#39375
1!
12
#39380
0!
02
#39385
1!
12
#39390
0!
02
#39395
1!
12
#39400
0!
02
#39405
1!
12
#39410
0!
02
#39415
1!
12
#39420
0!
02
#39425
1!
12
#39430
0!
02
#39435
1!
12
#39440
0!
02
#39445
1!
12
#39450
0!
02
#39455
1!
12
#39460
0!
02
#39465
1!
12
#39470
0!
02
#39475
1!
12
#39480
0!
02
#39485
1!
12
#39490
0!
02
#39495
1!
12
#39500
0!
02
#39505
1!
12
#39510
0!
02
#39515
1!
12
#39520
0!
02
#39525
1!
12
#39530
0!
02
#39535
1!
12
#39540
0!
02
#39545
1!
12
#39550
0!
02
#39555
1!
12
#39560
0!
02
#39565
1!
12
#39570
0!
02
#39575
1!
12
#39580
0!
02
#39585
1!
12
#39590
0!
02
#39595
1!
12
#39600
0!
02
#39605
1!
12
#39610
0!
02
#39615
1!
12
#39620
0!
02
#39625
1!
12
#39630
0!
02
#39635
1!
12
#39640
0!
02
#39645
1!
12
#39650
0!
02
#39655
1!
12
#39660
0!
02
#39665
1!
12
#39670
0!
02
#39675
1!
12
#39680
0!
02
#39685
1!
12
#39690
0!
02
#39695
1!
12
#39700
0!
02
#39705
1!
12
#39710
0!
02
#39715
1!
12
#39720
0!
02
#39725
1!
12
#39730
0!
02
#39735
1!
12
#39740
0!
02
#39745
1!
12
#39750
0!
02
#39755
1!
12
#39760
0!
02
#39765
1!
12
#39770
0!
02
#39775
1!
12
#39780
0!
02
#39785
1!
12
#39790
0!
02
#39795
1!
12
#39800
0!
02
#39805
1!
12
#39810
0!
02
#39815
1!
12
#39820
0!
02
#39825
1!
12
#39830
0!
02
#39835
1!
12
#39840
0!
02
#39845
1!
12
#39850
0!
02
#39855
1!
12
#39860
0!
02
#39865
1!
12
#39870
0!
02
#39875
1!
12
#39880
0!
02
#39885
1!
12
#39890
0!
02
#39895
1!
12
#39900
0!
02
#39905
1!
12
#39910
0!
02
#39915
1!
12
#39920
0!
02
#39925
1!
12
#39930
0!
02
#39935
1!
12
#39940
0!
02
#39945
1!
12
#39950
0!
02
#39955
1!
12
#39960
0!
02
#39965
1!
12
#39970
0!
02
#39975
1!
12
#39980
0!
02
#39985
1!
12
#39990
0!
02
#39995
1!
12
#40000
0!
02
#40005
1!
12
#40010
0!
02
#40015
1!
12
#40020
0!
02
#40025
1!
12
#40030
0!
02
#40035
1!
12
#40040
0!
02
#40045
1!
12
#40050
0!
02
#40055
1!
12
#40060
0!
02
#40065
1!
12
#40070
0!
02
#40075
1!
12
#40080
0!
02
#40085
1!
12
#40090
0!
02
#40095
1!
12
#40100
0!
02
#40105
1!
12
#40110
0!
02
#40115
1!
12
#40120
0!
02
#40125
1!
12
#40130
0!
02
#40135
1!
12
#40140
0!
02
#40145
1!
12
#40150
0!
02
#40155
1!
12
#40160
0!
02
#40165
1!
12
#40170
0!
02
#40175
1!
12
#40180
0!
02
#40185
1!
12
#40190
0!
02
#40195
1!
12
#40200
0!
02
#40205
1!
12
#40210
0!
02
#40215
1!
12
#40220
0!
02
#40225
1!
12
#40230
0!
02
#40235
1!
12
#40240
0!
02
#40245
1!
12
#40250
0!
02
#40255
1!
12
#40260
0!
02
#40265
1!
12
#40270
0!
02
#40275
1!
12
#40280
0!
02
#40285
1!
12
#40290
0!
02
#40295
1!
12
#40300
0!
02
#40305
1!
12
#40310
0!
02
#40315
1!
12
#40320
0!
02
#40325
1!
12
#40330
0!
02
#40335
1!
12
#40340
0!
02
#40345
1!
12
#40350
0!
02
#40355
1!
12
#40360
0!
02
#40365
1!
12
#40370
0!
02
#40375
1!
12
#40380
0!
02
#40385
1!
12
#40390
0!
02
#40395
1!
12
#40400
0!
02
#40405
1!
12
#40410
0!
02
#40415
1!
12
#40420
0!
02
#40425
1!
12
#40430
0!
02
#40435
1!
12
#40440
0!
02
#40445
1!
12
#40450
0!
02
#40455
1!
12
#40460
0!
02
#40465
1!
12
#40470
0!
02
#40475
1!
12
#40480
0!
02
#40485
1!
12
#40490
0!
02
#40495
1!
12
#40500
0!
02
#40505
1!
12
#40510
0!
02
#40515
1!
12
#40520
0!
02
#40525
1!
12
#40530
0!
02
#40535
1!
12
#40540
0!
02
#40545
1!
12
#40550
0!
02
#40555
1!
12
#40560
0!
02
#40565
1!
12
#40570
0!
02
#40575
1!
12
#40580
0!
02
#40585
1!
12
#40590
0!
02
#40595
1!
12
#40600
0!
02
#40605
1!
12
#40610
0!
02
#40615
1!
12
#40620
0!
02
#40625
1!
12
#40630
0!
02
#40635
1!
12
#40640
0!
02
#40645
1!
12
#40650
0!
02
#40655
1!
12
#40660
0!
02
#40665
1!
12
#40670
0!
02
#40675
1!
12
#40680
0!
02
#40685
1!
12
#40690
0!
02
#40695
1!
12
#40700
0!
02
#40705
1!
12
#40710
0!
02
#40715
1!
12
#40720
0!
02
#40725
1!
12
#40730
0!
02
#40735
1!
12
#40740
0!
02
#40745
1!
12
#40750
0!
02
#40755
1!
12
#40760
0!
02
#40765
1!
12
#40770
0!
02
#40775
1!
12
#40780
0!
02
#40785
1!
12
#40790
0!
02
#40795
1!
12
#40800
0!
02
#40805
1!
12
#40810
0!
02
#40815
1!
12
#40820
0!
02
#40825
1!
12
#40830
0!
02
#40835
1!
12
#40840
0!
02
#40845
1!
12
#40850
0!
02
#40855
1!
12
#40860
0!
02
#40865
1!
12
#40870
0!
02
#40875
1!
12
#40880
0!
02
#40885
1!
12
#40890
0!
02
#40895
1!
12
#40900
0!
02
#40905
1!
12
#40910
0!
02
#40915
1!
12
#40920
0!
02
#40925
1!
12
#40930
0!
02
#40935
1!
12
#40940
0!
02
#40945
1!
12
#40950
0!
02
#40955
1!
12
#40960
0!
02
#40965
1!
12
#40970
0!
02
#40975
1!
12
#40980
0!
02
#40985
1!
12
#40990
0!
02
#40995
1!
12
#41000
0!
02
#41005
1!
12
#41010
0!
02
#41015
1!
12
#41020
0!
02
#41025
1!
12
#41030
0!
02
#41035
1!
12
#41040
0!
02
#41045
1!
12
#41050
0!
02
#41055
1!
12
#41060
0!
02
#41065
1!
12
#41070
0!
02
#41075
1!
12
#41080
0!
02
#41085
1!
12
#41090
0!
02
#41095
1!
12
#41100
0!
02
#41105
1!
12
#41110
0!
02
#41115
1!
12
#41120
0!
02
#41125
1!
12
#41130
0!
02
#41135
1!
12
#41140
0!
02
#41145
1!
12
#41150
0!
02
#41155
1!
12
#41160
0!
02
#41165
1!
12
#41170
0!
02
#41175
1!
12
#41180
0!
02
#41185
1!
12
#41190
0!
02
#41195
1!
12
#41200
0!
02
#41205
1!
12
#41210
0!
02
#41215
1!
12
#41220
0!
02
#41225
1!
12
#41230
0!
02
#41235
1!
12
#41240
0!
02
#41245
1!
12
#41250
0!
02
#41255
1!
12
#41260
0!
02
#41265
1!
12
#41270
0!
02
#41275
1!
12
#41280
0!
02
#41285
1!
12
#41290
0!
02
#41295
1!
12
#41300
0!
02
#41305
1!
12
#41310
0!
02
#41315
1!
12
#41320
0!
02
#41325
1!
12
#41330
0!
02
#41335
1!
12
#41340
0!
02
#41345
1!
12
#41350
0!
02
#41355
1!
12
#41360
0!
02
#41365
1!
12
#41370
0!
02
#41375
1!
12
#41380
0!
02
#41385
1!
12
#41390
0!
02
#41395
1!
12
#41400
0!
02
#41405
1!
12
#41410
0!
02
#41415
1!
12
#41420
0!
02
#41425
1!
12
#41430
0!
02
#41435
1!
12
#41440
0!
02
#41445
1!
12
#41450
0!
02
#41455
1!
12
#41460
0!
02
#41465
1!
12
#41470
0!
02
#41475
1!
12
#41480
0!
02
#41485
1!
12
#41490
0!
02
#41495
1!
12
#41500
0!
02
#41505
1!
12
#41510
0!
02
#41515
1!
12
#41520
0!
02
#41525
1!
12
#41530
0!
02
#41535
1!
12
#41540
0!
02
#41545
1!
12
#41550
0!
02
#41555
1!
12
#41560
0!
02
#41565
1!
12
#41570
0!
02
#41575
1!
12
#41580
0!
02
#41585
1!
12
#41590
0!
02
#41595
1!
12
#41600
0!
02
#41605
1!
12
#41610
0!
02
#41615
1!
12
#41620
0!
02
#41625
1!
12
#41630
0!
02
#41635
1!
12
#41640
0!
02
#41645
1!
12
#41650
0!
02
#41655
1!
12
#41660
0!
02
#41665
1!
12
#41670
0!
02
#41675
1!
12
#41680
0!
02
#41685
1!
12
#41690
0!
02
#41695
1!
12
#41700
0!
02
#41705
1!
12
#41710
0!
02
#41715
1!
12
#41720
0!
02
#41725
1!
12
#41730
0!
02
#41735
1!
12
#41740
0!
02
#41745
1!
12
#41750
0!
02
#41755
1!
12
#41760
0!
02
#41765
1!
12
#41770
0!
02
#41775
1!
12
#41780
0!
02
#41785
1!
12
#41790
0!
02
#41795
1!
12
#41800
0!
02
#41805
1!
12
#41810
0!
02
#41815
1!
12
#41820
0!
02
#41825
1!
12
#41830
0!
02
#41835
1!
12
#41840
0!
02
#41845
1!
12
#41850
0!
02
#41855
1!
12
#41860
0!
02
#41865
1!
12
#41870
0!
02
#41875
1!
12
#41880
0!
02
#41885
1!
12
#41890
0!
02
#41895
1!
12
#41900
0!
02
#41905
1!
12
#41910
0!
02
#41915
1!
12
#41920
0!
02
#41925
1!
12
#41930
0!
02
#41935
1!
12
#41940
0!
02
#41945
1!
12
#41950
0!
02
#41955
1!
12
#41960
0!
02
#41965
1!
12
#41970
0!
02
#41975
1!
12
#41980
0!
02
#41985
1!
12
#41990
0!
02
#41995
1!
12
#42000
0!
02
#42005
1!
12
#42010
0!
02
#42015
1!
12
#42020
0!
02
#42025
1!
12
#42030
0!
02
#42035
1!
12
#42040
0!
02
#42045
1!
12
#42050
0!
02
#42055
1!
12
#42060
0!
02
#42065
1!
12
#42070
0!
02
#42075
1!
12
#42080
0!
02
#42085
1!
12
#42090
0!
02
#42095
1!
12
#42100
0!
02
#42105
1!
12
#42110
0!
02
#42115
1!
12
#42120
0!
02
#42125
1!
12
#42130
0!
02
#42135
1!
12
#42140
0!
02
#42145
1!
12
#42150
0!
02
#42155
1!
12
#42160
0!
02
#42165
1!
12
#42170
0!
02
#42175
1!
12
#42180
0!
02
#42185
1!
12
#42190
0!
02
#42195
1!
12
#42200
0!
02
#42205
1!
12
#42210
0!
02
#42215
1!
12
#42220
0!
02
#42225
1!
12
#42230
0!
02
#42235
1!
12
#42240
0!
02
#42245
1!
12
#42250
0!
02
#42255
1!
12
#42260
0!
02
#42265
1!
12
#42270
0!
02
#42275
1!
12
#42280
0!
02
#42285
1!
12
#42290
0!
02
#42295
1!
12
#42300
0!
02
#42305
1!
12
#42310
0!
02
#42315
1!
12
#42320
0!
02
#42325
1!
12
#42330
0!
02
#42335
1!
12
#42340
0!
02
#42345
1!
12
#42350
0!
02
#42355
1!
12
#42360
0!
02
#42365
1!
12
#42370
0!
02
#42375
1!
12
#42380
0!
02
#42385
1!
12
#42390
0!
02
#42395
1!
12
#42400
0!
02
#42405
1!
12
#42410
0!
02
#42415
1!
12
#42420
0!
02
#42425
1!
12
#42430
0!
02
#42435
1!
12
#42440
0!
02
#42445
1!
12
#42450
0!
02
#42455
1!
12
#42460
0!
02
#42465
1!
12
#42470
0!
02
#42475
1!
12
#42480
0!
02
#42485
1!
12
#42490
0!
02
#42495
1!
12
#42500
0!
02
#42505
1!
12
#42510
0!
02
#42515
1!
12
#42520
0!
02
#42525
1!
12
#42530
0!
02
#42535
1!
12
#42540
0!
02
#42545
1!
12
#42550
0!
02
#42555
1!
12
#42560
0!
02
#42565
1!
12
#42570
0!
02
#42575
1!
12
#42580
0!
02
#42585
1!
12
#42590
0!
02
#42595
1!
12
#42600
0!
02
#42605
1!
12
#42610
0!
02
#42615
1!
12
#42620
0!
02
#42625
1!
12
#42630
0!
02
#42635
1!
12
#42640
0!
02
#42645
1!
12
#42650
0!
02
#42655
1!
12
#42660
0!
02
#42665
1!
12
#42670
0!
02
#42675
1!
12
#42680
0!
02
#42685
1!
12
#42690
0!
02
#42695
1!
12
#42700
0!
02
#42705
1!
12
#42710
0!
02
#42715
1!
12
#42720
0!
02
#42725
1!
12
#42730
0!
02
#42735
1!
12
#42740
0!
02
#42745
1!
12
#42750
0!
02
#42755
1!
12
#42760
0!
02
#42765
1!
12
#42770
0!
02
#42775
1!
12
#42780
0!
02
#42785
1!
12
#42790
0!
02
#42795
1!
12
#42800
0!
02
#42805
1!
12
#42810
0!
02
#42815
1!
12
#42820
0!
02
#42825
1!
12
#42830
0!
02
#42835
1!
12
#42840
0!
02
#42845
1!
12
#42850
0!
02
#42855
1!
12
#42860
0!
02
#42865
1!
12
#42870
0!
02
#42875
1!
12
#42880
0!
02
#42885
1!
12
#42890
0!
02
#42895
1!
12
#42900
0!
02
#42905
1!
12
#42910
0!
02
#42915
1!
12
#42920
0!
02
#42925
1!
12
#42930
0!
02
#42935
1!
12
#42940
0!
02
#42945
1!
12
#42950
0!
02
#42955
1!
12
#42960
0!
02
#42965
1!
12
#42970
0!
02
#42975
1!
12
#42980
0!
02
#42985
1!
12
#42990
0!
02
#42995
1!
12
#43000
0!
02
#43005
1!
12
#43010
0!
02
#43015
1!
12
#43020
0!
02
#43025
1!
12
#43030
0!
02
#43035
1!
12
#43040
0!
02
#43045
1!
12
#43050
0!
02
#43055
1!
12
#43060
0!
02
#43065
1!
12
#43070
0!
02
#43075
1!
12
#43080
0!
02
#43085
1!
12
#43090
0!
02
#43095
1!
12
#43100
0!
02
#43105
1!
12
#43110
0!
02
#43115
1!
12
#43120
0!
02
#43125
1!
12
#43130
0!
02
#43135
1!
12
#43140
0!
02
#43145
1!
12
#43150
0!
02
#43155
1!
12
#43160
0!
02
#43165
1!
12
#43170
0!
02
#43175
1!
12
#43180
0!
02
#43185
1!
12
#43190
0!
02
#43195
1!
12
#43200
0!
02
#43205
1!
12
#43210
0!
02
#43215
1!
12
#43220
0!
02
#43225
1!
12
#43230
0!
02
#43235
1!
12
#43240
0!
02
#43245
1!
12
#43250
0!
02
#43255
1!
12
#43260
0!
02
#43265
1!
12
#43270
0!
02
#43275
1!
12
#43280
0!
02
#43285
1!
12
#43290
0!
02
#43295
1!
12
#43300
0!
02
#43305
1!
12
#43310
0!
02
#43315
1!
12
#43320
0!
02
#43325
1!
12
#43330
0!
02
#43335
1!
12
#43340
0!
02
#43345
1!
12
#43350
0!
02
#43355
1!
12
#43360
0!
02
#43365
1!
12
#43370
0!
02
#43375
1!
12
#43380
0!
02
#43385
1!
12
#43390
0!
02
#43395
1!
12
#43400
0!
02
#43405
1!
12
#43410
0!
02
#43415
1!
12
#43420
0!
02
#43425
1!
12
#43430
0!
02
#43435
1!
12
#43440
0!
02
#43445
1!
12
#43450
0!
02
#43455
1!
12
#43460
0!
02
#43465
1!
12
#43470
0!
02
#43475
1!
12
#43480
0!
02
#43485
1!
12
#43490
0!
02
#43495
1!
12
#43500
0!
02
#43505
1!
12
#43510
0!
02
#43515
1!
12
#43520
0!
02
#43525
1!
12
#43530
0!
02
#43535
1!
12
#43540
0!
02
#43545
1!
12
#43550
0!
02
#43555
1!
12
#43560
0!
02
#43565
1!
12
#43570
0!
02
#43575
1!
12
#43580
0!
02
#43585
1!
12
#43590
0!
02
#43595
1!
12
#43600
0!
02
#43605
1!
12
#43610
0!
02
#43615
1!
12
#43620
0!
02
#43625
1!
12
#43630
0!
02
#43635
1!
12
#43640
0!
02
#43645
1!
12
#43650
0!
02
#43655
1!
12
#43660
0!
02
#43665
1!
12
#43670
0!
02
#43675
1!
12
#43680
0!
02
#43685
1!
12
#43690
0!
02
#43695
1!
12
#43700
0!
02
#43705
1!
12
#43710
0!
02
#43715
1!
12
#43720
0!
02
#43725
1!
12
#43730
0!
02
#43735
1!
12
#43740
0!
02
#43745
1!
12
#43750
0!
02
#43755
1!
12
#43760
0!
02
#43765
1!
12
#43770
0!
02
#43775
1!
12
#43780
0!
02
#43785
1!
12
#43790
0!
02
#43795
1!
12
#43800
0!
02
#43805
1!
12
#43810
0!
02
#43815
1!
12
#43820
0!
02
#43825
1!
12
#43830
0!
02
#43835
1!
12
#43840
0!
02
#43845
1!
12
#43850
0!
02
#43855
1!
12
#43860
0!
02
#43865
1!
12
#43870
0!
02
#43875
1!
12
#43880
0!
02
#43885
1!
12
#43890
0!
02
#43895
1!
12
#43900
0!
02
#43905
1!
12
#43910
0!
02
#43915
1!
12
#43920
0!
02
#43925
1!
12
#43930
0!
02
#43935
1!
12
#43940
0!
02
#43945
1!
12
#43950
0!
02
#43955
1!
12
#43960
0!
02
#43965
1!
12
#43970
0!
02
#43975
1!
12
#43980
0!
02
#43985
1!
12
#43990
0!
02
#43995
1!
12
#44000
0!
02
#44005
1!
12
#44010
0!
02
#44015
1!
12
#44020
0!
02
#44025
1!
12
#44030
0!
02
#44035
1!
12
#44040
0!
02
#44045
1!
12
#44050
0!
02
#44055
1!
12
#44060
0!
02
#44065
1!
12
#44070
0!
02
#44075
1!
12
#44080
0!
02
#44085
1!
12
#44090
0!
02
#44095
1!
12
#44100
0!
02
#44105
1!
12
#44110
0!
02
#44115
1!
12
#44120
0!
02
#44125
1!
12
#44130
0!
02
#44135
1!
12
#44140
0!
02
#44145
1!
12
#44150
0!
02
#44155
1!
12
#44160
0!
02
#44165
1!
12
#44170
0!
02
#44175
1!
12
#44180
0!
02
#44185
1!
12
#44190
0!
02
#44195
1!
12
#44200
0!
02
#44205
1!
12
#44210
0!
02
#44215
1!
12
#44220
0!
02
#44225
1!
12
#44230
0!
02
#44235
1!
12
#44240
0!
02
#44245
1!
12
#44250
0!
02
#44255
1!
12
#44260
0!
02
#44265
1!
12
#44270
0!
02
#44275
1!
12
#44280
0!
02
#44285
1!
12
#44290
0!
02
#44295
1!
12
#44300
0!
02
#44305
1!
12
#44310
0!
02
#44315
1!
12
#44320
0!
02
#44325
1!
12
#44330
0!
02
#44335
1!
12
#44340
0!
02
#44345
1!
12
#44350
0!
02
#44355
1!
12
#44360
0!
02
#44365
1!
12
#44370
0!
02
#44375
1!
12
#44380
0!
02
#44385
1!
12
#44390
0!
02
#44395
1!
12
#44400
0!
02
#44405
1!
12
#44410
0!
02
#44415
1!
12
#44420
0!
02
#44425
1!
12
#44430
0!
02
#44435
1!
12
#44440
0!
02
#44445
1!
12
#44450
0!
02
#44455
1!
12
#44460
0!
02
#44465
1!
12
#44470
0!
02
#44475
1!
12
#44480
0!
02
#44485
1!
12
#44490
0!
02
#44495
1!
12
#44500
0!
02
#44505
1!
12
#44510
0!
02
#44515
1!
12
#44520
0!
02
#44525
1!
12
#44530
0!
02
#44535
1!
12
#44540
0!
02
#44545
1!
12
#44550
0!
02
#44555
1!
12
#44560
0!
02
#44565
1!
12
#44570
0!
02
#44575
1!
12
#44580
0!
02
#44585
1!
12
#44590
0!
02
#44595
1!
12
#44600
0!
02
#44605
1!
12
#44610
0!
02
#44615
1!
12
#44620
0!
02
#44625
1!
12
#44630
0!
02
#44635
1!
12
#44640
0!
02
#44645
1!
12
#44650
0!
02
#44655
1!
12
#44660
0!
02
#44665
1!
12
#44670
0!
02
#44675
1!
12
#44680
0!
02
#44685
1!
12
#44690
0!
02
#44695
1!
12
#44700
0!
02
#44705
1!
12
#44710
0!
02
#44715
1!
12
#44720
0!
02
#44725
1!
12
#44730
0!
02
#44735
1!
12
#44740
0!
02
#44745
1!
12
#44750
0!
02
#44755
1!
12
#44760
0!
02
#44765
1!
12
#44770
0!
02
#44775
1!
12
#44780
0!
02
#44785
1!
12
#44790
0!
02
#44795
1!
12
#44800
0!
02
#44805
1!
12
#44810
0!
02
#44815
1!
12
#44820
0!
02
#44825
1!
12
#44830
0!
02
#44835
1!
12
#44840
0!
02
#44845
1!
12
#44850
0!
02
#44855
1!
12
#44860
0!
02
#44865
1!
12
#44870
0!
02
#44875
1!
12
#44880
0!
02
#44885
1!
12
#44890
0!
02
#44895
1!
12
#44900
0!
02
#44905
1!
12
#44910
0!
02
#44915
1!
12
#44920
0!
02
#44925
1!
12
#44930
0!
02
#44935
1!
12
#44940
0!
02
#44945
1!
12
#44950
0!
02
#44955
1!
12
#44960
0!
02
#44965
1!
12
#44970
0!
02
#44975
1!
12
#44980
0!
02
#44985
1!
12
#44990
0!
02
#44995
1!
12
#45000
0!
02
#45005
1!
12
#45010
0!
02
#45015
1!
12
#45020
0!
02
#45025
1!
12
#45030
0!
02
#45035
1!
12
#45040
0!
02
#45045
1!
12
#45050
0!
02
#45055
1!
12
#45060
0!
02
#45065
1!
12
#45070
0!
02
#45075
1!
12
#45080
0!
02
#45085
1!
12
#45090
0!
02
#45095
1!
12
#45100
0!
02
#45105
1!
12
#45110
0!
02
#45115
1!
12
#45120
0!
02
#45125
1!
12
#45130
0!
02
#45135
1!
12
#45140
0!
02
#45145
1!
12
#45150
0!
02
#45155
1!
12
#45160
0!
02
#45165
1!
12
#45170
0!
02
#45175
1!
12
#45180
0!
02
#45185
1!
12
#45190
0!
02
#45195
1!
12
#45200
0!
02
#45205
1!
12
#45210
0!
02
#45215
1!
12
#45220
0!
02
#45225
1!
12
#45230
0!
02
#45235
1!
12
#45240
0!
02
#45245
1!
12
#45250
0!
02
#45255
1!
12
#45260
0!
02
#45265
1!
12
#45270
0!
02
#45275
1!
12
#45280
0!
02
#45285
1!
12
#45290
0!
02
#45295
1!
12
#45300
0!
02
#45305
1!
12
#45310
0!
02
#45315
1!
12
#45320
0!
02
#45325
1!
12
#45330
0!
02
#45335
1!
12
#45340
0!
02
#45345
1!
12
#45350
0!
02
#45355
1!
12
#45360
0!
02
#45365
1!
12
#45370
0!
02
#45375
1!
12
#45380
0!
02
#45385
1!
12
#45390
0!
02
#45395
1!
12
#45400
0!
02
#45405
1!
12
#45410
0!
02
#45415
1!
12
#45420
0!
02
#45425
1!
12
#45430
0!
02
#45435
1!
12
#45440
0!
02
#45445
1!
12
#45450
0!
02
#45455
1!
12
#45460
0!
02
#45465
1!
12
#45470
0!
02
#45475
1!
12
#45480
0!
02
#45485
1!
12
#45490
0!
02
#45495
1!
12
#45500
0!
02
#45505
1!
12
#45510
0!
02
#45515
1!
12
#45520
0!
02
#45525
1!
12
#45530
0!
02
#45535
1!
12
#45540
0!
02
#45545
1!
12
#45550
0!
02
#45555
1!
12
#45560
0!
02
#45565
1!
12
#45570
0!
02
#45575
1!
12
#45580
0!
02
#45585
1!
12
#45590
0!
02
#45595
1!
12
#45600
0!
02
#45605
1!
12
#45610
0!
02
#45615
1!
12
#45620
0!
02
#45625
1!
12
#45630
0!
02
#45635
1!
12
#45640
0!
02
#45645
1!
12
#45650
0!
02
#45655
1!
12
#45660
0!
02
#45665
1!
12
#45670
0!
02
#45675
1!
12
#45680
0!
02
#45685
1!
12
#45690
0!
02
#45695
1!
12
#45700
0!
02
#45705
1!
12
#45710
0!
02
#45715
1!
12
#45720
0!
02
#45725
1!
12
#45730
0!
02
#45735
1!
12
#45740
0!
02
#45745
1!
12
#45750
0!
02
#45755
1!
12
#45760
0!
02
#45765
1!
12
#45770
0!
02
#45775
1!
12
#45780
0!
02
#45785
1!
12
#45790
0!
02
#45795
1!
12
#45800
0!
02
#45805
1!
12
#45810
0!
02
#45815
1!
12
#45820
0!
02
#45825
1!
12
#45830
0!
02
#45835
1!
12
#45840
0!
02
#45845
1!
12
#45850
0!
02
#45855
1!
12
#45860
0!
02
#45865
1!
12
#45870
0!
02
#45875
1!
12
#45880
0!
02
#45885
1!
12
#45890
0!
02
#45895
1!
12
#45900
0!
02
#45905
1!
12
#45910
0!
02
#45915
1!
12
#45920
0!
02
#45925
1!
12
#45930
0!
02
#45935
1!
12
#45940
0!
02
#45945
1!
12
#45950
0!
02
#45955
1!
12
#45960
0!
02
#45965
1!
12
#45970
0!
02
#45975
1!
12
#45980
0!
02
#45985
1!
12
#45990
0!
02
#45995
1!
12
#46000
0!
02
#46005
1!
12
#46010
0!
02
#46015
1!
12
#46020
0!
02
#46025
1!
12
#46030
0!
02
#46035
1!
12
#46040
0!
02
#46045
1!
12
#46050
0!
02
#46055
1!
12
#46060
0!
02
#46065
1!
12
#46070
0!
02
#46075
1!
12
#46080
0!
02
#46085
1!
12
#46090
0!
02
#46095
1!
12
#46100
0!
02
#46105
1!
12
#46110
0!
02
#46115
1!
12
#46120
0!
02
#46125
1!
12
#46130
0!
02
#46135
1!
12
#46140
0!
02
#46145
1!
12
#46150
0!
02
#46155
1!
12
#46160
0!
02
#46165
1!
12
#46170
0!
02
#46175
1!
12
#46180
0!
02
#46185
1!
12
#46190
0!
02
#46195
1!
12
#46200
0!
02
#46205
1!
12
#46210
0!
02
#46215
1!
12
#46220
0!
02
#46225
1!
12
#46230
0!
02
#46235
1!
12
#46240
0!
02
#46245
1!
12
#46250
0!
02
#46255
1!
12
#46260
0!
02
#46265
1!
12
#46270
0!
02
#46275
1!
12
#46280
0!
02
#46285
1!
12
#46290
0!
02
#46295
1!
12
#46300
0!
02
#46305
1!
12
#46310
0!
02
#46315
1!
12
#46320
0!
02
#46325
1!
12
#46330
0!
02
#46335
1!
12
#46340
0!
02
#46345
1!
12
#46350
0!
02
#46355
1!
12
#46360
0!
02
#46365
1!
12
#46370
0!
02
#46375
1!
12
#46380
0!
02
#46385
1!
12
#46390
0!
02
#46395
1!
12
#46400
0!
02
#46405
1!
12
#46410
0!
02
#46415
1!
12
#46420
0!
02
#46425
1!
12
#46430
0!
02
#46435
1!
12
#46440
0!
02
#46445
1!
12
#46450
0!
02
#46455
1!
12
#46460
0!
02
#46465
1!
12
#46470
0!
02
#46475
1!
12
#46480
0!
02
#46485
1!
12
#46490
0!
02
#46495
1!
12
#46500
0!
02
#46505
1!
12
#46510
0!
02
#46515
1!
12
#46520
0!
02
#46525
1!
12
#46530
0!
02
#46535
1!
12
#46540
0!
02
#46545
1!
12
#46550
0!
02
#46555
1!
12
#46560
0!
02
#46565
1!
12
#46570
0!
02
#46575
1!
12
#46580
0!
02
#46585
1!
12
#46590
0!
02
#46595
1!
12
#46600
0!
02
#46605
1!
12
#46610
0!
02
#46615
1!
12
#46620
0!
02
#46625
1!
12
#46630
0!
02
#46635
1!
12
#46640
0!
02
#46645
1!
12
#46650
0!
02
#46655
1!
12
#46660
0!
02
#46665
1!
12
#46670
0!
02
#46675
1!
12
#46680
0!
02
#46685
1!
12
#46690
0!
02
#46695
1!
12
#46700
0!
02
#46705
1!
12
#46710
0!
02
#46715
1!
12
#46720
0!
02
#46725
1!
12
#46730
0!
02
#46735
1!
12
#46740
0!
02
#46745
1!
12
#46750
0!
02
#46755
1!
12
#46760
0!
02
#46765
1!
12
#46770
0!
02
#46775
1!
12
#46780
0!
02
#46785
1!
12
#46790
0!
02
#46795
1!
12
#46800
0!
02
#46805
1!
12
#46810
0!
02
#46815
1!
12
#46820
0!
02
#46825
1!
12
#46830
0!
02
#46835
1!
12
#46840
0!
02
#46845
1!
12
#46850
0!
02
#46855
1!
12
#46860
0!
02
#46865
1!
12
#46870
0!
02
#46875
1!
12
#46880
0!
02
#46885
1!
12
#46890
0!
02
#46895
1!
12
#46900
0!
02
#46905
1!
12
#46910
0!
02
#46915
1!
12
#46920
0!
02
#46925
1!
12
#46930
0!
02
#46935
1!
12
#46940
0!
02
#46945
1!
12
#46950
0!
02
#46955
1!
12
#46960
0!
02
#46965
1!
12
#46970
0!
02
#46975
1!
12
#46980
0!
02
#46985
1!
12
#46990
0!
02
#46995
1!
12
#47000
0!
02
#47005
1!
12
#47010
0!
02
#47015
1!
12
#47020
0!
02
#47025
1!
12
#47030
0!
02
#47035
1!
12
#47040
0!
02
#47045
1!
12
#47050
0!
02
#47055
1!
12
#47060
0!
02
#47065
1!
12
#47070
0!
02
#47075
1!
12
#47080
0!
02
#47085
1!
12
#47090
0!
02
#47095
1!
12
#47100
0!
02
#47105
1!
12
#47110
0!
02
#47115
1!
12
#47120
0!
02
#47125
1!
12
#47130
0!
02
#47135
1!
12
#47140
0!
02
#47145
1!
12
#47150
0!
02
#47155
1!
12
#47160
0!
02
#47165
1!
12
#47170
0!
02
#47175
1!
12
#47180
0!
02
#47185
1!
12
#47190
0!
02
#47195
1!
12
#47200
0!
02
#47205
1!
12
#47210
0!
02
#47215
1!
12
#47220
0!
02
#47225
1!
12
#47230
0!
02
#47235
1!
12
#47240
0!
02
#47245
1!
12
#47250
0!
02
#47255
1!
12
#47260
0!
02
#47265
1!
12
#47270
0!
02
#47275
1!
12
#47280
0!
02
#47285
1!
12
#47290
0!
02
#47295
1!
12
#47300
0!
02
#47305
1!
12
#47310
0!
02
#47315
1!
12
#47320
0!
02
#47325
1!
12
#47330
0!
02
#47335
1!
12
#47340
0!
02
#47345
1!
12
#47350
0!
02
#47355
1!
12
#47360
0!
02
#47365
1!
12
#47370
0!
02
#47375
1!
12
#47380
0!
02
#47385
1!
12
#47390
0!
02
#47395
1!
12
#47400
0!
02
#47405
1!
12
#47410
0!
02
#47415
1!
12
#47420
0!
02
#47425
1!
12
#47430
0!
02
#47435
1!
12
#47440
0!
02
#47445
1!
12
#47450
0!
02
#47455
1!
12
#47460
0!
02
#47465
1!
12
#47470
0!
02
#47475
1!
12
#47480
0!
02
#47485
1!
12
#47490
0!
02
#47495
1!
12
#47500
0!
02
#47505
1!
12
#47510
0!
02
#47515
1!
12
#47520
0!
02
#47525
1!
12
#47530
0!
02
#47535
1!
12
#47540
0!
02
#47545
1!
12
#47550
0!
02
#47555
1!
12
#47560
0!
02
#47565
1!
12
#47570
0!
02
#47575
1!
12
#47580
0!
02
#47585
1!
12
#47590
0!
02
#47595
1!
12
#47600
0!
02
#47605
1!
12
#47610
0!
02
#47615
1!
12
#47620
0!
02
#47625
1!
12
#47630
0!
02
#47635
1!
12
#47640
0!
02
#47645
1!
12
#47650
0!
02
#47655
1!
12
#47660
0!
02
#47665
1!
12
#47670
0!
02
#47675
1!
12
#47680
0!
02
#47685
1!
12
#47690
0!
02
#47695
1!
12
#47700
0!
02
#47705
1!
12
#47710
0!
02
#47715
1!
12
#47720
0!
02
#47725
1!
12
#47730
0!
02
#47735
1!
12
#47740
0!
02
#47745
1!
12
#47750
0!
02
#47755
1!
12
#47760
0!
02
#47765
1!
12
#47770
0!
02
#47775
1!
12
#47780
0!
02
#47785
1!
12
#47790
0!
02
#47795
1!
12
#47800
0!
02
#47805
1!
12
#47810
0!
02
#47815
1!
12
#47820
0!
02
#47825
1!
12
#47830
0!
02
#47835
1!
12
#47840
0!
02
#47845
1!
12
#47850
0!
02
#47855
1!
12
#47860
0!
02
#47865
1!
12
#47870
0!
02
#47875
1!
12
#47880
0!
02
#47885
1!
12
#47890
0!
02
#47895
1!
12
#47900
0!
02
#47905
1!
12
#47910
0!
02
#47915
1!
12
#47920
0!
02
#47925
1!
12
#47930
0!
02
#47935
1!
12
#47940
0!
02
#47945
1!
12
#47950
0!
02
#47955
1!
12
#47960
0!
02
#47965
1!
12
#47970
0!
02
#47975
1!
12
#47980
0!
02
#47985
1!
12
#47990
0!
02
#47995
1!
12
#48000
0!
02
#48005
1!
12
#48010
0!
02
#48015
1!
12
#48020
0!
02
#48025
1!
12
#48030
0!
02
#48035
1!
12
#48040
0!
02
#48045
1!
12
#48050
0!
02
#48055
1!
12
#48060
0!
02
#48065
1!
12
#48070
0!
02
#48075
1!
12
#48080
0!
02
#48085
1!
12
#48090
0!
02
#48095
1!
12
#48100
0!
02
#48105
1!
12
#48110
0!
02
#48115
1!
12
#48120
0!
02
#48125
1!
12
#48130
0!
02
#48135
1!
12
#48140
0!
02
#48145
1!
12
#48150
0!
02
#48155
1!
12
#48160
0!
02
#48165
1!
12
#48170
0!
02
#48175
1!
12
#48180
0!
02
#48185
1!
12
#48190
0!
02
#48195
1!
12
#48200
0!
02
#48205
1!
12
#48210
0!
02
#48215
1!
12
#48220
0!
02
#48225
1!
12
#48230
0!
02
#48235
1!
12
#48240
0!
02
#48245
1!
12
#48250
0!
02
#48255
1!
12
#48260
0!
02
#48265
1!
12
#48270
0!
02
#48275
1!
12
#48280
0!
02
#48285
1!
12
#48290
0!
02
#48295
1!
12
#48300
0!
02
#48305
1!
12
#48310
0!
02
#48315
1!
12
#48320
0!
02
#48325
1!
12
#48330
0!
02
#48335
1!
12
#48340
0!
02
#48345
1!
12
#48350
0!
02
#48355
1!
12
#48360
0!
02
#48365
1!
12
#48370
0!
02
#48375
1!
12
#48380
0!
02
#48385
1!
12
#48390
0!
02
#48395
1!
12
#48400
0!
02
#48405
1!
12
#48410
0!
02
#48415
1!
12
#48420
0!
02
#48425
1!
12
#48430
0!
02
#48435
1!
12
#48440
0!
02
#48445
1!
12
#48450
0!
02
#48455
1!
12
#48460
0!
02
#48465
1!
12
#48470
0!
02
#48475
1!
12
#48480
0!
02
#48485
1!
12
#48490
0!
02
#48495
1!
12
#48500
0!
02
#48505
1!
12
#48510
0!
02
#48515
1!
12
#48520
0!
02
#48525
1!
12
#48530
0!
02
#48535
1!
12
#48540
0!
02
#48545
1!
12
#48550
0!
02
#48555
1!
12
#48560
0!
02
#48565
1!
12
#48570
0!
02
#48575
1!
12
#48580
0!
02
#48585
1!
12
#48590
0!
02
#48595
1!
12
#48600
0!
02
#48605
1!
12
#48610
0!
02
#48615
1!
12
#48620
0!
02
#48625
1!
12
#48630
0!
02
#48635
1!
12
#48640
0!
02
#48645
1!
12
#48650
0!
02
#48655
1!
12
#48660
0!
02
#48665
1!
12
#48670
0!
02
#48675
1!
12
#48680
0!
02
#48685
1!
12
#48690
0!
02
#48695
1!
12
#48700
0!
02
#48705
1!
12
#48710
0!
02
#48715
1!
12
#48720
0!
02
#48725
1!
12
#48730
0!
02
#48735
1!
12
#48740
0!
02
#48745
1!
12
#48750
0!
02
#48755
1!
12
#48760
0!
02
#48765
1!
12
#48770
0!
02
#48775
1!
12
#48780
0!
02
#48785
1!
12
#48790
0!
02
#48795
1!
12
#48800
0!
02
#48805
1!
12
#48810
0!
02
#48815
1!
12
#48820
0!
02
#48825
1!
12
#48830
0!
02
#48835
1!
12
#48840
0!
02
#48845
1!
12
#48850
0!
02
#48855
1!
12
#48860
0!
02
#48865
1!
12
#48870
0!
02
#48875
1!
12
#48880
0!
02
#48885
1!
12
#48890
0!
02
#48895
1!
12
#48900
0!
02
#48905
1!
12
#48910
0!
02
#48915
1!
12
#48920
0!
02
#48925
1!
12
#48930
0!
02
#48935
1!
12
#48940
0!
02
#48945
1!
12
#48950
0!
02
#48955
1!
12
#48960
0!
02
#48965
1!
12
#48970
0!
02
#48975
1!
12
#48980
0!
02
#48985
1!
12
#48990
0!
02
#48995
1!
12
#49000
0!
02
#49005
1!
12
#49010
0!
02
#49015
1!
12
#49020
0!
02
#49025
1!
12
#49030
0!
02
#49035
1!
12
#49040
0!
02
#49045
1!
12
#49050
0!
02
#49055
1!
12
#49060
0!
02
#49065
1!
12
#49070
0!
02
#49075
1!
12
#49080
0!
02
#49085
1!
12
#49090
0!
02
#49095
1!
12
#49100
0!
02
#49105
1!
12
#49110
0!
02
#49115
1!
12
#49120
0!
02
#49125
1!
12
#49130
0!
02
#49135
1!
12
#49140
0!
02
#49145
1!
12
#49150
0!
02
#49155
1!
12
#49160
0!
02
#49165
1!
12
#49170
0!
02
#49175
1!
12
#49180
0!
02
#49185
1!
12
#49190
0!
02
#49195
1!
12
#49200
0!
02
#49205
1!
12
#49210
0!
02
#49215
1!
12
#49220
0!
02
#49225
1!
12
#49230
0!
02
#49235
1!
12
#49240
0!
02
#49245
1!
12
#49250
0!
02
#49255
1!
12
#49260
0!
02
#49265
1!
12
#49270
0!
02
#49275
1!
12
#49280
0!
02
#49285
1!
12
#49290
0!
02
#49295
1!
12
#49300
0!
02
#49305
1!
12
#49310
0!
02
#49315
1!
12
#49320
0!
02
#49325
1!
12
#49330
0!
02
#49335
1!
12
#49340
0!
02
#49345
1!
12
#49350
0!
02
#49355
1!
12
#49360
0!
02
#49365
1!
12
#49370
0!
02
#49375
1!
12
#49380
0!
02
#49385
1!
12
#49390
0!
02
#49395
1!
12
#49400
0!
02
#49405
1!
12
#49410
0!
02
#49415
1!
12
#49420
0!
02
#49425
1!
12
#49430
0!
02
#49435
1!
12
#49440
0!
02
#49445
1!
12
#49450
0!
02
#49455
1!
12
#49460
0!
02
#49465
1!
12
#49470
0!
02
#49475
1!
12
#49480
0!
02
#49485
1!
12
#49490
0!
02
#49495
1!
12
#49500
0!
02
#49505
1!
12
#49510
0!
02
#49515
1!
12
#49520
0!
02
#49525
1!
12
#49530
0!
02
#49535
1!
12
#49540
0!
02
#49545
1!
12
#49550
0!
02
#49555
1!
12
#49560
0!
02
#49565
1!
12
#49570
0!
02
#49575
1!
12
#49580
0!
02
#49585
1!
12
#49590
0!
02
#49595
1!
12
#49600
0!
02
#49605
1!
12
#49610
0!
02
#49615
1!
12
#49620
0!
02
#49625
1!
12
#49630
0!
02
#49635
1!
12
#49640
0!
02
#49645
1!
12
#49650
0!
02
#49655
1!
12
#49660
0!
02
#49665
1!
12
#49670
0!
02
#49675
1!
12
#49680
0!
02
#49685
1!
12
#49690
0!
02
#49695
1!
12
#49700
0!
02
#49705
1!
12
#49710
0!
02
#49715
1!
12
#49720
0!
02
#49725
1!
12
#49730
0!
02
#49735
1!
12
#49740
0!
02
#49745
1!
12
#49750
0!
02
#49755
1!
12
#49760
0!
02
#49765
1!
12
#49770
0!
02
#49775
1!
12
#49780
0!
02
#49785
1!
12
#49790
0!
02
#49795
1!
12
#49800
0!
02
#49805
1!
12
#49810
0!
02
#49815
1!
12
#49820
0!
02
#49825
1!
12
#49830
0!
02
#49835
1!
12
#49840
0!
02
#49845
1!
12
#49850
0!
02
#49855
1!
12
#49860
0!
02
#49865
1!
12
#49870
0!
02
#49875
1!
12
#49880
0!
02
#49885
1!
12
#49890
0!
02
#49895
1!
12
#49900
0!
02
#49905
1!
12
#49910
0!
02
#49915
1!
12
#49920
0!
02
#49925
1!
12
#49930
0!
02
#49935
1!
12
#49940
0!
02
#49945
1!
12
#49950
0!
02
#49955
1!
12
#49960
0!
02
#49965
1!
12
#49970
0!
02
#49975
1!
12
#49980
0!
02
#49985
1!
12
#49990
0!
02
#49995
1!
12
#50000
0!
02
#50005
1!
12
#50010
0!
02
#50015
1!
12
#50020
0!
02
#50025
1!
12
#50030
0!
02
#50035
1!
12
#50040
0!
02
#50045
1!
12
#50050
0!
02
#50055
1!
12
#50060
0!
02
#50065
1!
12
#50070
0!
02
#50075
1!
12
#50080
0!
02
#50085
1!
12
#50090
0!
02
#50095
1!
12
#50100
0!
02
#50105
1!
12
#50110
0!
02
#50115
1!
12
#50120
0!
02
#50125
1!
12
#50130
0!
02
#50135
1!
12
#50140
0!
02
#50145
1!
12
#50150
0!
02
#50155
1!
12
#50160
0!
02
#50165
1!
12
#50170
0!
02
#50175
1!
12
#50180
0!
02
#50185
1!
12
#50190
0!
02
#50195
1!
12
#50200
0!
02
#50205
1!
12
#50210
0!
02
#50215
1!
12
#50220
0!
02
#50225
1!
12
#50230
0!
02
#50235
1!
12
#50240
0!
02
#50245
1!
12
#50250
0!
02
#50255
1!
12
#50260
0!
02
#50265
1!
12
#50270
0!
02
#50275
1!
12
#50280
0!
02
#50285
1!
12
#50290
0!
02
#50295
1!
12
#50300
0!
02
#50305
1!
12
#50310
0!
02
#50315
1!
12
#50320
0!
02
#50325
1!
12
#50330
0!
02
#50335
1!
12
#50340
0!
02
#50345
1!
12
#50350
0!
02
#50355
1!
12
#50360
0!
02
#50365
1!
12
#50370
0!
02
#50375
1!
12
#50380
0!
02
#50385
1!
12
#50390
0!
02
#50395
1!
12
#50400
0!
02
#50405
1!
12
#50410
0!
02
#50415
1!
12
#50420
0!
02
#50425
1!
12
#50430
0!
02
#50435
1!
12
#50440
0!
02
#50445
1!
12
#50450
0!
02
#50455
1!
12
#50460
0!
02
#50465
1!
12
#50470
0!
02
#50475
1!
12
#50480
0!
02
#50485
1!
12
#50490
0!
02
#50495
1!
12
#50500
0!
02
#50505
1!
12
#50510
0!
02
#50515
1!
12
#50520
0!
02
#50525
1!
12
#50530
0!
02
#50535
1!
12
#50540
0!
02
#50545
1!
12
#50550
0!
02
#50555
1!
12
#50560
0!
02
#50565
1!
12
#50570
0!
02
#50575
1!
12
#50580
0!
02
#50585
1!
12
#50590
0!
02
#50595
1!
12
#50600
0!
02
#50605
1!
12
#50610
0!
02
#50615
1!
12
#50620
0!
02
#50625
1!
12
#50630
0!
02
#50635
1!
12
#50640
0!
02
#50645
1!
12
#50650
0!
02
#50655
1!
12
#50660
0!
02
#50665
1!
12
#50670
0!
02
#50675
1!
12
#50680
0!
02
#50685
1!
12
#50690
0!
02
#50695
1!
12
#50700
0!
02
#50705
1!
12
#50710
0!
02
#50715
1!
12
#50720
0!
02
#50725
1!
12
#50730
0!
02
#50735
1!
12
#50740
0!
02
#50745
1!
12
#50750
0!
02
#50755
1!
12
#50760
0!
02
#50765
1!
12
#50770
0!
02
#50775
1!
12
#50780
0!
02
#50785
1!
12
#50790
0!
02
#50795
1!
12
#50800
0!
02
#50805
1!
12
#50810
0!
02
#50815
1!
12
#50820
0!
02
#50825
1!
12
#50830
0!
02
#50835
1!
12
#50840
0!
02
#50845
1!
12
#50850
0!
02
#50855
1!
12
#50860
0!
02
#50865
1!
12
#50870
0!
02
#50875
1!
12
#50880
0!
02
#50885
1!
12
#50890
0!
02
#50895
1!
12
#50900
0!
02
#50905
1!
12
#50910
0!
02
#50915
1!
12
#50920
0!
02
#50925
1!
12
#50930
0!
02
#50935
1!
12
#50940
0!
02
#50945
1!
12
#50950
0!
02
#50955
1!
12
#50960
0!
02
#50965
1!
12
#50970
0!
02
#50975
1!
12
#50980
0!
02
#50985
1!
12
#50990
0!
02
#50995
1!
12
#51000
0!
02
#51005
1!
12
#51010
0!
02
#51015
1!
12
#51020
0!
02
#51025
1!
12
#51030
0!
02
#51035
1!
12
#51040
0!
02
#51045
1!
12
#51050
0!
02
#51055
1!
12
#51060
0!
02
#51065
1!
12
#51070
0!
02
#51075
1!
12
#51080
0!
02
#51085
1!
12
#51090
0!
02
#51095
1!
12
#51100
0!
02
#51105
1!
12
#51110
0!
02
#51115
1!
12
#51120
0!
02
#51125
1!
12
#51130
0!
02
#51135
1!
12
#51140
0!
02
#51145
1!
12
#51150
0!
02
#51155
1!
12
#51160
0!
02
#51165
1!
12
#51170
0!
02
#51175
1!
12
#51180
0!
02
#51185
1!
12
#51190
0!
02
#51195
1!
12
#51200
0!
02
#51205
1!
12
#51210
0!
02
#51215
1!
12
#51220
0!
02
#51225
1!
12
#51230
0!
02
#51235
1!
12
#51240
0!
02
#51245
1!
12
#51250
0!
02
#51255
1!
12
#51260
0!
02
#51265
1!
12
#51270
0!
02
#51275
1!
12
#51280
0!
02
#51285
1!
12
#51290
0!
02
#51295
1!
12
#51300
0!
02
#51305
1!
12
#51310
0!
02
#51315
1!
12
#51320
0!
02
#51325
1!
12
#51330
0!
02
#51335
1!
12
#51340
0!
02
#51345
1!
12
#51350
0!
02
#51355
1!
12
#51360
0!
02
#51365
1!
12
#51370
0!
02
#51375
1!
12
#51380
0!
02
#51385
1!
12
#51390
0!
02
#51395
1!
12
#51400
0!
02
#51405
1!
12
#51410
0!
02
#51415
1!
12
#51420
0!
02
#51425
1!
12
#51430
0!
02
#51435
1!
12
#51440
0!
02
#51445
1!
12
#51450
0!
02
#51455
1!
12
#51460
0!
02
#51465
1!
12
#51470
0!
02
#51475
1!
12
#51480
0!
02
#51485
1!
12
#51490
0!
02
#51495
1!
12
#51500
0!
02
#51505
1!
12
#51510
0!
02
#51515
1!
12
#51520
0!
02
#51525
1!
12
#51530
0!
02
#51535
1!
12
#51540
0!
02
#51545
1!
12
#51550
0!
02
#51555
1!
12
#51560
0!
02
#51565
1!
12
#51570
0!
02
#51575
1!
12
#51580
0!
02
#51585
1!
12
#51590
0!
02
#51595
1!
12
#51600
0!
02
#51605
1!
12
#51610
0!
02
#51615
1!
12
#51620
0!
02
#51625
1!
12
#51630
0!
02
#51635
1!
12
#51640
0!
02
#51645
1!
12
#51650
0!
02
#51655
1!
12
#51660
0!
02
#51665
1!
12
#51670
0!
02
#51675
1!
12
#51680
0!
02
#51685
1!
12
#51690
0!
02
#51695
1!
12
#51700
0!
02
#51705
1!
12
#51710
0!
02
#51715
1!
12
#51720
0!
02
#51725
1!
12
#51730
0!
02
#51735
1!
12
#51740
0!
02
#51745
1!
12
#51750
0!
02
#51755
1!
12
#51760
0!
02
#51765
1!
12
#51770
0!
02
#51775
1!
12
#51780
0!
02
#51785
1!
12
#51790
0!
02
#51795
1!
12
#51800
0!
02
#51805
1!
12
#51810
0!
02
#51815
1!
12
#51820
0!
02
#51825
1!
12
#51830
0!
02
#51835
1!
12
#51840
0!
02
#51845
1!
12
#51850
0!
02
#51855
1!
12
#51860
0!
02
#51865
1!
12
#51870
0!
02
#51875
1!
12
#51880
0!
02
#51885
1!
12
#51890
0!
02
#51895
1!
12
#51900
0!
02
#51905
1!
12
#51910
0!
02
#51915
1!
12
#51920
0!
02
#51925
1!
12
#51930
0!
02
#51935
1!
12
#51940
0!
02
#51945
1!
12
#51950
0!
02
#51955
1!
12
#51960
0!
02
#51965
1!
12
#51970
0!
02
#51975
1!
12
#51980
0!
02
#51985
1!
12
#51990
0!
02
#51995
1!
12
#52000
0!
02
#52005
1!
12
#52010
0!
02
#52015
1!
12
#52020
0!
02
#52025
1!
12
#52030
0!
02
#52035
1!
12
#52040
0!
02
#52045
1!
12
#52050
0!
02
#52055
1!
12
#52060
0!
02
#52065
1!
12
#52070
0!
02
#52075
1!
12
#52080
0!
02
#52085
1!
12
#52090
0!
02
#52095
1!
12
#52100
0!
02
#52105
1!
12
#52110
0!
02
#52115
1!
12
#52120
0!
02
#52125
1!
12
#52130
0!
02
#52135
1!
12
#52140
0!
02
#52145
1!
12
#52150
0!
02
#52155
1!
12
#52160
0!
02
#52165
1!
12
#52170
0!
02
#52175
1!
12
#52180
0!
02
#52185
1!
12
#52190
0!
02
#52195
1!
12
#52200
0!
02
#52205
1!
12
#52210
0!
02
#52215
1!
12
#52220
0!
02
#52225
1!
12
#52230
0!
02
#52235
1!
12
#52240
0!
02
#52245
1!
12
#52250
0!
02
#52255
1!
12
#52260
0!
02
#52265
1!
12
#52270
0!
02
#52275
1!
12
#52280
0!
02
#52285
1!
12
#52290
0!
02
#52295
1!
12
#52300
0!
02
#52305
1!
12
#52310
0!
02
#52315
1!
12
#52320
0!
02
#52325
1!
12
#52330
0!
02
#52335
1!
12
#52340
0!
02
#52345
1!
12
#52350
0!
02
#52355
1!
12
#52360
0!
02
#52365
1!
12
#52370
0!
02
#52375
1!
12
#52380
0!
02
#52385
1!
12
#52390
0!
02
#52395
1!
12
#52400
0!
02
#52405
1!
12
#52410
0!
02
#52415
1!
12
#52420
0!
02
#52425
1!
12
#52430
0!
02
#52435
1!
12
#52440
0!
02
#52445
1!
12
#52450
0!
02
#52455
1!
12
#52460
0!
02
#52465
1!
12
#52470
0!
02
#52475
1!
12
#52480
0!
02
#52485
1!
12
#52490
0!
02
#52495
1!
12
#52500
0!
02
#52505
1!
12
#52510
0!
02
#52515
1!
12
#52520
0!
02
#52525
1!
12
#52530
0!
02
#52535
1!
12
#52540
0!
02
#52545
1!
12
#52550
0!
02
#52555
1!
12
#52560
0!
02
#52565
1!
12
#52570
0!
02
#52575
1!
12
#52580
0!
02
#52585
1!
12
#52590
0!
02
#52595
1!
12
#52600
0!
02
#52605
1!
12
#52610
0!
02
#52615
1!
12
#52620
0!
02
#52625
1!
12
#52630
0!
02
#52635
1!
12
#52640
0!
02
#52645
1!
12
#52650
0!
02
#52655
1!
12
#52660
0!
02
#52665
1!
12
#52670
0!
02
#52675
1!
12
#52680
0!
02
#52685
1!
12
#52690
0!
02
#52695
1!
12
#52700
0!
02
#52705
1!
12
#52710
0!
02
#52715
1!
12
#52720
0!
02
#52725
1!
12
#52730
0!
02
#52735
1!
12
#52740
0!
02
#52745
1!
12
#52750
0!
02
#52755
1!
12
#52760
0!
02
#52765
1!
12
#52770
0!
02
#52775
1!
12
#52780
0!
02
#52785
1!
12
#52790
0!
02
#52795
1!
12
#52800
0!
02
#52805
1!
12
#52810
0!
02
#52815
1!
12
#52820
0!
02
#52825
1!
12
#52830
0!
02
#52835
1!
12
#52840
0!
02
#52845
1!
12
#52850
0!
02
#52855
1!
12
#52860
0!
02
#52865
1!
12
#52870
0!
02
#52875
1!
12
#52880
0!
02
#52885
1!
12
#52890
0!
02
#52895
1!
12
#52900
0!
02
#52905
1!
12
#52910
0!
02
#52915
1!
12
#52920
0!
02
#52925
1!
12
#52930
0!
02
#52935
1!
12
#52940
0!
02
#52945
1!
12
#52950
0!
02
#52955
1!
12
#52960
0!
02
#52965
1!
12
#52970
0!
02
#52975
1!
12
#52980
0!
02
#52985
1!
12
#52990
0!
02
#52995
1!
12
#53000
0!
02
#53005
1!
12
#53010
0!
02
#53015
1!
12
#53020
0!
02
#53025
1!
12
#53030
0!
02
#53035
1!
12
#53040
0!
02
#53045
1!
12
#53050
0!
02
#53055
1!
12
#53060
0!
02
#53065
1!
12
#53070
0!
02
#53075
1!
12
#53080
0!
02
#53085
1!
12
#53090
0!
02
#53095
1!
12
#53100
0!
02
#53105
1!
12
#53110
0!
02
#53115
1!
12
#53120
0!
02
#53125
1!
12
#53130
0!
02
#53135
1!
12
#53140
0!
02
#53145
1!
12
#53150
0!
02
#53155
1!
12
#53160
0!
02
#53165
1!
12
#53170
0!
02
#53175
1!
12
#53180
0!
02
#53185
1!
12
#53190
0!
02
#53195
1!
12
#53200
0!
02
#53205
1!
12
#53210
0!
02
#53215
1!
12
#53220
0!
02
#53225
1!
12
#53230
0!
02
#53235
1!
12
#53240
0!
02
#53245
1!
12
#53250
0!
02
#53255
1!
12
#53260
0!
02
#53265
1!
12
#53270
0!
02
#53275
1!
12
#53280
0!
02
#53285
1!
12
#53290
0!
02
#53295
1!
12
#53300
0!
02
#53305
1!
12
#53310
0!
02
#53315
1!
12
#53320
0!
02
#53325
1!
12
#53330
0!
02
#53335
1!
12
#53340
0!
02
#53345
1!
12
#53350
0!
02
#53355
1!
12
#53360
0!
02
#53365
1!
12
#53370
0!
02
#53375
1!
12
#53380
0!
02
#53385
1!
12
#53390
0!
02
#53395
1!
12
#53400
0!
02
#53405
1!
12
#53410
0!
02
#53415
1!
12
#53420
0!
02
#53425
1!
12
#53430
0!
02
#53435
1!
12
#53440
0!
02
#53445
1!
12
#53450
0!
02
#53455
1!
12
#53460
0!
02
#53465
1!
12
#53470
0!
02
#53475
1!
12
#53480
0!
02
#53485
1!
12
#53490
0!
02
#53495
1!
12
#53500
0!
02
#53505
1!
12
#53510
0!
02
#53515
1!
12
#53520
0!
02
#53525
1!
12
#53530
0!
02
#53535
1!
12
#53540
0!
02
#53545
1!
12
#53550
0!
02
#53555
1!
12
#53560
0!
02
#53565
1!
12
#53570
0!
02
#53575
1!
12
#53580
0!
02
#53585
1!
12
#53590
0!
02
#53595
1!
12
#53600
0!
02
#53605
1!
12
#53610
0!
02
#53615
1!
12
#53620
0!
02
#53625
1!
12
#53630
0!
02
#53635
1!
12
#53640
0!
02
#53645
1!
12
#53650
0!
02
#53655
1!
12
#53660
0!
02
#53665
1!
12
#53670
0!
02
#53675
1!
12
#53680
0!
02
#53685
1!
12
#53690
0!
02
#53695
1!
12
#53700
0!
02
#53705
1!
12
#53710
0!
02
#53715
1!
12
#53720
0!
02
#53725
1!
12
#53730
0!
02
#53735
1!
12
#53740
0!
02
#53745
1!
12
#53750
0!
02
#53755
1!
12
#53760
0!
02
#53765
1!
12
#53770
0!
02
#53775
1!
12
#53780
0!
02
#53785
1!
12
#53790
0!
02
#53795
1!
12
#53800
0!
02
#53805
1!
12
#53810
0!
02
#53815
1!
12
#53820
0!
02
#53825
1!
12
#53830
0!
02
#53835
1!
12
#53840
0!
02
#53845
1!
12
#53850
0!
02
#53855
1!
12
#53860
0!
02
#53865
1!
12
#53870
0!
02
#53875
1!
12
#53880
0!
02
#53885
1!
12
#53890
0!
02
#53895
1!
12
#53900
0!
02
#53905
1!
12
#53910
0!
02
#53915
1!
12
#53920
0!
02
#53925
1!
12
#53930
0!
02
#53935
1!
12
#53940
0!
02
#53945
1!
12
#53950
0!
02
#53955
1!
12
#53960
0!
02
#53965
1!
12
#53970
0!
02
#53975
1!
12
#53980
0!
02
#53985
1!
12
#53990
0!
02
#53995
1!
12
#54000
0!
02
#54005
1!
12
#54010
0!
02
#54015
1!
12
#54020
0!
02
#54025
1!
12
#54030
0!
02
#54035
1!
12
#54040
0!
02
#54045
1!
12
#54050
0!
02
#54055
1!
12
#54060
0!
02
#54065
1!
12
#54070
0!
02
#54075
1!
12
#54080
0!
02
#54085
1!
12
#54090
0!
02
#54095
1!
12
#54100
0!
02
#54105
1!
12
#54110
0!
02
#54115
1!
12
#54120
0!
02
#54125
1!
12
#54130
0!
02
#54135
1!
12
#54140
0!
02
#54145
1!
12
#54150
0!
02
#54155
1!
12
#54160
0!
02
#54165
1!
12
#54170
0!
02
#54175
1!
12
#54180
0!
02
#54185
1!
12
#54190
0!
02
#54195
1!
12
#54200
0!
02
#54205
1!
12
#54210
0!
02
#54215
1!
12
#54220
0!
02
#54225
1!
12
#54230
0!
02
#54235
1!
12
#54240
0!
02
#54245
1!
12
#54250
0!
02
#54255
1!
12
#54260
0!
02
#54265
1!
12
#54270
0!
02
#54275
1!
12
#54280
0!
02
#54285
1!
12
#54290
0!
02
#54295
1!
12
#54300
0!
02
#54305
1!
12
#54310
0!
02
#54315
1!
12
#54320
0!
02
#54325
1!
12
#54330
0!
02
#54335
1!
12
#54340
0!
02
#54345
1!
12
#54350
0!
02
#54355
1!
12
#54360
0!
02
#54365
1!
12
#54370
0!
02
#54375
1!
12
#54380
0!
02
#54385
1!
12
#54390
0!
02
#54395
1!
12
#54400
0!
02
#54405
1!
12
#54410
0!
02
#54415
1!
12
#54420
0!
02
#54425
1!
12
#54430
0!
02
#54435
1!
12
#54440
0!
02
#54445
1!
12
#54450
0!
02
#54455
1!
12
#54460
0!
02
#54465
1!
12
#54470
0!
02
#54475
1!
12
#54480
0!
02
#54485
1!
12
#54490
0!
02
#54495
1!
12
#54500
0!
02
#54505
1!
12
#54510
0!
02
#54515
1!
12
#54520
0!
02
#54525
1!
12
#54530
0!
02
#54535
1!
12
#54540
0!
02
#54545
1!
12
#54550
0!
02
#54555
1!
12
#54560
0!
02
#54565
1!
12
#54570
0!
02
#54575
1!
12
#54580
0!
02
#54585
1!
12
#54590
0!
02
#54595
1!
12
#54600
0!
02
#54605
1!
12
#54610
0!
02
#54615
1!
12
#54620
0!
02
#54625
1!
12
#54630
0!
02
#54635
1!
12
#54640
0!
02
#54645
1!
12
#54650
0!
02
#54655
1!
12
#54660
0!
02
#54665
1!
12
#54670
0!
02
#54675
1!
12
#54680
0!
02
#54685
1!
12
#54690
0!
02
#54695
1!
12
#54700
0!
02
#54705
1!
12
#54710
0!
02
#54715
1!
12
#54720
0!
02
#54725
1!
12
#54730
0!
02
#54735
1!
12
#54740
0!
02
#54745
1!
12
#54750
0!
02
#54755
1!
12
#54760
0!
02
#54765
1!
12
#54770
0!
02
#54775
1!
12
#54780
0!
02
#54785
1!
12
#54790
0!
02
#54795
1!
12
#54800
0!
02
#54805
1!
12
#54810
0!
02
#54815
1!
12
#54820
0!
02
#54825
1!
12
#54830
0!
02
#54835
1!
12
#54840
0!
02
#54845
1!
12
#54850
0!
02
#54855
1!
12
#54860
0!
02
#54865
1!
12
#54870
0!
02
#54875
1!
12
#54880
0!
02
#54885
1!
12
#54890
0!
02
#54895
1!
12
#54900
0!
02
#54905
1!
12
#54910
0!
02
#54915
1!
12
#54920
0!
02
#54925
1!
12
#54930
0!
02
#54935
1!
12
#54940
0!
02
#54945
1!
12
#54950
0!
02
#54955
1!
12
#54960
0!
02
#54965
1!
12
#54970
0!
02
#54975
1!
12
#54980
0!
02
#54985
1!
12
#54990
0!
02
#54995
1!
12
#55000
0!
02
#55005
1!
12
#55010
0!
02
#55015
1!
12
#55020
0!
02
#55025
1!
12
#55030
0!
02
#55035
1!
12
#55040
0!
02
#55045
1!
12
#55050
0!
02
#55055
1!
12
#55060
0!
02
#55065
1!
12
#55070
0!
02
#55075
1!
12
#55080
0!
02
#55085
1!
12
#55090
0!
02
#55095
1!
12
#55100
0!
02
#55105
1!
12
#55110
0!
02
#55115
1!
12
#55120
0!
02
#55125
1!
12
#55130
0!
02
#55135
1!
12
#55140
0!
02
#55145
1!
12
#55150
0!
02
#55155
1!
12
#55160
0!
02
#55165
1!
12
#55170
0!
02
#55175
1!
12
#55180
0!
02
#55185
1!
12
#55190
0!
02
#55195
1!
12
#55200
0!
02
#55205
1!
12
#55210
0!
02
#55215
1!
12
#55220
0!
02
#55225
1!
12
#55230
0!
02
#55235
1!
12
#55240
0!
02
#55245
1!
12
#55250
0!
02
#55255
1!
12
#55260
0!
02
#55265
1!
12
#55270
0!
02
#55275
1!
12
#55280
0!
02
#55285
1!
12
#55290
0!
02
#55295
1!
12
#55300
0!
02
#55305
1!
12
#55310
0!
02
#55315
1!
12
#55320
0!
02
#55325
1!
12
#55330
0!
02
#55335
1!
12
#55340
0!
02
#55345
1!
12
#55350
0!
02
#55355
1!
12
#55360
0!
02
#55365
1!
12
#55370
0!
02
#55375
1!
12
#55380
0!
02
#55385
1!
12
#55390
0!
02
#55395
1!
12
#55400
0!
02
#55405
1!
12
#55410
0!
02
#55415
1!
12
#55420
0!
02
#55425
1!
12
#55430
0!
02
#55435
1!
12
#55440
0!
02
#55445
1!
12
#55450
0!
02
#55455
1!
12
#55460
0!
02
#55465
1!
12
#55470
0!
02
#55475
1!
12
#55480
0!
02
#55485
1!
12
#55490
0!
02
#55495
1!
12
#55500
0!
02
#55505
1!
12
#55510
0!
02
#55515
1!
12
#55520
0!
02
#55525
1!
12
#55530
0!
02
#55535
1!
12
#55540
0!
02
#55545
1!
12
#55550
0!
02
#55555
1!
12
#55560
0!
02
#55565
1!
12
#55570
0!
02
#55575
1!
12
#55580
0!
02
#55585
1!
12
#55590
0!
02
#55595
1!
12
#55600
0!
02
#55605
1!
12
#55610
0!
02
#55615
1!
12
#55620
0!
02
#55625
1!
12
#55630
0!
02
#55635
1!
12
#55640
0!
02
#55645
1!
12
#55650
0!
02
#55655
1!
12
#55660
0!
02
#55665
1!
12
#55670
0!
02
#55675
1!
12
#55680
0!
02
#55685
1!
12
#55690
0!
02
#55695
1!
12
#55700
0!
02
#55705
1!
12
#55710
0!
02
#55715
1!
12
#55720
0!
02
#55725
1!
12
#55730
0!
02
#55735
1!
12
#55740
0!
02
#55745
1!
12
#55750
0!
02
#55755
1!
12
#55760
0!
02
#55765
1!
12
#55770
0!
02
#55775
1!
12
#55780
0!
02
#55785
1!
12
#55790
0!
02
#55795
1!
12
#55800
0!
02
#55805
1!
12
#55810
0!
02
#55815
1!
12
#55820
0!
02
#55825
1!
12
#55830
0!
02
#55835
1!
12
#55840
0!
02
#55845
1!
12
#55850
0!
02
#55855
1!
12
#55860
0!
02
#55865
1!
12
#55870
0!
02
#55875
1!
12
#55880
0!
02
#55885
1!
12
#55890
0!
02
#55895
1!
12
#55900
0!
02
#55905
1!
12
#55910
0!
02
#55915
1!
12
#55920
0!
02
#55925
1!
12
#55930
0!
02
#55935
1!
12
#55940
0!
02
#55945
1!
12
#55950
0!
02
#55955
1!
12
#55960
0!
02
#55965
1!
12
#55970
0!
02
#55975
1!
12
#55980
0!
02
#55985
1!
12
#55990
0!
02
#55995
1!
12
#56000
0!
02
#56005
1!
12
#56010
0!
02
#56015
1!
12
#56020
0!
02
#56025
1!
12
#56030
0!
02
#56035
1!
12
#56040
0!
02
#56045
1!
12
#56050
0!
02
#56055
1!
12
#56060
0!
02
#56065
1!
12
#56070
0!
02
#56075
1!
12
#56080
0!
02
#56085
1!
12
#56090
0!
02
#56095
1!
12
#56100
0!
02
#56105
1!
12
#56110
0!
02
#56115
1!
12
#56120
0!
02
#56125
1!
12
#56130
0!
02
#56135
1!
12
#56140
0!
02
#56145
1!
12
#56150
0!
02
#56155
1!
12
#56160
0!
02
#56165
1!
12
#56170
0!
02
#56175
1!
12
#56180
0!
02
#56185
1!
12
#56190
0!
02
#56195
1!
12
#56200
0!
02
#56205
1!
12
#56210
0!
02
#56215
1!
12
#56220
0!
02
#56225
1!
12
#56230
0!
02
#56235
1!
12
#56240
0!
02
#56245
1!
12
#56250
0!
02
#56255
1!
12
#56260
0!
02
#56265
1!
12
#56270
0!
02
#56275
1!
12
#56280
0!
02
#56285
1!
12
#56290
0!
02
#56295
1!
12
#56300
0!
02
#56305
1!
12
#56310
0!
02
#56315
1!
12
#56320
0!
02
#56325
1!
12
#56330
0!
02
#56335
1!
12
#56340
0!
02
#56345
1!
12
#56350
0!
02
#56355
1!
12
#56360
0!
02
#56365
1!
12
#56370
0!
02
#56375
1!
12
#56380
0!
02
#56385
1!
12
#56390
0!
02
#56395
1!
12
#56400
0!
02
#56405
1!
12
#56410
0!
02
#56415
1!
12
#56420
0!
02
#56425
1!
12
#56430
0!
02
#56435
1!
12
#56440
0!
02
#56445
1!
12
#56450
0!
02
#56455
1!
12
#56460
0!
02
#56465
1!
12
#56470
0!
02
#56475
1!
12
#56480
0!
02
#56485
1!
12
#56490
0!
02
#56495
1!
12
#56500
0!
02
#56505
1!
12
#56510
0!
02
#56515
1!
12
#56520
0!
02
#56525
1!
12
#56530
0!
02
#56535
1!
12
#56540
0!
02
#56545
1!
12
#56550
0!
02
#56555
1!
12
#56560
0!
02
#56565
1!
12
#56570
0!
02
#56575
1!
12
#56580
0!
02
#56585
1!
12
#56590
0!
02
#56595
1!
12
#56600
0!
02
#56605
1!
12
#56610
0!
02
#56615
1!
12
#56620
0!
02
#56625
1!
12
#56630
0!
02
#56635
1!
12
#56640
0!
02
#56645
1!
12
#56650
0!
02
#56655
1!
12
#56660
0!
02
#56665
1!
12
#56670
0!
02
#56675
1!
12
#56680
0!
02
#56685
1!
12
#56690
0!
02
#56695
1!
12
#56700
0!
02
#56705
1!
12
#56710
0!
02
#56715
1!
12
#56720
0!
02
#56725
1!
12
#56730
0!
02
#56735
1!
12
#56740
0!
02
#56745
1!
12
#56750
0!
02
#56755
1!
12
#56760
0!
02
#56765
1!
12
#56770
0!
02
#56775
1!
12
#56780
0!
02
#56785
1!
12
#56790
0!
02
#56795
1!
12
#56800
0!
02
#56805
1!
12
#56810
0!
02
#56815
1!
12
#56820
0!
02
#56825
1!
12
#56830
0!
02
#56835
1!
12
#56840
0!
02
#56845
1!
12
#56850
0!
02
#56855
1!
12
#56860
0!
02
#56865
1!
12
#56870
0!
02
#56875
1!
12
#56880
0!
02
#56885
1!
12
#56890
0!
02
#56895
1!
12
#56900
0!
02
#56905
1!
12
#56910
0!
02
#56915
1!
12
#56920
0!
02
#56925
1!
12
#56930
0!
02
#56935
1!
12
#56940
0!
02
#56945
1!
12
#56950
0!
02
#56955
1!
12
#56960
0!
02
#56965
1!
12
#56970
0!
02
#56975
1!
12
#56980
0!
02
#56985
1!
12
#56990
0!
02
#56995
1!
12
#57000
0!
02
#57005
1!
12
#57010
0!
02
#57015
1!
12
#57020
0!
02
#57025
1!
12
#57030
0!
02
#57035
1!
12
#57040
0!
02
#57045
1!
12
#57050
0!
02
#57055
1!
12
#57060
0!
02
#57065
1!
12
#57070
0!
02
#57075
1!
12
#57080
0!
02
#57085
1!
12
#57090
0!
02
#57095
1!
12
#57100
0!
02
#57105
1!
12
#57110
0!
02
#57115
1!
12
#57120
0!
02
#57125
1!
12
#57130
0!
02
#57135
1!
12
#57140
0!
02
#57145
1!
12
#57150
0!
02
#57155
1!
12
#57160
0!
02
#57165
1!
12
#57170
0!
02
#57175
1!
12
#57180
0!
02
#57185
1!
12
#57190
0!
02
#57195
1!
12
#57200
0!
02
#57205
1!
12
#57210
0!
02
#57215
1!
12
#57220
0!
02
#57225
1!
12
#57230
0!
02
#57235
1!
12
#57240
0!
02
#57245
1!
12
#57250
0!
02
#57255
1!
12
#57260
0!
02
#57265
1!
12
#57270
0!
02
#57275
1!
12
#57280
0!
02
#57285
1!
12
#57290
0!
02
#57295
1!
12
#57300
0!
02
#57305
1!
12
#57310
0!
02
#57315
1!
12
#57320
0!
02
#57325
1!
12
#57330
0!
02
#57335
1!
12
#57340
0!
02
#57345
1!
12
#57350
0!
02
#57355
1!
12
#57360
0!
02
#57365
1!
12
#57370
0!
02
#57375
1!
12
#57380
0!
02
#57385
1!
12
#57390
0!
02
#57395
1!
12
#57400
0!
02
#57405
1!
12
#57410
0!
02
#57415
1!
12
#57420
0!
02
#57425
1!
12
#57430
0!
02
#57435
1!
12
#57440
0!
02
#57445
1!
12
#57450
0!
02
#57455
1!
12
#57460
0!
02
#57465
1!
12
#57470
0!
02
#57475
1!
12
#57480
0!
02
#57485
1!
12
#57490
0!
02
#57495
1!
12
#57500
0!
02
#57505
1!
12
#57510
0!
02
#57515
1!
12
#57520
0!
02
#57525
1!
12
#57530
0!
02
#57535
1!
12
#57540
0!
02
#57545
1!
12
#57550
0!
02
#57555
1!
12
#57560
0!
02
#57565
1!
12
#57570
0!
02
#57575
1!
12
#57580
0!
02
#57585
1!
12
#57590
0!
02
#57595
1!
12
#57600
0!
02
#57605
1!
12
#57610
0!
02
#57615
1!
12
#57620
0!
02
#57625
1!
12
#57630
0!
02
#57635
1!
12
#57640
0!
02
#57645
1!
12
#57650
0!
02
#57655
1!
12
#57660
0!
02
#57665
1!
12
#57670
0!
02
#57675
1!
12
#57680
0!
02
#57685
1!
12
#57690
0!
02
#57695
1!
12
#57700
0!
02
#57705
1!
12
#57710
0!
02
#57715
1!
12
#57720
0!
02
#57725
1!
12
#57730
0!
02
#57735
1!
12
#57740
0!
02
#57745
1!
12
#57750
0!
02
#57755
1!
12
#57760
0!
02
#57765
1!
12
#57770
0!
02
#57775
1!
12
#57780
0!
02
#57785
1!
12
#57790
0!
02
#57795
1!
12
#57800
0!
02
#57805
1!
12
#57810
0!
02
#57815
1!
12
#57820
0!
02
#57825
1!
12
#57830
0!
02
#57835
1!
12
#57840
0!
02
#57845
1!
12
#57850
0!
02
#57855
1!
12
#57860
0!
02
#57865
1!
12
#57870
0!
02
#57875
1!
12
#57880
0!
02
#57885
1!
12
#57890
0!
02
#57895
1!
12
#57900
0!
02
#57905
1!
12
#57910
0!
02
#57915
1!
12
#57920
0!
02
#57925
1!
12
#57930
0!
02
#57935
1!
12
#57940
0!
02
#57945
1!
12
#57950
0!
02
#57955
1!
12
#57960
0!
02
#57965
1!
12
#57970
0!
02
#57975
1!
12
#57980
0!
02
#57985
1!
12
#57990
0!
02
#57995
1!
12
#58000
0!
02
#58005
1!
12
#58010
0!
02
#58015
1!
12
#58020
0!
02
#58025
1!
12
#58030
0!
02
#58035
1!
12
#58040
0!
02
#58045
1!
12
#58050
0!
02
#58055
1!
12
#58060
0!
02
#58065
1!
12
#58070
0!
02
#58075
1!
12
#58080
0!
02
#58085
1!
12
#58090
0!
02
#58095
1!
12
#58100
0!
02
#58105
1!
12
#58110
0!
02
#58115
1!
12
#58120
0!
02
#58125
1!
12
#58130
0!
02
#58135
1!
12
#58140
0!
02
#58145
1!
12
#58150
0!
02
#58155
1!
12
#58160
0!
02
#58165
1!
12
#58170
0!
02
#58175
1!
12
#58180
0!
02
#58185
1!
12
#58190
0!
02
#58195
1!
12
#58200
0!
02
#58205
1!
12
#58210
0!
02
#58215
1!
12
#58220
0!
02
#58225
1!
12
#58230
0!
02
#58235
1!
12
#58240
0!
02
#58245
1!
12
#58250
0!
02
#58255
1!
12
#58260
0!
02
#58265
1!
12
#58270
0!
02
#58275
1!
12
#58280
0!
02
#58285
1!
12
#58290
0!
02
#58295
1!
12
#58300
0!
02
#58305
1!
12
#58310
0!
02
#58315
1!
12
#58320
0!
02
#58325
1!
12
#58330
0!
02
#58335
1!
12
#58340
0!
02
#58345
1!
12
#58350
0!
02
#58355
1!
12
#58360
0!
02
#58365
1!
12
#58370
0!
02
#58375
1!
12
#58380
0!
02
#58385
1!
12
#58390
0!
02
#58395
1!
12
#58400
0!
02
#58405
1!
12
#58410
0!
02
#58415
1!
12
#58420
0!
02
#58425
1!
12
#58430
0!
02
#58435
1!
12
#58440
0!
02
#58445
1!
12
#58450
0!
02
#58455
1!
12
#58460
0!
02
#58465
1!
12
#58470
0!
02
#58475
1!
12
#58480
0!
02
#58485
1!
12
#58490
0!
02
#58495
1!
12
#58500
0!
02
#58505
1!
12
#58510
0!
02
#58515
1!
12
#58520
0!
02
#58525
1!
12
#58530
0!
02
#58535
1!
12
#58540
0!
02
#58545
1!
12
#58550
0!
02
#58555
1!
12
#58560
0!
02
#58565
1!
12
#58570
0!
02
#58575
1!
12
#58580
0!
02
#58585
1!
12
#58590
0!
02
#58595
1!
12
#58600
0!
02
#58605
1!
12
#58610
0!
02
#58615
1!
12
#58620
0!
02
#58625
1!
12
#58630
0!
02
#58635
1!
12
#58640
0!
02
#58645
1!
12
#58650
0!
02
#58655
1!
12
#58660
0!
02
#58665
1!
12
#58670
0!
02
#58675
1!
12
#58680
0!
02
#58685
1!
12
#58690
0!
02
#58695
1!
12
#58700
0!
02
#58705
1!
12
#58710
0!
02
#58715
1!
12
#58720
0!
02
#58725
1!
12
#58730
0!
02
#58735
1!
12
#58740
0!
02
#58745
1!
12
#58750
0!
02
#58755
1!
12
#58760
0!
02
#58765
1!
12
#58770
0!
02
#58775
1!
12
#58780
0!
02
#58785
1!
12
#58790
0!
02
#58795
1!
12
#58800
0!
02
#58805
1!
12
#58810
0!
02
#58815
1!
12
#58820
0!
02
#58825
1!
12
#58830
0!
02
#58835
1!
12
#58840
0!
02
#58845
1!
12
#58850
0!
02
#58855
1!
12
#58860
0!
02
#58865
1!
12
#58870
0!
02
#58875
1!
12
#58880
0!
02
#58885
1!
12
#58890
0!
02
#58895
1!
12
#58900
0!
02
#58905
1!
12
#58910
0!
02
#58915
1!
12
#58920
0!
02
#58925
1!
12
#58930
0!
02
#58935
1!
12
#58940
0!
02
#58945
1!
12
#58950
0!
02
#58955
1!
12
#58960
0!
02
#58965
1!
12
#58970
0!
02
#58975
1!
12
#58980
0!
02
#58985
1!
12
#58990
0!
02
#58995
1!
12
#59000
0!
02
#59005
1!
12
#59010
0!
02
#59015
1!
12
#59020
0!
02
#59025
1!
12
#59030
0!
02
#59035
1!
12
#59040
0!
02
#59045
1!
12
#59050
0!
02
#59055
1!
12
#59060
0!
02
#59065
1!
12
#59070
0!
02
#59075
1!
12
#59080
0!
02
#59085
1!
12
#59090
0!
02
#59095
1!
12
#59100
0!
02
#59105
1!
12
#59110
0!
02
#59115
1!
12
#59120
0!
02
#59125
1!
12
#59130
0!
02
#59135
1!
12
#59140
0!
02
#59145
1!
12
#59150
0!
02
#59155
1!
12
#59160
0!
02
#59165
1!
12
#59170
0!
02
#59175
1!
12
#59180
0!
02
#59185
1!
12
#59190
0!
02
#59195
1!
12
#59200
0!
02
#59205
1!
12
#59210
0!
02
#59215
1!
12
#59220
0!
02
#59225
1!
12
#59230
0!
02
#59235
1!
12
#59240
0!
02
#59245
1!
12
#59250
0!
02
#59255
1!
12
#59260
0!
02
#59265
1!
12
#59270
0!
02
#59275
1!
12
#59280
0!
02
#59285
1!
12
#59290
0!
02
#59295
1!
12
#59300
0!
02
#59305
1!
12
#59310
0!
02
#59315
1!
12
#59320
0!
02
#59325
1!
12
#59330
0!
02
#59335
1!
12
#59340
0!
02
#59345
1!
12
#59350
0!
02
#59355
1!
12
#59360
0!
02
#59365
1!
12
#59370
0!
02
#59375
1!
12
#59380
0!
02
#59385
1!
12
#59390
0!
02
#59395
1!
12
#59400
0!
02
#59405
1!
12
#59410
0!
02
#59415
1!
12
#59420
0!
02
#59425
1!
12
#59430
0!
02
#59435
1!
12
#59440
0!
02
#59445
1!
12
#59450
0!
02
#59455
1!
12
#59460
0!
02
#59465
1!
12
#59470
0!
02
#59475
1!
12
#59480
0!
02
#59485
1!
12
#59490
0!
02
#59495
1!
12
#59500
0!
02
#59505
1!
12
#59510
0!
02
#59515
1!
12
#59520
0!
02
#59525
1!
12
#59530
0!
02
#59535
1!
12
#59540
0!
02
#59545
1!
12
#59550
0!
02
#59555
1!
12
#59560
0!
02
#59565
1!
12
#59570
0!
02
#59575
1!
12
#59580
0!
02
#59585
1!
12
#59590
0!
02
#59595
1!
12
#59600
0!
02
#59605
1!
12
#59610
0!
02
#59615
1!
12
#59620
0!
02
#59625
1!
12
#59630
0!
02
#59635
1!
12
#59640
0!
02
#59645
1!
12
#59650
0!
02
#59655
1!
12
#59660
0!
02
#59665
1!
12
#59670
0!
02
#59675
1!
12
#59680
0!
02
#59685
1!
12
#59690
0!
02
#59695
1!
12
#59700
0!
02
#59705
1!
12
#59710
0!
02
#59715
1!
12
#59720
0!
02
#59725
1!
12
#59730
0!
02
#59735
1!
12
#59740
0!
02
#59745
1!
12
#59750
0!
02
#59755
1!
12
#59760
0!
02
#59765
1!
12
#59770
0!
02
#59775
1!
12
#59780
0!
02
#59785
1!
12
#59790
0!
02
#59795
1!
12
#59800
0!
02
#59805
1!
12
#59810
0!
02
#59815
1!
12
#59820
0!
02
#59825
1!
12
#59830
0!
02
#59835
1!
12
#59840
0!
02
#59845
1!
12
#59850
0!
02
#59855
1!
12
#59860
0!
02
#59865
1!
12
#59870
0!
02
#59875
1!
12
#59880
0!
02
#59885
1!
12
#59890
0!
02
#59895
1!
12
#59900
0!
02
#59905
1!
12
#59910
0!
02
#59915
1!
12
#59920
0!
02
#59925
1!
12
#59930
0!
02
#59935
1!
12
#59940
0!
02
#59945
1!
12
#59950
0!
02
#59955
1!
12
#59960
0!
02
#59965
1!
12
#59970
0!
02
#59975
1!
12
#59980
0!
02
#59985
1!
12
#59990
0!
02
#59995
1!
12
#60000
0!
02
#60005
1!
12
#60010
0!
02
#60015
1!
12
#60020
0!
02
#60025
1!
12
#60030
0!
02
#60035
1!
12
#60040
0!
02
#60045
1!
12
#60050
0!
02
#60055
1!
12
#60060
0!
02
#60065
1!
12
#60070
0!
02
#60075
1!
12
#60080
0!
02
#60085
1!
12
#60090
0!
02
#60095
1!
12
#60100
0!
02
#60105
1!
12
#60110
0!
02
#60115
1!
12
#60120
0!
02
#60125
1!
12
#60130
0!
02
#60135
1!
12
#60140
0!
02
#60145
1!
12
#60150
0!
02
#60155
1!
12
#60160
0!
02
#60165
1!
12
#60170
0!
02
#60175
1!
12
#60180
0!
02
#60185
1!
12
#60190
0!
02
#60195
1!
12
#60200
0!
02
#60205
1!
12
#60210
0!
02
#60215
1!
12
#60220
0!
02
#60225
1!
12
#60230
0!
02
#60235
1!
12
#60240
0!
02
#60245
1!
12
#60250
0!
02
#60255
1!
12
#60260
0!
02
#60265
1!
12
#60270
0!
02
#60275
1!
12
#60280
0!
02
#60285
1!
12
#60290
0!
02
#60295
1!
12
#60300
0!
02
#60305
1!
12
#60310
0!
02
#60315
1!
12
#60320
0!
02
#60325
1!
12
#60330
0!
02
#60335
1!
12
#60340
0!
02
#60345
1!
12
#60350
0!
02
#60355
1!
12
#60360
0!
02
#60365
1!
12
#60370
0!
02
#60375
1!
12
#60380
0!
02
#60385
1!
12
#60390
0!
02
#60395
1!
12
#60400
0!
02
#60405
1!
12
#60410
0!
02
#60415
1!
12
#60420
0!
02
#60425
1!
12
#60430
0!
02
#60435
1!
12
#60440
0!
02
#60445
1!
12
#60450
0!
02
#60455
1!
12
#60460
0!
02
#60465
1!
12
#60470
0!
02
#60475
1!
12
#60480
0!
02
#60485
1!
12
#60490
0!
02
#60495
1!
12
#60500
0!
02
#60505
1!
12
#60510
0!
02
#60515
1!
12
#60520
0!
02
#60525
1!
12
#60530
0!
02
#60535
1!
12
#60540
0!
02
#60545
1!
12
#60550
0!
02
#60555
1!
12
#60560
0!
02
#60565
1!
12
#60570
0!
02
#60575
1!
12
#60580
0!
02
#60585
1!
12
#60590
0!
02
#60595
1!
12
#60600
0!
02
#60605
1!
12
#60610
0!
02
#60615
1!
12
#60620
0!
02
#60625
1!
12
#60630
0!
02
#60635
1!
12
#60640
0!
02
#60645
1!
12
#60650
0!
02
#60655
1!
12
#60660
0!
02
#60665
1!
12
#60670
0!
02
#60675
1!
12
#60680
0!
02
#60685
1!
12
#60690
0!
02
#60695
1!
12
#60700
0!
02
#60705
1!
12
#60710
0!
02
#60715
1!
12
#60720
0!
02
#60725
1!
12
#60730
0!
02
#60735
1!
12
#60740
0!
02
#60745
1!
12
#60750
0!
02
#60755
1!
12
#60760
0!
02
#60765
1!
12
#60770
0!
02
#60775
1!
12
#60780
0!
02
#60785
1!
12
#60790
0!
02
#60795
1!
12
#60800
0!
02
#60805
1!
12
#60810
0!
02
#60815
1!
12
#60820
0!
02
#60825
1!
12
#60830
0!
02
#60835
1!
12
#60840
0!
02
#60845
1!
12
#60850
0!
02
#60855
1!
12
#60860
0!
02
#60865
1!
12
#60870
0!
02
#60875
1!
12
#60880
0!
02
#60885
1!
12
#60890
0!
02
#60895
1!
12
#60900
0!
02
#60905
1!
12
#60910
0!
02
#60915
1!
12
#60920
0!
02
#60925
1!
12
#60930
0!
02
#60935
1!
12
#60940
0!
02
#60945
1!
12
#60950
0!
02
#60955
1!
12
#60960
0!
02
#60965
1!
12
#60970
0!
02
#60975
1!
12
#60980
0!
02
#60985
1!
12
#60990
0!
02
#60995
1!
12
#61000
0!
02
#61005
1!
12
#61010
0!
02
#61015
1!
12
#61020
0!
02
#61025
1!
12
#61030
0!
02
#61035
1!
12
#61040
0!
02
#61045
1!
12
#61050
0!
02
#61055
1!
12
#61060
0!
02
#61065
1!
12
#61070
0!
02
#61075
1!
12
#61080
0!
02
#61085
1!
12
#61090
0!
02
#61095
1!
12
#61100
0!
02
#61105
1!
12
#61110
0!
02
#61115
1!
12
#61120
0!
02
#61125
1!
12
#61130
0!
02
#61135
1!
12
#61140
0!
02
#61145
1!
12
#61150
0!
02
#61155
1!
12
#61160
0!
02
#61165
1!
12
#61170
0!
02
#61175
1!
12
#61180
0!
02
#61185
1!
12
#61190
0!
02
#61195
1!
12
#61200
0!
02
#61205
1!
12
#61210
0!
02
#61215
1!
12
#61220
0!
02
#61225
1!
12
#61230
0!
02
#61235
1!
12
#61240
0!
02
#61245
1!
12
#61250
0!
02
#61255
1!
12
#61260
0!
02
#61265
1!
12
#61270
0!
02
#61275
1!
12
#61280
0!
02
#61285
1!
12
#61290
0!
02
#61295
1!
12
#61300
0!
02
#61305
1!
12
#61310
0!
02
#61315
1!
12
#61320
0!
02
#61325
1!
12
#61330
0!
02
#61335
1!
12
#61340
0!
02
#61345
1!
12
#61350
0!
02
#61355
1!
12
#61360
0!
02
#61365
1!
12
#61370
0!
02
#61375
1!
12
#61380
0!
02
#61385
1!
12
#61390
0!
02
#61395
1!
12
#61400
0!
02
#61405
1!
12
#61410
0!
02
#61415
1!
12
#61420
0!
02
#61425
1!
12
#61430
0!
02
#61435
1!
12
#61440
0!
02
#61445
1!
12
#61450
0!
02
#61455
1!
12
#61460
0!
02
#61465
1!
12
#61470
0!
02
#61475
1!
12
#61480
0!
02
#61485
1!
12
#61490
0!
02
#61495
1!
12
#61500
0!
02
#61505
1!
12
#61510
0!
02
#61515
1!
12
#61520
0!
02
#61525
1!
12
#61530
0!
02
#61535
1!
12
#61540
0!
02
#61545
1!
12
#61550
0!
02
#61555
1!
12
#61560
0!
02
#61565
1!
12
#61570
0!
02
#61575
1!
12
#61580
0!
02
#61585
1!
12
#61590
0!
02
#61595
1!
12
#61600
0!
02
#61605
1!
12
#61610
0!
02
#61615
1!
12
#61620
0!
02
#61625
1!
12
#61630
0!
02
#61635
1!
12
#61640
0!
02
#61645
1!
12
#61650
0!
02
#61655
1!
12
#61660
0!
02
#61665
1!
12
#61670
0!
02
#61675
1!
12
#61680
0!
02
#61685
1!
12
#61690
0!
02
#61695
1!
12
#61700
0!
02
#61705
1!
12
#61710
0!
02
#61715
1!
12
#61720
0!
02
#61725
1!
12
#61730
0!
02
#61735
1!
12
#61740
0!
02
#61745
1!
12
#61750
0!
02
#61755
1!
12
#61760
0!
02
#61765
1!
12
#61770
0!
02
#61775
1!
12
#61780
0!
02
#61785
1!
12
#61790
0!
02
#61795
1!
12
#61800
0!
02
#61805
1!
12
#61810
0!
02
#61815
1!
12
#61820
0!
02
#61825
1!
12
#61830
0!
02
#61835
1!
12
#61840
0!
02
#61845
1!
12
#61850
0!
02
#61855
1!
12
#61860
0!
02
#61865
1!
12
#61870
0!
02
#61875
1!
12
#61880
0!
02
#61885
1!
12
#61890
0!
02
#61895
1!
12
#61900
0!
02
#61905
1!
12
#61910
0!
02
#61915
1!
12
#61920
0!
02
#61925
1!
12
#61930
0!
02
#61935
1!
12
#61940
0!
02
#61945
1!
12
#61950
0!
02
#61955
1!
12
#61960
0!
02
#61965
1!
12
#61970
0!
02
#61975
1!
12
#61980
0!
02
#61985
1!
12
#61990
0!
02
#61995
1!
12
#62000
0!
02
#62005
1!
12
#62010
0!
02
#62015
1!
12
#62020
0!
02
#62025
1!
12
#62030
0!
02
#62035
1!
12
#62040
0!
02
#62045
1!
12
#62050
0!
02
#62055
1!
12
#62060
0!
02
#62065
1!
12
#62070
0!
02
#62075
1!
12
#62080
0!
02
#62085
1!
12
#62090
0!
02
#62095
1!
12
#62100
0!
02
#62105
1!
12
#62110
0!
02
#62115
1!
12
#62120
0!
02
#62125
1!
12
#62130
0!
02
#62135
1!
12
#62140
0!
02
#62145
1!
12
#62150
0!
02
#62155
1!
12
#62160
0!
02
#62165
1!
12
#62170
0!
02
#62175
1!
12
#62180
0!
02
#62185
1!
12
#62190
0!
02
#62195
1!
12
#62200
0!
02
#62205
1!
12
#62210
0!
02
#62215
1!
12
#62220
0!
02
#62225
1!
12
#62230
0!
02
#62235
1!
12
#62240
0!
02
#62245
1!
12
#62250
0!
02
#62255
1!
12
#62260
0!
02
#62265
1!
12
#62270
0!
02
#62275
1!
12
#62280
0!
02
#62285
1!
12
#62290
0!
02
#62295
1!
12
#62300
0!
02
#62305
1!
12
#62310
0!
02
#62315
1!
12
#62320
0!
02
#62325
1!
12
#62330
0!
02
#62335
1!
12
#62340
0!
02
#62345
1!
12
#62350
0!
02
#62355
1!
12
#62360
0!
02
#62365
1!
12
#62370
0!
02
#62375
1!
12
#62380
0!
02
#62385
1!
12
#62390
0!
02
#62395
1!
12
#62400
0!
02
#62405
1!
12
#62410
0!
02
#62415
1!
12
#62420
0!
02
#62425
1!
12
#62430
0!
02
#62435
1!
12
#62440
0!
02
#62445
1!
12
#62450
0!
02
#62455
1!
12
#62460
0!
02
#62465
1!
12
#62470
0!
02
#62475
1!
12
#62480
0!
02
#62485
1!
12
#62490
0!
02
#62495
1!
12
#62500
0!
02
#62505
1!
12
#62510
0!
02
#62515
1!
12
#62520
0!
02
#62525
1!
12
#62530
0!
02
#62535
1!
12
#62540
0!
02
#62545
1!
12
#62550
0!
02
#62555
1!
12
#62560
0!
02
#62565
1!
12
#62570
0!
02
#62575
1!
12
#62580
0!
02
#62585
1!
12
#62590
0!
02
#62595
1!
12
#62600
0!
02
#62605
1!
12
#62610
0!
02
#62615
1!
12
#62620
0!
02
#62625
1!
12
#62630
0!
02
#62635
1!
12
#62640
0!
02
#62645
1!
12
#62650
0!
02
#62655
1!
12
#62660
0!
02
#62665
1!
12
#62670
0!
02
#62675
1!
12
#62680
0!
02
#62685
1!
12
#62690
0!
02
#62695
1!
12
#62700
0!
02
#62705
1!
12
#62710
0!
02
#62715
1!
12
#62720
0!
02
#62725
1!
12
#62730
0!
02
#62735
1!
12
#62740
0!
02
#62745
1!
12
#62750
0!
02
#62755
1!
12
#62760
0!
02
#62765
1!
12
#62770
0!
02
#62775
1!
12
#62780
0!
02
#62785
1!
12
#62790
0!
02
#62795
1!
12
#62800
0!
02
#62805
1!
12
#62810
0!
02
#62815
1!
12
#62820
0!
02
#62825
1!
12
#62830
0!
02
#62835
1!
12
#62840
0!
02
#62845
1!
12
#62850
0!
02
#62855
1!
12
#62860
0!
02
#62865
1!
12
#62870
0!
02
#62875
1!
12
#62880
0!
02
#62885
1!
12
#62890
0!
02
#62895
1!
12
#62900
0!
02
#62905
1!
12
#62910
0!
02
#62915
1!
12
#62920
0!
02
#62925
1!
12
#62930
0!
02
#62935
1!
12
#62940
0!
02
#62945
1!
12
#62950
0!
02
#62955
1!
12
#62960
0!
02
#62965
1!
12
#62970
0!
02
#62975
1!
12
#62980
0!
02
#62985
1!
12
#62990
0!
02
#62995
1!
12
#63000
0!
02
#63005
1!
12
#63010
0!
02
#63015
1!
12
#63020
0!
02
#63025
1!
12
#63030
0!
02
#63035
1!
12
#63040
0!
02
#63045
1!
12
#63050
0!
02
#63055
1!
12
#63060
0!
02
#63065
1!
12
#63070
0!
02
#63075
1!
12
#63080
0!
02
#63085
1!
12
#63090
0!
02
#63095
1!
12
#63100
0!
02
#63105
1!
12
#63110
0!
02
#63115
1!
12
#63120
0!
02
#63125
1!
12
#63130
0!
02
#63135
1!
12
#63140
0!
02
#63145
1!
12
#63150
0!
02
#63155
1!
12
#63160
0!
02
#63165
1!
12
#63170
0!
02
#63175
1!
12
#63180
0!
02
#63185
1!
12
#63190
0!
02
#63195
1!
12
#63200
0!
02
#63205
1!
12
#63210
0!
02
#63215
1!
12
#63220
0!
02
#63225
1!
12
#63230
0!
02
#63235
1!
12
#63240
0!
02
#63245
1!
12
#63250
0!
02
#63255
1!
12
#63260
0!
02
#63265
1!
12
#63270
0!
02
#63275
1!
12
#63280
0!
02
#63285
1!
12
#63290
0!
02
#63295
1!
12
#63300
0!
02
#63305
1!
12
#63310
0!
02
#63315
1!
12
#63320
0!
02
#63325
1!
12
#63330
0!
02
#63335
1!
12
#63340
0!
02
#63345
1!
12
#63350
0!
02
#63355
1!
12
#63360
0!
02
#63365
1!
12
#63370
0!
02
#63375
1!
12
#63380
0!
02
#63385
1!
12
#63390
0!
02
#63395
1!
12
#63400
0!
02
#63405
1!
12
#63410
0!
02
#63415
1!
12
#63420
0!
02
#63425
1!
12
#63430
0!
02
#63435
1!
12
#63440
0!
02
#63445
1!
12
#63450
0!
02
#63455
1!
12
#63460
0!
02
#63465
1!
12
#63470
0!
02
#63475
1!
12
#63480
0!
02
#63485
1!
12
#63490
0!
02
#63495
1!
12
#63500
0!
02
#63505
1!
12
#63510
0!
02
#63515
1!
12
#63520
0!
02
#63525
1!
12
#63530
0!
02
#63535
1!
12
#63540
0!
02
#63545
1!
12
#63550
0!
02
#63555
1!
12
#63560
0!
02
#63565
1!
12
#63570
0!
02
#63575
1!
12
#63580
0!
02
#63585
1!
12
#63590
0!
02
#63595
1!
12
#63600
0!
02
#63605
1!
12
#63610
0!
02
#63615
1!
12
#63620
0!
02
#63625
1!
12
#63630
0!
02
#63635
1!
12
#63640
0!
02
#63645
1!
12
#63650
0!
02
#63655
1!
12
#63660
0!
02
#63665
1!
12
#63670
0!
02
#63675
1!
12
#63680
0!
02
#63685
1!
12
#63690
0!
02
#63695
1!
12
#63700
0!
02
#63705
1!
12
#63710
0!
02
#63715
1!
12
#63720
0!
02
#63725
1!
12
#63730
0!
02
#63735
1!
12
#63740
0!
02
#63745
1!
12
#63750
0!
02
#63755
1!
12
#63760
0!
02
#63765
1!
12
#63770
0!
02
#63775
1!
12
#63780
0!
02
#63785
1!
12
#63790
0!
02
#63795
1!
12
#63800
0!
02
#63805
1!
12
#63810
0!
02
#63815
1!
12
#63820
0!
02
#63825
1!
12
#63830
0!
02
#63835
1!
12
#63840
0!
02
#63845
1!
12
#63850
0!
02
#63855
1!
12
#63860
0!
02
#63865
1!
12
#63870
0!
02
#63875
1!
12
#63880
0!
02
#63885
1!
12
#63890
0!
02
#63895
1!
12
#63900
0!
02
#63905
1!
12
#63910
0!
02
#63915
1!
12
#63920
0!
02
#63925
1!
12
#63930
0!
02
#63935
1!
12
#63940
0!
02
#63945
1!
12
#63950
0!
02
#63955
1!
12
#63960
0!
02
#63965
1!
12
#63970
0!
02
#63975
1!
12
#63980
0!
02
#63985
1!
12
#63990
0!
02
#63995
1!
12
#64000
0!
02
#64005
1!
12
#64010
0!
02
#64015
1!
12
#64020
0!
02
#64025
1!
12
#64030
0!
02
#64035
1!
12
#64040
0!
02
#64045
1!
12
#64050
0!
02
#64055
1!
12
#64060
0!
02
#64065
1!
12
#64070
0!
02
#64075
1!
12
#64080
0!
02
#64085
1!
12
#64090
0!
02
#64095
1!
12
#64100
0!
02
#64105
1!
12
#64110
0!
02
#64115
1!
12
#64120
0!
02
#64125
1!
12
#64130
0!
02
#64135
1!
12
#64140
0!
02
#64145
1!
12
#64150
0!
02
#64155
1!
12
#64160
0!
02
#64165
1!
12
#64170
0!
02
#64175
1!
12
#64180
0!
02
#64185
1!
12
#64190
0!
02
#64195
1!
12
#64200
0!
02
#64205
1!
12
#64210
0!
02
#64215
1!
12
#64220
0!
02
#64225
1!
12
#64230
0!
02
#64235
1!
12
#64240
0!
02
#64245
1!
12
#64250
0!
02
#64255
1!
12
#64260
0!
02
#64265
1!
12
#64270
0!
02
#64275
1!
12
#64280
0!
02
#64285
1!
12
#64290
0!
02
#64295
1!
12
#64300
0!
02
#64305
1!
12
#64310
0!
02
#64315
1!
12
#64320
0!
02
#64325
1!
12
#64330
0!
02
#64335
1!
12
#64340
0!
02
#64345
1!
12
#64350
0!
02
#64355
1!
12
#64360
0!
02
#64365
1!
12
#64370
0!
02
#64375
1!
12
#64380
0!
02
#64385
1!
12
#64390
0!
02
#64395
1!
12
#64400
0!
02
#64405
1!
12
#64410
0!
02
#64415
1!
12
#64420
0!
02
#64425
1!
12
#64430
0!
02
#64435
1!
12
#64440
0!
02
#64445
1!
12
#64450
0!
02
#64455
1!
12
#64460
0!
02
#64465
1!
12
#64470
0!
02
#64475
1!
12
#64480
0!
02
#64485
1!
12
#64490
0!
02
#64495
1!
12
#64500
0!
02
#64505
1!
12
#64510
0!
02
#64515
1!
12
#64520
0!
02
#64525
1!
12
#64530
0!
02
#64535
1!
12
#64540
0!
02
#64545
1!
12
#64550
0!
02
#64555
1!
12
#64560
0!
02
#64565
1!
12
#64570
0!
02
#64575
1!
12
#64580
0!
02
#64585
1!
12
#64590
0!
02
#64595
1!
12
#64600
0!
02
#64605
1!
12
#64610
0!
02
#64615
1!
12
#64620
0!
02
#64625
1!
12
#64630
0!
02
#64635
1!
12
#64640
0!
02
#64645
1!
12
#64650
0!
02
#64655
1!
12
#64660
0!
02
#64665
1!
12
#64670
0!
02
#64675
1!
12
#64680
0!
02
#64685
1!
12
#64690
0!
02
#64695
1!
12
#64700
0!
02
#64705
1!
12
#64710
0!
02
#64715
1!
12
#64720
0!
02
#64725
1!
12
#64730
0!
02
#64735
1!
12
#64740
0!
02
#64745
1!
12
#64750
0!
02
#64755
1!
12
#64760
0!
02
#64765
1!
12
#64770
0!
02
#64775
1!
12
#64780
0!
02
#64785
1!
12
#64790
0!
02
#64795
1!
12
#64800
0!
02
#64805
1!
12
#64810
0!
02
#64815
1!
12
#64820
0!
02
#64825
1!
12
#64830
0!
02
#64835
1!
12
#64840
0!
02
#64845
1!
12
#64850
0!
02
#64855
1!
12
#64860
0!
02
#64865
1!
12
#64870
0!
02
#64875
1!
12
#64880
0!
02
#64885
1!
12
#64890
0!
02
#64895
1!
12
#64900
0!
02
#64905
1!
12
#64910
0!
02
#64915
1!
12
#64920
0!
02
#64925
1!
12
#64930
0!
02
#64935
1!
12
#64940
0!
02
#64945
1!
12
#64950
0!
02
#64955
1!
12
#64960
0!
02
#64965
1!
12
#64970
0!
02
#64975
1!
12
#64980
0!
02
#64985
1!
12
#64990
0!
02
#64995
1!
12
#65000
0!
02
#65005
1!
12
#65010
0!
02
#65015
1!
12
#65020
0!
02
#65025
1!
12
#65030
0!
02
#65035
1!
12
#65040
0!
02
#65045
1!
12
#65050
0!
02
#65055
1!
12
#65060
0!
02
#65065
1!
12
#65070
0!
02
#65075
1!
12
#65080
0!
02
#65085
1!
12
#65090
0!
02
#65095
1!
12
#65100
0!
02
#65105
1!
12
#65110
0!
02
#65115
1!
12
#65120
0!
02
#65125
1!
12
#65130
0!
02
#65135
1!
12
#65140
0!
02
#65145
1!
12
#65150
0!
02
#65155
1!
12
#65160
0!
02
#65165
1!
12
#65170
0!
02
#65175
1!
12
#65180
0!
02
#65185
1!
12
#65190
0!
02
#65195
1!
12
#65200
0!
02
#65205
1!
12
#65210
0!
02
#65215
1!
12
#65220
0!
02
#65225
1!
12
#65230
0!
02
#65235
1!
12
#65240
0!
02
#65245
1!
12
#65250
0!
02
#65255
1!
12
#65260
0!
02
#65265
1!
12
#65270
0!
02
#65275
1!
12
#65280
0!
02
#65285
1!
12
#65290
0!
02
#65295
1!
12
#65300
0!
02
#65305
1!
12
#65310
0!
02
#65315
1!
12
#65320
0!
02
#65325
1!
12
#65330
0!
02
#65335
1!
12
#65340
0!
02
#65345
1!
12
#65350
0!
02
#65355
1!
12
#65360
0!
02
#65365
1!
12
#65370
0!
02
#65375
1!
12
#65380
0!
02
#65385
1!
12
#65390
0!
02
#65395
1!
12
#65400
0!
02
#65405
1!
12
#65410
0!
02
#65415
1!
12
#65420
0!
02
#65425
1!
12
#65430
0!
02
#65435
1!
12
#65440
0!
02
#65445
1!
12
#65450
0!
02
#65455
1!
12
#65460
0!
02
#65465
1!
12
#65470
0!
02
#65475
1!
12
#65480
0!
02
#65485
1!
12
#65490
0!
02
#65495
1!
12
#65500
0!
02
#65505
1!
12
#65510
0!
02
#65515
1!
12
#65520
0!
02
#65525
1!
12
#65530
0!
02
#65535
1!
12
#65540
0!
02
#65545
1!
12
#65550
0!
02
#65555
1!
12
#65560
0!
02
#65565
1!
12
#65570
0!
02
#65575
1!
12
#65580
0!
02
#65585
1!
12
#65590
0!
02
#65595
1!
12
#65600
0!
02
#65605
1!
12
#65610
0!
02
#65615
1!
12
#65620
0!
02
#65625
1!
12
#65630
0!
02
#65635
1!
12
#65640
0!
02
#65645
1!
12
#65650
0!
02
#65655
1!
12
#65660
0!
02
#65665
1!
12
#65670
0!
02
#65675
1!
12
#65680
0!
02
#65685
1!
12
#65690
0!
02
#65695
1!
12
#65700
0!
02
#65705
1!
12
#65710
0!
02
#65715
1!
12
#65720
0!
02
#65725
1!
12
#65730
0!
02
#65735
1!
12
#65740
0!
02
#65745
1!
12
#65750
0!
02
#65755
1!
12
#65760
0!
02
#65765
1!
12
#65770
0!
02
#65775
1!
12
#65780
0!
02
#65785
1!
12
#65790
0!
02
#65795
1!
12
#65800
0!
02
#65805
1!
12
#65810
0!
02
#65815
1!
12
#65820
0!
02
#65825
1!
12
#65830
0!
02
#65835
1!
12
#65840
0!
02
#65845
1!
12
#65850
0!
02
#65855
1!
12
#65860
0!
02
#65865
1!
12
#65870
0!
02
#65875
1!
12
#65880
0!
02
#65885
1!
12
#65890
0!
02
#65895
1!
12
#65900
0!
02
#65905
1!
12
#65910
0!
02
#65915
1!
12
#65920
0!
02
#65925
1!
12
#65930
0!
02
#65935
1!
12
#65940
0!
02
#65945
1!
12
#65950
0!
02
#65955
1!
12
#65960
0!
02
#65965
1!
12
#65970
0!
02
#65975
1!
12
#65980
0!
02
#65985
1!
12
#65990
0!
02
#65995
1!
12
#66000
0!
02
#66005
1!
12
#66010
0!
02
#66015
1!
12
#66020
0!
02
#66025
1!
12
#66030
0!
02
#66035
1!
12
#66040
0!
02
#66045
1!
12
#66050
0!
02
#66055
1!
12
#66060
0!
02
#66065
1!
12
#66070
0!
02
#66075
1!
12
#66080
0!
02
#66085
1!
12
#66090
0!
02
#66095
1!
12
#66100
0!
02
#66105
1!
12
#66110
0!
02
#66115
1!
12
#66120
0!
02
#66125
1!
12
#66130
0!
02
#66135
1!
12
#66140
0!
02
#66145
1!
12
#66150
0!
02
#66155
1!
12
#66160
0!
02
#66165
1!
12
#66170
0!
02
#66175
1!
12
#66180
0!
02
#66185
1!
12
#66190
0!
02
#66195
1!
12
#66200
0!
02
#66205
1!
12
#66210
0!
02
#66215
1!
12
#66220
0!
02
#66225
1!
12
#66230
0!
02
#66235
1!
12
#66240
0!
02
#66245
1!
12
#66250
0!
02
#66255
1!
12
#66260
0!
02
#66265
1!
12
#66270
0!
02
#66275
1!
12
#66280
0!
02
#66285
1!
12
#66290
0!
02
#66295
1!
12
#66300
0!
02
#66305
1!
12
#66310
0!
02
#66315
1!
12
#66320
0!
02
#66325
1!
12
#66330
0!
02
#66335
1!
12
#66340
0!
02
#66345
1!
12
#66350
0!
02
#66355
1!
12
#66360
0!
02
#66365
1!
12
#66370
0!
02
#66375
1!
12
#66380
0!
02
#66385
1!
12
#66390
0!
02
#66395
1!
12
#66400
0!
02
#66405
1!
12
#66410
0!
02
#66415
1!
12
#66420
0!
02
#66425
1!
12
#66430
0!
02
#66435
1!
12
#66440
0!
02
#66445
1!
12
#66450
0!
02
#66455
1!
12
#66460
0!
02
#66465
1!
12
#66470
0!
02
#66475
1!
12
#66480
0!
02
#66485
1!
12
#66490
0!
02
#66495
1!
12
#66500
0!
02
#66505
1!
12
#66510
0!
02
#66515
1!
12
#66520
0!
02
#66525
1!
12
#66530
0!
02
#66535
1!
12
#66540
0!
02
#66545
1!
12
#66550
0!
02
#66555
1!
12
#66560
0!
02
#66565
1!
12
#66570
0!
02
#66575
1!
12
#66580
0!
02
#66585
1!
12
#66590
0!
02
#66595
1!
12
#66600
0!
02
#66605
1!
12
#66610
0!
02
#66615
1!
12
#66620
0!
02
#66625
1!
12
#66630
0!
02
#66635
1!
12
#66640
0!
02
#66645
1!
12
#66650
0!
02
#66655
1!
12
#66660
0!
02
#66665
1!
12
#66670
0!
02
#66675
1!
12
#66680
0!
02
#66685
1!
12
#66690
0!
02
#66695
1!
12
#66700
0!
02
#66705
1!
12
#66710
0!
02
#66715
1!
12
#66720
0!
02
#66725
1!
12
#66730
0!
02
#66735
1!
12
#66740
0!
02
#66745
1!
12
#66750
0!
02
#66755
1!
12
#66760
0!
02
#66765
1!
12
#66770
0!
02
#66775
1!
12
#66780
0!
02
#66785
1!
12
#66790
0!
02
#66795
1!
12
#66800
0!
02
#66805
1!
12
#66810
0!
02
#66815
1!
12
#66820
0!
02
#66825
1!
12
#66830
0!
02
#66835
1!
12
#66840
0!
02
#66845
1!
12
#66850
0!
02
#66855
1!
12
#66860
0!
02
#66865
1!
12
#66870
0!
02
#66875
1!
12
#66880
0!
02
#66885
1!
12
#66890
0!
02
#66895
1!
12
#66900
0!
02
#66905
1!
12
#66910
0!
02
#66915
1!
12
#66920
0!
02
#66925
1!
12
#66930
0!
02
#66935
1!
12
#66940
0!
02
#66945
1!
12
#66950
0!
02
#66955
1!
12
#66960
0!
02
#66965
1!
12
#66970
0!
02
#66975
1!
12
#66980
0!
02
#66985
1!
12
#66990
0!
02
#66995
1!
12
#67000
0!
02
#67005
1!
12
#67010
0!
02
#67015
1!
12
#67020
0!
02
#67025
1!
12
#67030
0!
02
#67035
1!
12
#67040
0!
02
#67045
1!
12
#67050
0!
02
#67055
1!
12
#67060
0!
02
#67065
1!
12
#67070
0!
02
#67075
1!
12
#67080
0!
02
#67085
1!
12
#67090
0!
02
#67095
1!
12
#67100
0!
02
#67105
1!
12
#67110
0!
02
#67115
1!
12
#67120
0!
02
#67125
1!
12
#67130
0!
02
#67135
1!
12
#67140
0!
02
#67145
1!
12
#67150
0!
02
#67155
1!
12
#67160
0!
02
#67165
1!
12
#67170
0!
02
#67175
1!
12
#67180
0!
02
#67185
1!
12
#67190
0!
02
#67195
1!
12
#67200
0!
02
#67205
1!
12
#67210
0!
02
#67215
1!
12
#67220
0!
02
#67225
1!
12
#67230
0!
02
#67235
1!
12
#67240
0!
02
#67245
1!
12
#67250
0!
02
#67255
1!
12
#67260
0!
02
#67265
1!
12
#67270
0!
02
#67275
1!
12
#67280
0!
02
#67285
1!
12
#67290
0!
02
#67295
1!
12
#67300
0!
02
#67305
1!
12
#67310
0!
02
#67315
1!
12
#67320
0!
02
#67325
1!
12
#67330
0!
02
#67335
1!
12
#67340
0!
02
#67345
1!
12
#67350
0!
02
#67355
1!
12
#67360
0!
02
#67365
1!
12
#67370
0!
02
#67375
1!
12
#67380
0!
02
#67385
1!
12
#67390
0!
02
#67395
1!
12
#67400
0!
02
#67405
1!
12
#67410
0!
02
#67415
1!
12
#67420
0!
02
#67425
1!
12
#67430
0!
02
#67435
1!
12
#67440
0!
02
#67445
1!
12
#67450
0!
02
#67455
1!
12
#67460
0!
02
#67465
1!
12
#67470
0!
02
#67475
1!
12
#67480
0!
02
#67485
1!
12
#67490
0!
02
#67495
1!
12
#67500
0!
02
#67505
1!
12
#67510
0!
02
#67515
1!
12
#67520
0!
02
#67525
1!
12
#67530
0!
02
#67535
1!
12
#67540
0!
02
#67545
1!
12
#67550
0!
02
#67555
1!
12
#67560
0!
02
#67565
1!
12
#67570
0!
02
#67575
1!
12
#67580
0!
02
#67585
1!
12
#67590
0!
02
#67595
1!
12
#67600
0!
02
#67605
1!
12
#67610
0!
02
#67615
1!
12
#67620
0!
02
#67625
1!
12
#67630
0!
02
#67635
1!
12
#67640
0!
02
#67645
1!
12
#67650
0!
02
#67655
1!
12
#67660
0!
02
#67665
1!
12
#67670
0!
02
#67675
1!
12
#67680
0!
02
#67685
1!
12
#67690
0!
02
#67695
1!
12
#67700
0!
02
#67705
1!
12
#67710
0!
02
#67715
1!
12
#67720
0!
02
#67725
1!
12
#67730
0!
02
#67735
1!
12
#67740
0!
02
#67745
1!
12
#67750
0!
02
#67755
1!
12
#67760
0!
02
#67765
1!
12
#67770
0!
02
#67775
1!
12
#67780
0!
02
#67785
1!
12
#67790
0!
02
#67795
1!
12
#67800
0!
02
#67805
1!
12
#67810
0!
02
#67815
1!
12
#67820
0!
02
#67825
1!
12
#67830
0!
02
#67835
1!
12
#67840
0!
02
#67845
1!
12
#67850
0!
02
#67855
1!
12
#67860
0!
02
#67865
1!
12
#67870
0!
02
#67875
1!
12
#67880
0!
02
#67885
1!
12
#67890
0!
02
#67895
1!
12
#67900
0!
02
#67905
1!
12
#67910
0!
02
#67915
1!
12
#67920
0!
02
#67925
1!
12
#67930
0!
02
#67935
1!
12
#67940
0!
02
#67945
1!
12
#67950
0!
02
#67955
1!
12
#67960
0!
02
#67965
1!
12
#67970
0!
02
#67975
1!
12
#67980
0!
02
#67985
1!
12
#67990
0!
02
#67995
1!
12
#68000
0!
02
#68005
1!
12
#68010
0!
02
#68015
1!
12
#68020
0!
02
#68025
1!
12
#68030
0!
02
#68035
1!
12
#68040
0!
02
#68045
1!
12
#68050
0!
02
#68055
1!
12
#68060
0!
02
#68065
1!
12
#68070
0!
02
#68075
1!
12
#68080
0!
02
#68085
1!
12
#68090
0!
02
#68095
1!
12
#68100
0!
02
#68105
1!
12
#68110
0!
02
#68115
1!
12
#68120
0!
02
#68125
1!
12
#68130
0!
02
#68135
1!
12
#68140
0!
02
#68145
1!
12
#68150
0!
02
#68155
1!
12
#68160
0!
02
#68165
1!
12
#68170
0!
02
#68175
1!
12
#68180
0!
02
#68185
1!
12
#68190
0!
02
#68195
1!
12
#68200
0!
02
#68205
1!
12
#68210
0!
02
#68215
1!
12
#68220
0!
02
#68225
1!
12
#68230
0!
02
#68235
1!
12
#68240
0!
02
#68245
1!
12
#68250
0!
02
#68255
1!
12
#68260
0!
02
#68265
1!
12
#68270
0!
02
#68275
1!
12
#68280
0!
02
#68285
1!
12
#68290
0!
02
#68295
1!
12
#68300
0!
02
#68305
1!
12
#68310
0!
02
#68315
1!
12
#68320
0!
02
#68325
1!
12
#68330
0!
02
#68335
1!
12
#68340
0!
02
#68345
1!
12
#68350
0!
02
#68355
1!
12
#68360
0!
02
#68365
1!
12
#68370
0!
02
#68375
1!
12
#68380
0!
02
#68385
1!
12
#68390
0!
02
#68395
1!
12
#68400
0!
02
#68405
1!
12
#68410
0!
02
#68415
1!
12
#68420
0!
02
#68425
1!
12
#68430
0!
02
#68435
1!
12
#68440
0!
02
#68445
1!
12
#68450
0!
02
#68455
1!
12
#68460
0!
02
#68465
1!
12
#68470
0!
02
#68475
1!
12
#68480
0!
02
#68485
1!
12
#68490
0!
02
#68495
1!
12
#68500
0!
02
#68505
1!
12
#68510
0!
02
#68515
1!
12
#68520
0!
02
#68525
1!
12
#68530
0!
02
#68535
1!
12
#68540
0!
02
#68545
1!
12
#68550
0!
02
#68555
1!
12
#68560
0!
02
#68565
1!
12
#68570
0!
02
#68575
1!
12
#68580
0!
02
#68585
1!
12
#68590
0!
02
#68595
1!
12
#68600
0!
02
#68605
1!
12
#68610
0!
02
#68615
1!
12
#68620
0!
02
#68625
1!
12
#68630
0!
02
#68635
1!
12
#68640
0!
02
#68645
1!
12
#68650
0!
02
#68655
1!
12
#68660
0!
02
#68665
1!
12
#68670
0!
02
#68675
1!
12
#68680
0!
02
#68685
1!
12
#68690
0!
02
#68695
1!
12
#68700
0!
02
#68705
1!
12
#68710
0!
02
#68715
1!
12
#68720
0!
02
#68725
1!
12
#68730
0!
02
#68735
1!
12
#68740
0!
02
#68745
1!
12
#68750
0!
02
#68755
1!
12
#68760
0!
02
#68765
1!
12
#68770
0!
02
#68775
1!
12
#68780
0!
02
#68785
1!
12
#68790
0!
02
#68795
1!
12
#68800
0!
02
#68805
1!
12
#68810
0!
02
#68815
1!
12
#68820
0!
02
#68825
1!
12
#68830
0!
02
#68835
1!
12
#68840
0!
02
#68845
1!
12
#68850
0!
02
#68855
1!
12
#68860
0!
02
#68865
1!
12
#68870
0!
02
#68875
1!
12
#68880
0!
02
#68885
1!
12
#68890
0!
02
#68895
1!
12
#68900
0!
02
#68905
1!
12
#68910
0!
02
#68915
1!
12
#68920
0!
02
#68925
1!
12
#68930
0!
02
#68935
1!
12
#68940
0!
02
#68945
1!
12
#68950
0!
02
#68955
1!
12
#68960
0!
02
#68965
1!
12
#68970
0!
02
#68975
1!
12
#68980
0!
02
#68985
1!
12
#68990
0!
02
#68995
1!
12
#69000
0!
02
#69005
1!
12
#69010
0!
02
#69015
1!
12
#69020
0!
02
#69025
1!
12
#69030
0!
02
#69035
1!
12
#69040
0!
02
#69045
1!
12
#69050
0!
02
#69055
1!
12
#69060
0!
02
#69065
1!
12
#69070
0!
02
#69075
1!
12
#69080
0!
02
#69085
1!
12
#69090
0!
02
#69095
1!
12
#69100
0!
02
#69105
1!
12
#69110
0!
02
#69115
1!
12
#69120
0!
02
#69125
1!
12
#69130
0!
02
#69135
1!
12
#69140
0!
02
#69145
1!
12
#69150
0!
02
#69155
1!
12
#69160
0!
02
#69165
1!
12
#69170
0!
02
#69175
1!
12
#69180
0!
02
#69185
1!
12
#69190
0!
02
#69195
1!
12
#69200
0!
02
#69205
1!
12
#69210
0!
02
#69215
1!
12
#69220
0!
02
#69225
1!
12
#69230
0!
02
#69235
1!
12
#69240
0!
02
#69245
1!
12
#69250
0!
02
#69255
1!
12
#69260
0!
02
#69265
1!
12
#69270
0!
02
#69275
1!
12
#69280
0!
02
#69285
1!
12
#69290
0!
02
#69295
1!
12
#69300
0!
02
#69305
1!
12
#69310
0!
02
#69315
1!
12
#69320
0!
02
#69325
1!
12
#69330
0!
02
#69335
1!
12
#69340
0!
02
#69345
1!
12
#69350
0!
02
#69355
1!
12
#69360
0!
02
#69365
1!
12
#69370
0!
02
#69375
1!
12
#69380
0!
02
#69385
1!
12
#69390
0!
02
#69395
1!
12
#69400
0!
02
#69405
1!
12
#69410
0!
02
#69415
1!
12
#69420
0!
02
#69425
1!
12
#69430
0!
02
#69435
1!
12
#69440
0!
02
#69445
1!
12
#69450
0!
02
#69455
1!
12
#69460
0!
02
#69465
1!
12
#69470
0!
02
#69475
1!
12
#69480
0!
02
#69485
1!
12
#69490
0!
02
#69495
1!
12
#69500
0!
02
#69505
1!
12
#69510
0!
02
#69515
1!
12
#69520
0!
02
#69525
1!
12
#69530
0!
02
#69535
1!
12
#69540
0!
02
#69545
1!
12
#69550
0!
02
#69555
1!
12
#69560
0!
02
#69565
1!
12
#69570
0!
02
#69575
1!
12
#69580
0!
02
#69585
1!
12
#69590
0!
02
#69595
1!
12
#69600
0!
02
#69605
1!
12
#69610
0!
02
#69615
1!
12
#69620
0!
02
#69625
1!
12
#69630
0!
02
#69635
1!
12
#69640
0!
02
#69645
1!
12
#69650
0!
02
#69655
1!
12
#69660
0!
02
#69665
1!
12
#69670
0!
02
#69675
1!
12
#69680
0!
02
#69685
1!
12
#69690
0!
02
#69695
1!
12
#69700
0!
02
#69705
1!
12
#69710
0!
02
#69715
1!
12
#69720
0!
02
#69725
1!
12
#69730
0!
02
#69735
1!
12
#69740
0!
02
#69745
1!
12
#69750
0!
02
#69755
1!
12
#69760
0!
02
#69765
1!
12
#69770
0!
02
#69775
1!
12
#69780
0!
02
#69785
1!
12
#69790
0!
02
#69795
1!
12
#69800
0!
02
#69805
1!
12
#69810
0!
02
#69815
1!
12
#69820
0!
02
#69825
1!
12
#69830
0!
02
#69835
1!
12
#69840
0!
02
#69845
1!
12
#69850
0!
02
#69855
1!
12
#69860
0!
02
#69865
1!
12
#69870
0!
02
#69875
1!
12
#69880
0!
02
#69885
1!
12
#69890
0!
02
#69895
1!
12
#69900
0!
02
#69905
1!
12
#69910
0!
02
#69915
1!
12
#69920
0!
02
#69925
1!
12
#69930
0!
02
#69935
1!
12
#69940
0!
02
#69945
1!
12
#69950
0!
02
#69955
1!
12
#69960
0!
02
#69965
1!
12
#69970
0!
02
#69975
1!
12
#69980
0!
02
#69985
1!
12
#69990
0!
02
#69995
1!
12
#70000
0!
02
#70005
1!
12
#70010
0!
02
#70015
1!
12
#70020
0!
02
#70025
1!
12
#70030
0!
02
#70035
1!
12
#70040
0!
02
#70045
1!
12
#70050
0!
02
#70055
1!
12
#70060
0!
02
#70065
1!
12
#70070
0!
02
#70075
1!
12
#70080
0!
02
#70085
1!
12
#70090
0!
02
#70095
1!
12
#70100
0!
02
#70105
1!
12
#70110
0!
02
#70115
1!
12
#70120
0!
02
#70125
1!
12
#70130
0!
02
#70135
1!
12
#70140
0!
02
#70145
1!
12
#70150
0!
02
#70155
1!
12
#70160
0!
02
#70165
1!
12
#70170
0!
02
#70175
1!
12
#70180
0!
02
#70185
1!
12
#70190
0!
02
#70195
1!
12
#70200
0!
02
#70205
1!
12
#70210
0!
02
#70215
1!
12
#70220
0!
02
#70225
1!
12
#70230
0!
02
#70235
1!
12
#70240
0!
02
#70245
1!
12
#70250
0!
02
#70255
1!
12
#70260
0!
02
#70265
1!
12
#70270
0!
02
#70275
1!
12
#70280
0!
02
#70285
1!
12
#70290
0!
02
#70295
1!
12
#70300
0!
02
#70305
1!
12
#70310
0!
02
#70315
1!
12
#70320
0!
02
#70325
1!
12
#70330
0!
02
#70335
1!
12
#70340
0!
02
#70345
1!
12
#70350
0!
02
#70355
1!
12
#70360
0!
02
#70365
1!
12
#70370
0!
02
#70375
1!
12
#70380
0!
02
#70385
1!
12
#70390
0!
02
#70395
1!
12
#70400
0!
02
#70405
1!
12
#70410
0!
02
#70415
1!
12
#70420
0!
02
#70425
1!
12
#70430
0!
02
#70435
1!
12
#70440
0!
02
#70445
1!
12
#70450
0!
02
#70455
1!
12
#70460
0!
02
#70465
1!
12
#70470
0!
02
#70475
1!
12
#70480
0!
02
#70485
1!
12
#70490
0!
02
#70495
1!
12
#70500
0!
02
#70505
1!
12
#70510
0!
02
#70515
1!
12
#70520
0!
02
#70525
1!
12
#70530
0!
02
#70535
1!
12
#70540
0!
02
#70545
1!
12
#70550
0!
02
#70555
1!
12
#70560
0!
02
#70565
1!
12
#70570
0!
02
#70575
1!
12
#70580
0!
02
#70585
1!
12
#70590
0!
02
#70595
1!
12
#70600
0!
02
#70605
1!
12
#70610
0!
02
#70615
1!
12
#70620
0!
02
#70625
1!
12
#70630
0!
02
#70635
1!
12
#70640
0!
02
#70645
1!
12
#70650
0!
02
#70655
1!
12
#70660
0!
02
#70665
1!
12
#70670
0!
02
#70675
1!
12
#70680
0!
02
#70685
1!
12
#70690
0!
02
#70695
1!
12
#70700
0!
02
#70705
1!
12
#70710
0!
02
#70715
1!
12
#70720
0!
02
#70725
1!
12
#70730
0!
02
#70735
1!
12
#70740
0!
02
#70745
1!
12
#70750
0!
02
#70755
1!
12
#70760
0!
02
#70765
1!
12
#70770
0!
02
#70775
1!
12
#70780
0!
02
#70785
1!
12
#70790
0!
02
#70795
1!
12
#70800
0!
02
#70805
1!
12
#70810
0!
02
#70815
1!
12
#70820
0!
02
#70825
1!
12
#70830
0!
02
#70835
1!
12
#70840
0!
02
#70845
1!
12
#70850
0!
02
#70855
1!
12
#70860
0!
02
#70865
1!
12
#70870
0!
02
#70875
1!
12
#70880
0!
02
#70885
1!
12
#70890
0!
02
#70895
1!
12
#70900
0!
02
#70905
1!
12
#70910
0!
02
#70915
1!
12
#70920
0!
02
#70925
1!
12
#70930
0!
02
#70935
1!
12
#70940
0!
02
#70945
1!
12
#70950
0!
02
#70955
1!
12
#70960
0!
02
#70965
1!
12
#70970
0!
02
#70975
1!
12
#70980
0!
02
#70985
1!
12
#70990
0!
02
#70995
1!
12
#71000
0!
02
#71005
1!
12
#71010
0!
02
#71015
1!
12
#71020
0!
02
#71025
1!
12
#71030
0!
02
#71035
1!
12
#71040
0!
02
#71045
1!
12
#71050
0!
02
#71055
1!
12
#71060
0!
02
#71065
1!
12
#71070
0!
02
#71075
1!
12
#71080
0!
02
#71085
1!
12
#71090
0!
02
#71095
1!
12
#71100
0!
02
#71105
1!
12
#71110
0!
02
#71115
1!
12
#71120
0!
02
#71125
1!
12
#71130
0!
02
#71135
1!
12
#71140
0!
02
#71145
1!
12
#71150
0!
02
#71155
1!
12
#71160
0!
02
#71165
1!
12
#71170
0!
02
#71175
1!
12
#71180
0!
02
#71185
1!
12
#71190
0!
02
#71195
1!
12
#71200
0!
02
#71205
1!
12
#71210
0!
02
#71215
1!
12
#71220
0!
02
#71225
1!
12
#71230
0!
02
#71235
1!
12
#71240
0!
02
#71245
1!
12
#71250
0!
02
#71255
1!
12
#71260
0!
02
#71265
1!
12
#71270
0!
02
#71275
1!
12
#71280
0!
02
#71285
1!
12
#71290
0!
02
#71295
1!
12
#71300
0!
02
#71305
1!
12
#71310
0!
02
#71315
1!
12
#71320
0!
02
#71325
1!
12
#71330
0!
02
#71335
1!
12
#71340
0!
02
#71345
1!
12
#71350
0!
02
#71355
1!
12
#71360
0!
02
#71365
1!
12
#71370
0!
02
#71375
1!
12
#71380
0!
02
#71385
1!
12
#71390
0!
02
#71395
1!
12
#71400
0!
02
#71405
1!
12
#71410
0!
02
#71415
1!
12
#71420
0!
02
#71425
1!
12
#71430
0!
02
#71435
1!
12
#71440
0!
02
#71445
1!
12
#71450
0!
02
#71455
1!
12
#71460
0!
02
#71465
1!
12
#71470
0!
02
#71475
1!
12
#71480
0!
02
#71485
1!
12
#71490
0!
02
#71495
1!
12
#71500
0!
02
#71505
1!
12
#71510
0!
02
#71515
1!
12
#71520
0!
02
#71525
1!
12
#71530
0!
02
#71535
1!
12
#71540
0!
02
#71545
1!
12
#71550
0!
02
#71555
1!
12
#71560
0!
02
#71565
1!
12
#71570
0!
02
#71575
1!
12
#71580
0!
02
#71585
1!
12
#71590
0!
02
#71595
1!
12
#71600
0!
02
#71605
1!
12
#71610
0!
02
#71615
1!
12
#71620
0!
02
#71625
1!
12
#71630
0!
02
#71635
1!
12
#71640
0!
02
#71645
1!
12
#71650
0!
02
#71655
1!
12
#71660
0!
02
#71665
1!
12
#71670
0!
02
#71675
1!
12
#71680
0!
02
#71685
1!
12
#71690
0!
02
#71695
1!
12
#71700
0!
02
#71705
1!
12
#71710
0!
02
#71715
1!
12
#71720
0!
02
#71725
1!
12
#71730
0!
02
#71735
1!
12
#71740
0!
02
#71745
1!
12
#71750
0!
02
#71755
1!
12
#71760
0!
02
#71765
1!
12
#71770
0!
02
#71775
1!
12
#71780
0!
02
#71785
1!
12
#71790
0!
02
#71795
1!
12
#71800
0!
02
#71805
1!
12
#71810
0!
02
#71815
1!
12
#71820
0!
02
#71825
1!
12
#71830
0!
02
#71835
1!
12
#71840
0!
02
#71845
1!
12
#71850
0!
02
#71855
1!
12
#71860
0!
02
#71865
1!
12
#71870
0!
02
#71875
1!
12
#71880
0!
02
#71885
1!
12
#71890
0!
02
#71895
1!
12
#71900
0!
02
#71905
1!
12
#71910
0!
02
#71915
1!
12
#71920
0!
02
#71925
1!
12
#71930
0!
02
#71935
1!
12
#71940
0!
02
#71945
1!
12
#71950
0!
02
#71955
1!
12
#71960
0!
02
#71965
1!
12
#71970
0!
02
#71975
1!
12
#71980
0!
02
#71985
1!
12
#71990
0!
02
#71995
1!
12
#72000
0!
02
#72005
1!
12
#72010
0!
02
#72015
1!
12
#72020
0!
02
#72025
1!
12
#72030
0!
02
#72035
1!
12
#72040
0!
02
#72045
1!
12
#72050
0!
02
#72055
1!
12
#72060
0!
02
#72065
1!
12
#72070
0!
02
#72075
1!
12
#72080
0!
02
#72085
1!
12
#72090
0!
02
#72095
1!
12
#72100
0!
02
#72105
1!
12
#72110
0!
02
#72115
1!
12
#72120
0!
02
#72125
1!
12
#72130
0!
02
#72135
1!
12
#72140
0!
02
#72145
1!
12
#72150
0!
02
#72155
1!
12
#72160
0!
02
#72165
1!
12
#72170
0!
02
#72175
1!
12
#72180
0!
02
#72185
1!
12
#72190
0!
02
#72195
1!
12
#72200
0!
02
#72205
1!
12
#72210
0!
02
#72215
1!
12
#72220
0!
02
#72225
1!
12
#72230
0!
02
#72235
1!
12
#72240
0!
02
#72245
1!
12
#72250
0!
02
#72255
1!
12
#72260
0!
02
#72265
1!
12
#72270
0!
02
#72275
1!
12
#72280
0!
02
#72285
1!
12
#72290
0!
02
#72295
1!
12
#72300
0!
02
#72305
1!
12
#72310
0!
02
#72315
1!
12
#72320
0!
02
#72325
1!
12
#72330
0!
02
#72335
1!
12
#72340
0!
02
#72345
1!
12
#72350
0!
02
#72355
1!
12
#72360
0!
02
#72365
1!
12
#72370
0!
02
#72375
1!
12
#72380
0!
02
#72385
1!
12
#72390
0!
02
#72395
1!
12
#72400
0!
02
#72405
1!
12
#72410
0!
02
#72415
1!
12
#72420
0!
02
#72425
1!
12
#72430
0!
02
#72435
1!
12
#72440
0!
02
#72445
1!
12
#72450
0!
02
#72455
1!
12
#72460
0!
02
#72465
1!
12
#72470
0!
02
#72475
1!
12
#72480
0!
02
#72485
1!
12
#72490
0!
02
#72495
1!
12
#72500
0!
02
#72505
1!
12
#72510
0!
02
#72515
1!
12
#72520
0!
02
#72525
1!
12
#72530
0!
02
#72535
1!
12
#72540
0!
02
#72545
1!
12
#72550
0!
02
#72555
1!
12
#72560
0!
02
#72565
1!
12
#72570
0!
02
#72575
1!
12
#72580
0!
02
#72585
1!
12
#72590
0!
02
#72595
1!
12
#72600
0!
02
#72605
1!
12
#72610
0!
02
#72615
1!
12
#72620
0!
02
#72625
1!
12
#72630
0!
02
#72635
1!
12
#72640
0!
02
#72645
1!
12
#72650
0!
02
#72655
1!
12
#72660
0!
02
#72665
1!
12
#72670
0!
02
#72675
1!
12
#72680
0!
02
#72685
1!
12
#72690
0!
02
#72695
1!
12
#72700
0!
02
#72705
1!
12
#72710
0!
02
#72715
1!
12
#72720
0!
02
#72725
1!
12
#72730
0!
02
#72735
1!
12
#72740
0!
02
#72745
1!
12
#72750
0!
02
#72755
1!
12
#72760
0!
02
#72765
1!
12
#72770
0!
02
#72775
1!
12
#72780
0!
02
#72785
1!
12
#72790
0!
02
#72795
1!
12
#72800
0!
02
#72805
1!
12
#72810
0!
02
#72815
1!
12
#72820
0!
02
#72825
1!
12
#72830
0!
02
#72835
1!
12
#72840
0!
02
#72845
1!
12
#72850
0!
02
#72855
1!
12
#72860
0!
02
#72865
1!
12
#72870
0!
02
#72875
1!
12
#72880
0!
02
#72885
1!
12
#72890
0!
02
#72895
1!
12
#72900
0!
02
#72905
1!
12
#72910
0!
02
#72915
1!
12
#72920
0!
02
#72925
1!
12
#72930
0!
02
#72935
1!
12
#72940
0!
02
#72945
1!
12
#72950
0!
02
#72955
1!
12
#72960
0!
02
#72965
1!
12
#72970
0!
02
#72975
1!
12
#72980
0!
02
#72985
1!
12
#72990
0!
02
#72995
1!
12
#73000
0!
02
#73005
1!
12
#73010
0!
02
#73015
1!
12
#73020
0!
02
#73025
1!
12
#73030
0!
02
#73035
1!
12
#73040
0!
02
#73045
1!
12
#73050
0!
02
#73055
1!
12
#73060
0!
02
#73065
1!
12
#73070
0!
02
#73075
1!
12
#73080
0!
02
#73085
1!
12
#73090
0!
02
#73095
1!
12
#73100
0!
02
#73105
1!
12
#73110
0!
02
#73115
1!
12
#73120
0!
02
#73125
1!
12
#73130
0!
02
#73135
1!
12
#73140
0!
02
#73145
1!
12
#73150
0!
02
#73155
1!
12
#73160
0!
02
#73165
1!
12
#73170
0!
02
#73175
1!
12
#73180
0!
02
#73185
1!
12
#73190
0!
02
#73195
1!
12
#73200
0!
02
#73205
1!
12
#73210
0!
02
#73215
1!
12
#73220
0!
02
#73225
1!
12
#73230
0!
02
#73235
1!
12
#73240
0!
02
#73245
1!
12
#73250
0!
02
#73255
1!
12
#73260
0!
02
#73265
1!
12
#73270
0!
02
#73275
1!
12
#73280
0!
02
#73285
1!
12
#73290
0!
02
#73295
1!
12
#73300
0!
02
#73305
1!
12
#73310
0!
02
#73315
1!
12
#73320
0!
02
#73325
1!
12
#73330
0!
02
#73335
1!
12
#73340
0!
02
#73345
1!
12
#73350
0!
02
#73355
1!
12
#73360
0!
02
#73365
1!
12
#73370
0!
02
#73375
1!
12
#73380
0!
02
#73385
1!
12
#73390
0!
02
#73395
1!
12
#73400
0!
02
#73405
1!
12
#73410
0!
02
#73415
1!
12
#73420
0!
02
#73425
1!
12
#73430
0!
02
#73435
1!
12
#73440
0!
02
#73445
1!
12
#73450
0!
02
#73455
1!
12
#73460
0!
02
#73465
1!
12
#73470
0!
02
#73475
1!
12
#73480
0!
02
#73485
1!
12
#73490
0!
02
#73495
1!
12
#73500
0!
02
#73505
1!
12
#73510
0!
02
#73515
1!
12
#73520
0!
02
#73525
1!
12
#73530
0!
02
#73535
1!
12
#73540
0!
02
#73545
1!
12
#73550
0!
02
#73555
1!
12
#73560
0!
02
#73565
1!
12
#73570
0!
02
#73575
1!
12
#73580
0!
02
#73585
1!
12
#73590
0!
02
#73595
1!
12
#73600
0!
02
#73605
1!
12
#73610
0!
02
#73615
1!
12
#73620
0!
02
#73625
1!
12
#73630
0!
02
#73635
1!
12
#73640
0!
02
#73645
1!
12
#73650
0!
02
#73655
1!
12
#73660
0!
02
#73665
1!
12
#73670
0!
02
#73675
1!
12
#73680
0!
02
#73685
1!
12
#73690
0!
02
#73695
1!
12
#73700
0!
02
#73705
1!
12
#73710
0!
02
#73715
1!
12
#73720
0!
02
#73725
1!
12
#73730
0!
02
#73735
1!
12
#73740
0!
02
#73745
1!
12
#73750
0!
02
#73755
1!
12
#73760
0!
02
#73765
1!
12
#73770
0!
02
#73775
1!
12
#73780
0!
02
#73785
1!
12
#73790
0!
02
#73795
1!
12
#73800
0!
02
#73805
1!
12
#73810
0!
02
#73815
1!
12
#73820
0!
02
#73825
1!
12
#73830
0!
02
#73835
1!
12
#73840
0!
02
#73845
1!
12
#73850
0!
02
#73855
1!
12
#73860
0!
02
#73865
1!
12
#73870
0!
02
#73875
1!
12
#73880
0!
02
#73885
1!
12
#73890
0!
02
#73895
1!
12
#73900
0!
02
#73905
1!
12
#73910
0!
02
#73915
1!
12
#73920
0!
02
#73925
1!
12
#73930
0!
02
#73935
1!
12
#73940
0!
02
#73945
1!
12
#73950
0!
02
#73955
1!
12
#73960
0!
02
#73965
1!
12
#73970
0!
02
#73975
1!
12
#73980
0!
02
#73985
1!
12
#73990
0!
02
#73995
1!
12
#74000
0!
02
#74005
1!
12
#74010
0!
02
#74015
1!
12
#74020
0!
02
#74025
1!
12
#74030
0!
02
#74035
1!
12
#74040
0!
02
#74045
1!
12
#74050
0!
02
#74055
1!
12
#74060
0!
02
#74065
1!
12
#74070
0!
02
#74075
1!
12
#74080
0!
02
#74085
1!
12
#74090
0!
02
#74095
1!
12
#74100
0!
02
#74105
1!
12
#74110
0!
02
#74115
1!
12
#74120
0!
02
#74125
1!
12
#74130
0!
02
#74135
1!
12
#74140
0!
02
#74145
1!
12
#74150
0!
02
#74155
1!
12
#74160
0!
02
#74165
1!
12
#74170
0!
02
#74175
1!
12
#74180
0!
02
#74185
1!
12
#74190
0!
02
#74195
1!
12
#74200
0!
02
#74205
1!
12
#74210
0!
02
#74215
1!
12
#74220
0!
02
#74225
1!
12
#74230
0!
02
#74235
1!
12
#74240
0!
02
#74245
1!
12
#74250
0!
02
#74255
1!
12
#74260
0!
02
#74265
1!
12
#74270
0!
02
#74275
1!
12
#74280
0!
02
#74285
1!
12
#74290
0!
02
#74295
1!
12
#74300
0!
02
#74305
1!
12
#74310
0!
02
#74315
1!
12
#74320
0!
02
#74325
1!
12
#74330
0!
02
#74335
1!
12
#74340
0!
02
#74345
1!
12
#74350
0!
02
#74355
1!
12
#74360
0!
02
#74365
1!
12
#74370
0!
02
#74375
1!
12
#74380
0!
02
#74385
1!
12
#74390
0!
02
#74395
1!
12
#74400
0!
02
#74405
1!
12
#74410
0!
02
#74415
1!
12
#74420
0!
02
#74425
1!
12
#74430
0!
02
#74435
1!
12
#74440
0!
02
#74445
1!
12
#74450
0!
02
#74455
1!
12
#74460
0!
02
#74465
1!
12
#74470
0!
02
#74475
1!
12
#74480
0!
02
#74485
1!
12
#74490
0!
02
#74495
1!
12
#74500
0!
02
#74505
1!
12
#74510
0!
02
#74515
1!
12
#74520
0!
02
#74525
1!
12
#74530
0!
02
#74535
1!
12
#74540
0!
02
#74545
1!
12
#74550
0!
02
#74555
1!
12
#74560
0!
02
#74565
1!
12
#74570
0!
02
#74575
1!
12
#74580
0!
02
#74585
1!
12
#74590
0!
02
#74595
1!
12
#74600
0!
02
#74605
1!
12
#74610
0!
02
#74615
1!
12
#74620
0!
02
#74625
1!
12
#74630
0!
02
#74635
1!
12
#74640
0!
02
#74645
1!
12
#74650
0!
02
#74655
1!
12
#74660
0!
02
#74665
1!
12
#74670
0!
02
#74675
1!
12
#74680
0!
02
#74685
1!
12
#74690
0!
02
#74695
1!
12
#74700
0!
02
#74705
1!
12
#74710
0!
02
#74715
1!
12
#74720
0!
02
#74725
1!
12
#74730
0!
02
#74735
1!
12
#74740
0!
02
#74745
1!
12
#74750
0!
02
#74755
1!
12
#74760
0!
02
#74765
1!
12
#74770
0!
02
#74775
1!
12
#74780
0!
02
#74785
1!
12
#74790
0!
02
#74795
1!
12
#74800
0!
02
#74805
1!
12
#74810
0!
02
#74815
1!
12
#74820
0!
02
#74825
1!
12
#74830
0!
02
#74835
1!
12
#74840
0!
02
#74845
1!
12
#74850
0!
02
#74855
1!
12
#74860
0!
02
#74865
1!
12
#74870
0!
02
#74875
1!
12
#74880
0!
02
#74885
1!
12
#74890
0!
02
#74895
1!
12
#74900
0!
02
#74905
1!
12
#74910
0!
02
#74915
1!
12
#74920
0!
02
#74925
1!
12
#74930
0!
02
#74935
1!
12
#74940
0!
02
#74945
1!
12
#74950
0!
02
#74955
1!
12
#74960
0!
02
#74965
1!
12
#74970
0!
02
#74975
1!
12
#74980
0!
02
#74985
1!
12
#74990
0!
02
#74995
1!
12
#75000
0!
02
#75005
1!
12
#75010
0!
02
#75015
1!
12
#75020
0!
02
#75025
1!
12
#75030
0!
02
#75035
1!
12
#75040
0!
02
#75045
1!
12
#75050
0!
02
#75055
1!
12
#75060
0!
02
#75065
1!
12
#75070
0!
02
#75075
1!
12
#75080
0!
02
#75085
1!
12
#75090
0!
02
#75095
1!
12
#75100
0!
02
#75105
1!
12
#75110
0!
02
#75115
1!
12
#75120
0!
02
#75125
1!
12
#75130
0!
02
#75135
1!
12
#75140
0!
02
#75145
1!
12
#75150
0!
02
#75155
1!
12
#75160
0!
02
#75165
1!
12
#75170
0!
02
#75175
1!
12
#75180
0!
02
#75185
1!
12
#75190
0!
02
#75195
1!
12
#75200
0!
02
#75205
1!
12
#75210
0!
02
#75215
1!
12
#75220
0!
02
#75225
1!
12
#75230
0!
02
#75235
1!
12
#75240
0!
02
#75245
1!
12
#75250
0!
02
#75255
1!
12
#75260
0!
02
#75265
1!
12
#75270
0!
02
#75275
1!
12
#75280
0!
02
#75285
1!
12
#75290
0!
02
#75295
1!
12
#75300
0!
02
#75305
1!
12
#75310
0!
02
#75315
1!
12
#75320
0!
02
#75325
1!
12
#75330
0!
02
#75335
1!
12
#75340
0!
02
#75345
1!
12
#75350
0!
02
#75355
1!
12
#75360
0!
02
#75365
1!
12
#75370
0!
02
#75375
1!
12
#75380
0!
02
#75385
1!
12
#75390
0!
02
#75395
1!
12
#75400
0!
02
#75405
1!
12
#75410
0!
02
#75415
1!
12
#75420
0!
02
#75425
1!
12
#75430
0!
02
#75435
1!
12
#75440
0!
02
#75445
1!
12
#75450
0!
02
#75455
1!
12
#75460
0!
02
#75465
1!
12
#75470
0!
02
#75475
1!
12
#75480
0!
02
#75485
1!
12
#75490
0!
02
#75495
1!
12
#75500
0!
02
#75505
1!
12
#75510
0!
02
#75515
1!
12
#75520
0!
02
#75525
1!
12
#75530
0!
02
#75535
1!
12
#75540
0!
02
#75545
1!
12
#75550
0!
02
#75555
1!
12
#75560
0!
02
#75565
1!
12
#75570
0!
02
#75575
1!
12
#75580
0!
02
#75585
1!
12
#75590
0!
02
#75595
1!
12
#75600
0!
02
#75605
1!
12
#75610
0!
02
#75615
1!
12
#75620
0!
02
#75625
1!
12
#75630
0!
02
#75635
1!
12
#75640
0!
02
#75645
1!
12
#75650
0!
02
#75655
1!
12
#75660
0!
02
#75665
1!
12
#75670
0!
02
#75675
1!
12
#75680
0!
02
#75685
1!
12
#75690
0!
02
#75695
1!
12
#75700
0!
02
#75705
1!
12
#75710
0!
02
#75715
1!
12
#75720
0!
02
#75725
1!
12
#75730
0!
02
#75735
1!
12
#75740
0!
02
#75745
1!
12
#75750
0!
02
#75755
1!
12
#75760
0!
02
#75765
1!
12
#75770
0!
02
#75775
1!
12
#75780
0!
02
#75785
1!
12
#75790
0!
02
#75795
1!
12
#75800
0!
02
#75805
1!
12
#75810
0!
02
#75815
1!
12
#75820
0!
02
#75825
1!
12
#75830
0!
02
#75835
1!
12
#75840
0!
02
#75845
1!
12
#75850
0!
02
#75855
1!
12
#75860
0!
02
#75865
1!
12
#75870
0!
02
#75875
1!
12
#75880
0!
02
#75885
1!
12
#75890
0!
02
#75895
1!
12
#75900
0!
02
#75905
1!
12
#75910
0!
02
#75915
1!
12
#75920
0!
02
#75925
1!
12
#75930
0!
02
#75935
1!
12
#75940
0!
02
#75945
1!
12
#75950
0!
02
#75955
1!
12
#75960
0!
02
#75965
1!
12
#75970
0!
02
#75975
1!
12
#75980
0!
02
#75985
1!
12
#75990
0!
02
#75995
1!
12
#76000
0!
02
#76005
1!
12
#76010
0!
02
#76015
1!
12
#76020
0!
02
#76025
1!
12
#76030
0!
02
#76035
1!
12
#76040
0!
02
#76045
1!
12
#76050
0!
02
#76055
1!
12
#76060
0!
02
#76065
1!
12
#76070
0!
02
#76075
1!
12
#76080
0!
02
#76085
1!
12
#76090
0!
02
#76095
1!
12
#76100
0!
02
#76105
1!
12
#76110
0!
02
#76115
1!
12
#76120
0!
02
#76125
1!
12
#76130
0!
02
#76135
1!
12
#76140
0!
02
#76145
1!
12
#76150
0!
02
#76155
1!
12
#76160
0!
02
#76165
1!
12
#76170
0!
02
#76175
1!
12
#76180
0!
02
#76185
1!
12
#76190
0!
02
#76195
1!
12
#76200
0!
02
#76205
1!
12
#76210
0!
02
#76215
1!
12
#76220
0!
02
#76225
1!
12
#76230
0!
02
#76235
1!
12
#76240
0!
02
#76245
1!
12
#76250
0!
02
#76255
1!
12
#76260
0!
02
#76265
1!
12
#76270
0!
02
#76275
1!
12
#76280
0!
02
#76285
1!
12
#76290
0!
02
#76295
1!
12
#76300
0!
02
#76305
1!
12
#76310
0!
02
#76315
1!
12
#76320
0!
02
#76325
1!
12
#76330
0!
02
#76335
1!
12
#76340
0!
02
#76345
1!
12
#76350
0!
02
#76355
1!
12
#76360
0!
02
#76365
1!
12
#76370
0!
02
#76375
1!
12
#76380
0!
02
#76385
1!
12
#76390
0!
02
#76395
1!
12
#76400
0!
02
#76405
1!
12
#76410
0!
02
#76415
1!
12
#76420
0!
02
#76425
1!
12
#76430
0!
02
#76435
1!
12
#76440
0!
02
#76445
1!
12
#76450
0!
02
#76455
1!
12
#76460
0!
02
#76465
1!
12
#76470
0!
02
#76475
1!
12
#76480
0!
02
#76485
1!
12
#76490
0!
02
#76495
1!
12
#76500
0!
02
#76505
1!
12
#76510
0!
02
#76515
1!
12
#76520
0!
02
#76525
1!
12
#76530
0!
02
#76535
1!
12
#76540
0!
02
#76545
1!
12
#76550
0!
02
#76555
1!
12
#76560
0!
02
#76565
1!
12
#76570
0!
02
#76575
1!
12
#76580
0!
02
#76585
1!
12
#76590
0!
02
#76595
1!
12
#76600
0!
02
#76605
1!
12
#76610
0!
02
#76615
1!
12
#76620
0!
02
#76625
1!
12
#76630
0!
02
#76635
1!
12
#76640
0!
02
#76645
1!
12
#76650
0!
02
#76655
1!
12
#76660
0!
02
#76665
1!
12
#76670
0!
02
#76675
1!
12
#76680
0!
02
#76685
1!
12
#76690
0!
02
#76695
1!
12
#76700
0!
02
#76705
1!
12
#76710
0!
02
#76715
1!
12
#76720
0!
02
#76725
1!
12
#76730
0!
02
#76735
1!
12
#76740
0!
02
#76745
1!
12
#76750
0!
02
#76755
1!
12
#76760
0!
02
#76765
1!
12
#76770
0!
02
#76775
1!
12
#76780
0!
02
#76785
1!
12
#76790
0!
02
#76795
1!
12
#76800
0!
02
#76805
1!
12
#76810
0!
02
#76815
1!
12
#76820
0!
02
#76825
1!
12
#76830
0!
02
#76835
1!
12
#76840
0!
02
#76845
1!
12
#76850
0!
02
#76855
1!
12
#76860
0!
02
#76865
1!
12
#76870
0!
02
#76875
1!
12
#76880
0!
02
#76885
1!
12
#76890
0!
02
#76895
1!
12
#76900
0!
02
#76905
1!
12
#76910
0!
02
#76915
1!
12
#76920
0!
02
#76925
1!
12
#76930
0!
02
#76935
1!
12
#76940
0!
02
#76945
1!
12
#76950
0!
02
#76955
1!
12
#76960
0!
02
#76965
1!
12
#76970
0!
02
#76975
1!
12
#76980
0!
02
#76985
1!
12
#76990
0!
02
#76995
1!
12
#77000
0!
02
#77005
1!
12
#77010
0!
02
#77015
1!
12
#77020
0!
02
#77025
1!
12
#77030
0!
02
#77035
1!
12
#77040
0!
02
#77045
1!
12
#77050
0!
02
#77055
1!
12
#77060
0!
02
#77065
1!
12
#77070
0!
02
#77075
1!
12
#77080
0!
02
#77085
1!
12
#77090
0!
02
#77095
1!
12
#77100
0!
02
#77105
1!
12
#77110
0!
02
#77115
1!
12
#77120
0!
02
#77125
1!
12
#77130
0!
02
#77135
1!
12
#77140
0!
02
#77145
1!
12
#77150
0!
02
#77155
1!
12
#77160
0!
02
#77165
1!
12
#77170
0!
02
#77175
1!
12
#77180
0!
02
#77185
1!
12
#77190
0!
02
#77195
1!
12
#77200
0!
02
#77205
1!
12
#77210
0!
02
#77215
1!
12
#77220
0!
02
#77225
1!
12
#77230
0!
02
#77235
1!
12
#77240
0!
02
#77245
1!
12
#77250
0!
02
#77255
1!
12
#77260
0!
02
#77265
1!
12
#77270
0!
02
#77275
1!
12
#77280
0!
02
#77285
1!
12
#77290
0!
02
#77295
1!
12
#77300
0!
02
#77305
1!
12
#77310
0!
02
#77315
1!
12
#77320
0!
02
#77325
1!
12
#77330
0!
02
#77335
1!
12
#77340
0!
02
#77345
1!
12
#77350
0!
02
#77355
1!
12
#77360
0!
02
#77365
1!
12
#77370
0!
02
#77375
1!
12
#77380
0!
02
#77385
1!
12
#77390
0!
02
#77395
1!
12
#77400
0!
02
#77405
1!
12
#77410
0!
02
#77415
1!
12
#77420
0!
02
#77425
1!
12
#77430
0!
02
#77435
1!
12
#77440
0!
02
#77445
1!
12
#77450
0!
02
#77455
1!
12
#77460
0!
02
#77465
1!
12
#77470
0!
02
#77475
1!
12
#77480
0!
02
#77485
1!
12
#77490
0!
02
#77495
1!
12
#77500
0!
02
#77505
1!
12
#77510
0!
02
#77515
1!
12
#77520
0!
02
#77525
1!
12
#77530
0!
02
#77535
1!
12
#77540
0!
02
#77545
1!
12
#77550
0!
02
#77555
1!
12
#77560
0!
02
#77565
1!
12
#77570
0!
02
#77575
1!
12
#77580
0!
02
#77585
1!
12
#77590
0!
02
#77595
1!
12
#77600
0!
02
#77605
1!
12
#77610
0!
02
#77615
1!
12
#77620
0!
02
#77625
1!
12
#77630
0!
02
#77635
1!
12
#77640
0!
02
#77645
1!
12
#77650
0!
02
#77655
1!
12
#77660
0!
02
#77665
1!
12
#77670
0!
02
#77675
1!
12
#77680
0!
02
#77685
1!
12
#77690
0!
02
#77695
1!
12
#77700
0!
02
#77705
1!
12
#77710
0!
02
#77715
1!
12
#77720
0!
02
#77725
1!
12
#77730
0!
02
#77735
1!
12
#77740
0!
02
#77745
1!
12
#77750
0!
02
#77755
1!
12
#77760
0!
02
#77765
1!
12
#77770
0!
02
#77775
1!
12
#77780
0!
02
#77785
1!
12
#77790
0!
02
#77795
1!
12
#77800
0!
02
#77805
1!
12
#77810
0!
02
#77815
1!
12
#77820
0!
02
#77825
1!
12
#77830
0!
02
#77835
1!
12
#77840
0!
02
#77845
1!
12
#77850
0!
02
#77855
1!
12
#77860
0!
02
#77865
1!
12
#77870
0!
02
#77875
1!
12
#77880
0!
02
#77885
1!
12
#77890
0!
02
#77895
1!
12
#77900
0!
02
#77905
1!
12
#77910
0!
02
#77915
1!
12
#77920
0!
02
#77925
1!
12
#77930
0!
02
#77935
1!
12
#77940
0!
02
#77945
1!
12
#77950
0!
02
#77955
1!
12
#77960
0!
02
#77965
1!
12
#77970
0!
02
#77975
1!
12
#77980
0!
02
#77985
1!
12
#77990
0!
02
#77995
1!
12
#78000
0!
02
#78005
1!
12
#78010
0!
02
#78015
1!
12
#78020
0!
02
#78025
1!
12
#78030
0!
02
#78035
1!
12
#78040
0!
02
#78045
1!
12
#78050
0!
02
#78055
1!
12
#78060
0!
02
#78065
1!
12
#78070
0!
02
#78075
1!
12
#78080
0!
02
#78085
1!
12
#78090
0!
02
#78095
1!
12
#78100
0!
02
#78105
1!
12
#78110
0!
02
#78115
1!
12
#78120
0!
02
#78125
1!
12
#78130
0!
02
#78135
1!
12
#78140
0!
02
#78145
1!
12
#78150
0!
02
#78155
1!
12
#78160
0!
02
#78165
1!
12
#78170
0!
02
#78175
1!
12
#78180
0!
02
#78185
1!
12
#78190
0!
02
#78195
1!
12
#78200
0!
02
#78205
1!
12
#78210
0!
02
#78215
1!
12
#78220
0!
02
#78225
1!
12
#78230
0!
02
#78235
1!
12
#78240
0!
02
#78245
1!
12
#78250
0!
02
#78255
1!
12
#78260
0!
02
#78265
1!
12
#78270
0!
02
#78275
1!
12
#78280
0!
02
#78285
1!
12
#78290
0!
02
#78295
1!
12
#78300
0!
02
#78305
1!
12
#78310
0!
02
#78315
1!
12
#78320
0!
02
#78325
1!
12
#78330
0!
02
#78335
1!
12
#78340
0!
02
#78345
1!
12
#78350
0!
02
#78355
1!
12
#78360
0!
02
#78365
1!
12
#78370
0!
02
#78375
1!
12
#78380
0!
02
#78385
1!
12
#78390
0!
02
#78395
1!
12
#78400
0!
02
#78405
1!
12
#78410
0!
02
#78415
1!
12
#78420
0!
02
#78425
1!
12
#78430
0!
02
#78435
1!
12
#78440
0!
02
#78445
1!
12
#78450
0!
02
#78455
1!
12
#78460
0!
02
#78465
1!
12
#78470
0!
02
#78475
1!
12
#78480
0!
02
#78485
1!
12
#78490
0!
02
#78495
1!
12
#78500
0!
02
#78505
1!
12
#78510
0!
02
#78515
1!
12
#78520
0!
02
#78525
1!
12
#78530
0!
02
#78535
1!
12
#78540
0!
02
#78545
1!
12
#78550
0!
02
#78555
1!
12
#78560
0!
02
#78565
1!
12
#78570
0!
02
#78575
1!
12
#78580
0!
02
#78585
1!
12
#78590
0!
02
#78595
1!
12
#78600
0!
02
#78605
1!
12
#78610
0!
02
#78615
1!
12
#78620
0!
02
#78625
1!
12
#78630
0!
02
#78635
1!
12
#78640
0!
02
#78645
1!
12
#78650
0!
02
#78655
1!
12
#78660
0!
02
#78665
1!
12
#78670
0!
02
#78675
1!
12
#78680
0!
02
#78685
1!
12
#78690
0!
02
#78695
1!
12
#78700
0!
02
#78705
1!
12
#78710
0!
02
#78715
1!
12
#78720
0!
02
#78725
1!
12
#78730
0!
02
#78735
1!
12
#78740
0!
02
#78745
1!
12
#78750
0!
02
#78755
1!
12
#78760
0!
02
#78765
1!
12
#78770
0!
02
#78775
1!
12
#78780
0!
02
#78785
1!
12
#78790
0!
02
#78795
1!
12
#78800
0!
02
#78805
1!
12
#78810
0!
02
#78815
1!
12
#78820
0!
02
#78825
1!
12
#78830
0!
02
#78835
1!
12
#78840
0!
02
#78845
1!
12
#78850
0!
02
#78855
1!
12
#78860
0!
02
#78865
1!
12
#78870
0!
02
#78875
1!
12
#78880
0!
02
#78885
1!
12
#78890
0!
02
#78895
1!
12
#78900
0!
02
#78905
1!
12
#78910
0!
02
#78915
1!
12
#78920
0!
02
#78925
1!
12
#78930
0!
02
#78935
1!
12
#78940
0!
02
#78945
1!
12
#78950
0!
02
#78955
1!
12
#78960
0!
02
#78965
1!
12
#78970
0!
02
#78975
1!
12
#78980
0!
02
#78985
1!
12
#78990
0!
02
#78995
1!
12
#79000
0!
02
#79005
1!
12
#79010
0!
02
#79015
1!
12
#79020
0!
02
#79025
1!
12
#79030
0!
02
#79035
1!
12
#79040
0!
02
#79045
1!
12
#79050
0!
02
#79055
1!
12
#79060
0!
02
#79065
1!
12
#79070
0!
02
#79075
1!
12
#79080
0!
02
#79085
1!
12
#79090
0!
02
#79095
1!
12
#79100
0!
02
#79105
1!
12
#79110
0!
02
#79115
1!
12
#79120
0!
02
#79125
1!
12
#79130
0!
02
#79135
1!
12
#79140
0!
02
#79145
1!
12
#79150
0!
02
#79155
1!
12
#79160
0!
02
#79165
1!
12
#79170
0!
02
#79175
1!
12
#79180
0!
02
#79185
1!
12
#79190
0!
02
#79195
1!
12
#79200
0!
02
#79205
1!
12
#79210
0!
02
#79215
1!
12
#79220
0!
02
#79225
1!
12
#79230
0!
02
#79235
1!
12
#79240
0!
02
#79245
1!
12
#79250
0!
02
#79255
1!
12
#79260
0!
02
#79265
1!
12
#79270
0!
02
#79275
1!
12
#79280
0!
02
#79285
1!
12
#79290
0!
02
#79295
1!
12
#79300
0!
02
#79305
1!
12
#79310
0!
02
#79315
1!
12
#79320
0!
02
#79325
1!
12
#79330
0!
02
#79335
1!
12
#79340
0!
02
#79345
1!
12
#79350
0!
02
#79355
1!
12
#79360
0!
02
#79365
1!
12
#79370
0!
02
#79375
1!
12
#79380
0!
02
#79385
1!
12
#79390
0!
02
#79395
1!
12
#79400
0!
02
#79405
1!
12
#79410
0!
02
#79415
1!
12
#79420
0!
02
#79425
1!
12
#79430
0!
02
#79435
1!
12
#79440
0!
02
#79445
1!
12
#79450
0!
02
#79455
1!
12
#79460
0!
02
#79465
1!
12
#79470
0!
02
#79475
1!
12
#79480
0!
02
#79485
1!
12
#79490
0!
02
#79495
1!
12
#79500
0!
02
#79505
1!
12
#79510
0!
02
#79515
1!
12
#79520
0!
02
#79525
1!
12
#79530
0!
02
#79535
1!
12
#79540
0!
02
#79545
1!
12
#79550
0!
02
#79555
1!
12
#79560
0!
02
#79565
1!
12
#79570
0!
02
#79575
1!
12
#79580
0!
02
#79585
1!
12
#79590
0!
02
#79595
1!
12
#79600
0!
02
#79605
1!
12
#79610
0!
02
#79615
1!
12
#79620
0!
02
#79625
1!
12
#79630
0!
02
#79635
1!
12
#79640
0!
02
#79645
1!
12
#79650
0!
02
#79655
1!
12
#79660
0!
02
#79665
1!
12
#79670
0!
02
#79675
1!
12
#79680
0!
02
#79685
1!
12
#79690
0!
02
#79695
1!
12
#79700
0!
02
#79705
1!
12
#79710
0!
02
#79715
1!
12
#79720
0!
02
#79725
1!
12
#79730
0!
02
#79735
1!
12
#79740
0!
02
#79745
1!
12
#79750
0!
02
#79755
1!
12
#79760
0!
02
#79765
1!
12
#79770
0!
02
#79775
1!
12
#79780
0!
02
#79785
1!
12
#79790
0!
02
#79795
1!
12
#79800
0!
02
#79805
1!
12
#79810
0!
02
#79815
1!
12
#79820
0!
02
#79825
1!
12
#79830
0!
02
#79835
1!
12
#79840
0!
02
#79845
1!
12
#79850
0!
02
#79855
1!
12
#79860
0!
02
#79865
1!
12
#79870
0!
02
#79875
1!
12
#79880
0!
02
#79885
1!
12
#79890
0!
02
#79895
1!
12
#79900
0!
02
#79905
1!
12
#79910
0!
02
#79915
1!
12
#79920
0!
02
#79925
1!
12
#79930
0!
02
#79935
1!
12
#79940
0!
02
#79945
1!
12
#79950
0!
02
#79955
1!
12
#79960
0!
02
#79965
1!
12
#79970
0!
02
#79975
1!
12
#79980
0!
02
#79985
1!
12
#79990
0!
02
#79995
1!
12
#80000
0!
02
#80005
1!
12
#80010
0!
02
#80015
1!
12
#80020
0!
02
#80025
1!
12
#80030
0!
02
#80035
1!
12
#80040
0!
02
#80045
1!
12
#80050
0!
02
#80055
1!
12
#80060
0!
02
#80065
1!
12
#80070
0!
02
#80075
1!
12
#80080
0!
02
#80085
1!
12
#80090
0!
02
#80095
1!
12
#80100
0!
02
#80105
1!
12
#80110
0!
02
#80115
1!
12
#80120
0!
02
#80125
1!
12
#80130
0!
02
#80135
1!
12
#80140
0!
02
#80145
1!
12
#80150
0!
02
#80155
1!
12
#80160
0!
02
#80165
1!
12
#80170
0!
02
#80175
1!
12
#80180
0!
02
#80185
1!
12
#80190
0!
02
#80195
1!
12
#80200
0!
02
#80205
1!
12
#80210
0!
02
#80215
1!
12
#80220
0!
02
#80225
1!
12
#80230
0!
02
#80235
1!
12
#80240
0!
02
#80245
1!
12
#80250
0!
02
#80255
1!
12
#80260
0!
02
#80265
1!
12
#80270
0!
02
#80275
1!
12
#80280
0!
02
#80285
1!
12
#80290
0!
02
#80295
1!
12
#80300
0!
02
#80305
1!
12
#80310
0!
02
#80315
1!
12
#80320
0!
02
#80325
1!
12
#80330
0!
02
#80335
1!
12
#80340
0!
02
#80345
1!
12
#80350
0!
02
#80355
1!
12
#80360
0!
02
#80365
1!
12
#80370
0!
02
#80375
1!
12
#80380
0!
02
#80385
1!
12
#80390
0!
02
#80395
1!
12
#80400
0!
02
#80405
1!
12
#80410
0!
02
#80415
1!
12
#80420
0!
02
#80425
1!
12
#80430
0!
02
#80435
1!
12
#80440
0!
02
#80445
1!
12
#80450
0!
02
#80455
1!
12
#80460
0!
02
#80465
1!
12
#80470
0!
02
#80475
1!
12
#80480
0!
02
#80485
1!
12
#80490
0!
02
#80495
1!
12
#80500
0!
02
#80505
1!
12
#80510
0!
02
#80515
1!
12
#80520
0!
02
#80525
1!
12
#80530
0!
02
#80535
1!
12
#80540
0!
02
#80545
1!
12
#80550
0!
02
#80555
1!
12
#80560
0!
02
#80565
1!
12
#80570
0!
02
#80575
1!
12
#80580
0!
02
#80585
1!
12
#80590
0!
02
#80595
1!
12
#80600
0!
02
#80605
1!
12
#80610
0!
02
#80615
1!
12
#80620
0!
02
#80625
1!
12
#80630
0!
02
#80635
1!
12
#80640
0!
02
#80645
1!
12
#80650
0!
02
#80655
1!
12
#80660
0!
02
#80665
1!
12
#80670
0!
02
#80675
1!
12
#80680
0!
02
#80685
1!
12
#80690
0!
02
#80695
1!
12
#80700
0!
02
#80705
1!
12
#80710
0!
02
#80715
1!
12
#80720
0!
02
#80725
1!
12
#80730
0!
02
#80735
1!
12
#80740
0!
02
#80745
1!
12
#80750
0!
02
#80755
1!
12
#80760
0!
02
#80765
1!
12
#80770
0!
02
#80775
1!
12
#80780
0!
02
#80785
1!
12
#80790
0!
02
#80795
1!
12
#80800
0!
02
#80805
1!
12
#80810
0!
02
#80815
1!
12
#80820
0!
02
#80825
1!
12
#80830
0!
02
#80835
1!
12
#80840
0!
02
#80845
1!
12
#80850
0!
02
#80855
1!
12
#80860
0!
02
#80865
1!
12
#80870
0!
02
#80875
1!
12
#80880
0!
02
#80885
1!
12
#80890
0!
02
#80895
1!
12
#80900
0!
02
#80905
1!
12
#80910
0!
02
#80915
1!
12
#80920
0!
02
#80925
1!
12
#80930
0!
02
#80935
1!
12
#80940
0!
02
#80945
1!
12
#80950
0!
02
#80955
1!
12
#80960
0!
02
#80965
1!
12
#80970
0!
02
#80975
1!
12
#80980
0!
02
#80985
1!
12
#80990
0!
02
#80995
1!
12
#81000
0!
02
#81005
1!
12
#81010
0!
02
#81015
1!
12
#81020
0!
02
#81025
1!
12
#81030
0!
02
#81035
1!
12
#81040
0!
02
#81045
1!
12
#81050
0!
02
#81055
1!
12
#81060
0!
02
#81065
1!
12
#81070
0!
02
#81075
1!
12
#81080
0!
02
#81085
1!
12
#81090
0!
02
#81095
1!
12
#81100
0!
02
#81105
1!
12
#81110
0!
02
#81115
1!
12
#81120
0!
02
#81125
1!
12
#81130
0!
02
#81135
1!
12
#81140
0!
02
#81145
1!
12
#81150
0!
02
#81155
1!
12
#81160
0!
02
#81165
1!
12
#81170
0!
02
#81175
1!
12
#81180
0!
02
#81185
1!
12
#81190
0!
02
#81195
1!
12
#81200
0!
02
#81205
1!
12
#81210
0!
02
#81215
1!
12
#81220
0!
02
#81225
1!
12
#81230
0!
02
#81235
1!
12
#81240
0!
02
#81245
1!
12
#81250
0!
02
#81255
1!
12
#81260
0!
02
#81265
1!
12
#81270
0!
02
#81275
1!
12
#81280
0!
02
#81285
1!
12
#81290
0!
02
#81295
1!
12
#81300
0!
02
#81305
1!
12
#81310
0!
02
#81315
1!
12
#81320
0!
02
#81325
1!
12
#81330
0!
02
#81335
1!
12
#81340
0!
02
#81345
1!
12
#81350
0!
02
#81355
1!
12
#81360
0!
02
#81365
1!
12
#81370
0!
02
#81375
1!
12
#81380
0!
02
#81385
1!
12
#81390
0!
02
#81395
1!
12
#81400
0!
02
#81405
1!
12
#81410
0!
02
#81415
1!
12
#81420
0!
02
#81425
1!
12
#81430
0!
02
#81435
1!
12
#81440
0!
02
#81445
1!
12
#81450
0!
02
#81455
1!
12
#81460
0!
02
#81465
1!
12
#81470
0!
02
#81475
1!
12
#81480
0!
02
#81485
1!
12
#81490
0!
02
#81495
1!
12
#81500
0!
02
#81505
1!
12
#81510
0!
02
#81515
1!
12
#81520
0!
02
#81525
1!
12
#81530
0!
02
#81535
1!
12
#81540
0!
02
#81545
1!
12
#81550
0!
02
#81555
1!
12
#81560
0!
02
#81565
1!
12
#81570
0!
02
#81575
1!
12
#81580
0!
02
#81585
1!
12
#81590
0!
02
#81595
1!
12
#81600
0!
02
#81605
1!
12
#81610
0!
02
#81615
1!
12
#81620
0!
02
#81625
1!
12
#81630
0!
02
#81635
1!
12
#81640
0!
02
#81645
1!
12
#81650
0!
02
#81655
1!
12
#81660
0!
02
#81665
1!
12
#81670
0!
02
#81675
1!
12
#81680
0!
02
#81685
1!
12
#81690
0!
02
#81695
1!
12
#81700
0!
02
#81705
1!
12
#81710
0!
02
#81715
1!
12
#81720
0!
02
#81725
1!
12
#81730
0!
02
#81735
1!
12
#81740
0!
02
#81745
1!
12
#81750
0!
02
#81755
1!
12
#81760
0!
02
#81765
1!
12
#81770
0!
02
#81775
1!
12
#81780
0!
02
#81785
1!
12
#81790
0!
02
#81795
1!
12
#81800
0!
02
#81805
1!
12
#81810
0!
02
#81815
1!
12
#81820
0!
02
#81825
1!
12
#81830
0!
02
#81835
1!
12
#81840
0!
02
#81845
1!
12
#81850
0!
02
#81855
1!
12
#81860
0!
02
#81865
1!
12
#81870
0!
02
#81875
1!
12
#81880
0!
02
#81885
1!
12
#81890
0!
02
#81895
1!
12
#81900
0!
02
#81905
1!
12
#81910
0!
02
#81915
1!
12
#81920
0!
02
#81925
1!
12
#81930
0!
02
#81935
1!
12
#81940
0!
02
#81945
1!
12
#81950
0!
02
#81955
1!
12
#81960
0!
02
#81965
1!
12
#81970
0!
02
#81975
1!
12
#81980
0!
02
#81985
1!
12
#81990
0!
02
#81995
1!
12
#82000
0!
02
#82005
1!
12
#82010
0!
02
#82015
1!
12
#82020
0!
02
#82025
1!
12
#82030
0!
02
#82035
1!
12
#82040
0!
02
#82045
1!
12
#82050
0!
02
#82055
1!
12
#82060
0!
02
#82065
1!
12
#82070
0!
02
#82075
1!
12
#82080
0!
02
#82085
1!
12
#82090
0!
02
#82095
1!
12
#82100
0!
02
#82105
1!
12
#82110
0!
02
#82115
1!
12
#82120
0!
02
#82125
1!
12
#82130
0!
02
#82135
1!
12
#82140
0!
02
#82145
1!
12
#82150
0!
02
#82155
1!
12
#82160
0!
02
#82165
1!
12
#82170
0!
02
#82175
1!
12
#82180
0!
02
#82185
1!
12
#82190
0!
02
#82195
1!
12
#82200
0!
02
#82205
1!
12
#82210
0!
02
#82215
1!
12
#82220
0!
02
#82225
1!
12
#82230
0!
02
#82235
1!
12
#82240
0!
02
#82245
1!
12
#82250
0!
02
#82255
1!
12
#82260
0!
02
#82265
1!
12
#82270
0!
02
#82275
1!
12
#82280
0!
02
#82285
1!
12
#82290
0!
02
#82295
1!
12
#82300
0!
02
#82305
1!
12
#82310
0!
02
#82315
1!
12
#82320
0!
02
#82325
1!
12
#82330
0!
02
#82335
1!
12
#82340
0!
02
#82345
1!
12
#82350
0!
02
#82355
1!
12
#82360
0!
02
#82365
1!
12
#82370
0!
02
#82375
1!
12
#82380
0!
02
#82385
1!
12
#82390
0!
02
#82395
1!
12
#82400
0!
02
#82405
1!
12
#82410
0!
02
#82415
1!
12
#82420
0!
02
#82425
1!
12
#82430
0!
02
#82435
1!
12
#82440
0!
02
#82445
1!
12
#82450
0!
02
#82455
1!
12
#82460
0!
02
#82465
1!
12
#82470
0!
02
#82475
1!
12
#82480
0!
02
#82485
1!
12
#82490
0!
02
#82495
1!
12
#82500
0!
02
#82505
1!
12
#82510
0!
02
#82515
1!
12
#82520
0!
02
#82525
1!
12
#82530
0!
02
#82535
1!
12
#82540
0!
02
#82545
1!
12
#82550
0!
02
#82555
1!
12
#82560
0!
02
#82565
1!
12
#82570
0!
02
#82575
1!
12
#82580
0!
02
#82585
1!
12
#82590
0!
02
#82595
1!
12
#82600
0!
02
#82605
1!
12
#82610
0!
02
#82615
1!
12
#82620
0!
02
#82625
1!
12
#82630
0!
02
#82635
1!
12
#82640
0!
02
#82645
1!
12
#82650
0!
02
#82655
1!
12
#82660
0!
02
#82665
1!
12
#82670
0!
02
#82675
1!
12
#82680
0!
02
#82685
1!
12
#82690
0!
02
#82695
1!
12
#82700
0!
02
#82705
1!
12
#82710
0!
02
#82715
1!
12
#82720
0!
02
#82725
1!
12
#82730
0!
02
#82735
1!
12
#82740
0!
02
#82745
1!
12
#82750
0!
02
#82755
1!
12
#82760
0!
02
#82765
1!
12
#82770
0!
02
#82775
1!
12
#82780
0!
02
#82785
1!
12
#82790
0!
02
#82795
1!
12
#82800
0!
02
#82805
1!
12
#82810
0!
02
#82815
1!
12
#82820
0!
02
#82825
1!
12
#82830
0!
02
#82835
1!
12
#82840
0!
02
#82845
1!
12
#82850
0!
02
#82855
1!
12
#82860
0!
02
#82865
1!
12
#82870
0!
02
#82875
1!
12
#82880
0!
02
#82885
1!
12
#82890
0!
02
#82895
1!
12
#82900
0!
02
#82905
1!
12
#82910
0!
02
#82915
1!
12
#82920
0!
02
#82925
1!
12
#82930
0!
02
#82935
1!
12
#82940
0!
02
#82945
1!
12
#82950
0!
02
#82955
1!
12
#82960
0!
02
#82965
1!
12
#82970
0!
02
#82975
1!
12
#82980
0!
02
#82985
1!
12
#82990
0!
02
#82995
1!
12
#83000
0!
02
#83005
1!
12
#83010
0!
02
#83015
1!
12
#83020
0!
02
#83025
1!
12
#83030
0!
02
#83035
1!
12
#83040
0!
02
#83045
1!
12
#83050
0!
02
#83055
1!
12
#83060
0!
02
#83065
1!
12
#83070
0!
02
#83075
1!
12
#83080
0!
02
#83085
1!
12
#83090
0!
02
#83095
1!
12
#83100
0!
02
#83105
1!
12
#83110
0!
02
#83115
1!
12
#83120
0!
02
#83125
1!
12
#83130
0!
02
#83135
1!
12
#83140
0!
02
#83145
1!
12
#83150
0!
02
#83155
1!
12
#83160
0!
02
#83165
1!
12
#83170
0!
02
#83175
1!
12
#83180
0!
02
#83185
1!
12
#83190
0!
02
#83195
1!
12
#83200
0!
02
#83205
1!
12
#83210
0!
02
#83215
1!
12
#83220
0!
02
#83225
1!
12
#83230
0!
02
#83235
1!
12
#83240
0!
02
#83245
1!
12
#83250
0!
02
#83255
1!
12
#83260
0!
02
#83265
1!
12
#83270
0!
02
#83275
1!
12
#83280
0!
02
#83285
1!
12
#83290
0!
02
#83295
1!
12
#83300
0!
02
#83305
1!
12
#83310
0!
02
#83315
1!
12
#83320
0!
02
#83325
1!
12
#83330
0!
02
#83335
1!
12
#83340
0!
02
#83345
1!
12
#83350
0!
02
#83355
1!
12
#83360
0!
02
#83365
1!
12
#83370
0!
02
#83375
1!
12
#83380
0!
02
#83385
1!
12
#83390
0!
02
#83395
1!
12
#83400
0!
02
#83405
1!
12
#83410
0!
02
#83415
1!
12
#83420
0!
02
#83425
1!
12
#83430
0!
02
#83435
1!
12
#83440
0!
02
#83445
1!
12
#83450
0!
02
#83455
1!
12
#83460
0!
02
#83465
1!
12
#83470
0!
02
#83475
1!
12
#83480
0!
02
#83485
1!
12
#83490
0!
02
#83495
1!
12
#83500
0!
02
#83505
1!
12
#83510
0!
02
#83515
1!
12
#83520
0!
02
#83525
1!
12
#83530
0!
02
#83535
1!
12
#83540
0!
02
#83545
1!
12
#83550
0!
02
#83555
1!
12
#83560
0!
02
#83565
1!
12
#83570
0!
02
#83575
1!
12
#83580
0!
02
#83585
1!
12
#83590
0!
02
#83595
1!
12
#83600
0!
02
#83605
1!
12
#83610
0!
02
#83615
1!
12
#83620
0!
02
#83625
1!
12
#83630
0!
02
#83635
1!
12
#83640
0!
02
#83645
1!
12
#83650
0!
02
#83655
1!
12
#83660
0!
02
#83665
1!
12
#83670
0!
02
#83675
1!
12
#83680
0!
02
#83685
1!
12
#83690
0!
02
#83695
1!
12
#83700
0!
02
#83705
1!
12
#83710
0!
02
#83715
1!
12
#83720
0!
02
#83725
1!
12
#83730
0!
02
#83735
1!
12
#83740
0!
02
#83745
1!
12
#83750
0!
02
#83755
1!
12
#83760
0!
02
#83765
1!
12
#83770
0!
02
#83775
1!
12
#83780
0!
02
#83785
1!
12
#83790
0!
02
#83795
1!
12
#83800
0!
02
#83805
1!
12
#83810
0!
02
#83815
1!
12
#83820
0!
02
#83825
1!
12
#83830
0!
02
#83835
1!
12
#83840
0!
02
#83845
1!
12
#83850
0!
02
#83855
1!
12
#83860
0!
02
#83865
1!
12
#83870
0!
02
#83875
1!
12
#83880
0!
02
#83885
1!
12
#83890
0!
02
#83895
1!
12
#83900
0!
02
#83905
1!
12
#83910
0!
02
#83915
1!
12
#83920
0!
02
#83925
1!
12
#83930
0!
02
#83935
1!
12
#83940
0!
02
#83945
1!
12
#83950
0!
02
#83955
1!
12
#83960
0!
02
#83965
1!
12
#83970
0!
02
#83975
1!
12
#83980
0!
02
#83985
1!
12
#83990
0!
02
#83995
1!
12
#84000
0!
02
#84005
1!
12
#84010
0!
02
#84015
1!
12
#84020
0!
02
#84025
1!
12
#84030
0!
02
#84035
1!
12
#84040
0!
02
#84045
1!
12
#84050
0!
02
#84055
1!
12
#84060
0!
02
#84065
1!
12
#84070
0!
02
#84075
1!
12
#84080
0!
02
#84085
1!
12
#84090
0!
02
#84095
1!
12
#84100
0!
02
#84105
1!
12
#84110
0!
02
#84115
1!
12
#84120
0!
02
#84125
1!
12
#84130
0!
02
#84135
1!
12
#84140
0!
02
#84145
1!
12
#84150
0!
02
#84155
1!
12
#84160
0!
02
#84165
1!
12
#84170
0!
02
#84175
1!
12
#84180
0!
02
#84185
1!
12
#84190
0!
02
#84195
1!
12
#84200
0!
02
#84205
1!
12
#84210
0!
02
#84215
1!
12
#84220
0!
02
#84225
1!
12
#84230
0!
02
#84235
1!
12
#84240
0!
02
#84245
1!
12
#84250
0!
02
#84255
1!
12
#84260
0!
02
#84265
1!
12
#84270
0!
02
#84275
1!
12
#84280
0!
02
#84285
1!
12
#84290
0!
02
#84295
1!
12
#84300
0!
02
#84305
1!
12
#84310
0!
02
#84315
1!
12
#84320
0!
02
#84325
1!
12
#84330
0!
02
#84335
1!
12
#84340
0!
02
#84345
1!
12
#84350
0!
02
#84355
1!
12
#84360
0!
02
#84365
1!
12
#84370
0!
02
#84375
1!
12
#84380
0!
02
#84385
1!
12
#84390
0!
02
#84395
1!
12
#84400
0!
02
#84405
1!
12
#84410
0!
02
#84415
1!
12
#84420
0!
02
#84425
1!
12
#84430
0!
02
#84435
1!
12
#84440
0!
02
#84445
1!
12
#84450
0!
02
#84455
1!
12
#84460
0!
02
#84465
1!
12
#84470
0!
02
#84475
1!
12
#84480
0!
02
#84485
1!
12
#84490
0!
02
#84495
1!
12
#84500
0!
02
#84505
1!
12
#84510
0!
02
#84515
1!
12
#84520
0!
02
#84525
1!
12
#84530
0!
02
#84535
1!
12
#84540
0!
02
#84545
1!
12
#84550
0!
02
#84555
1!
12
#84560
0!
02
#84565
1!
12
#84570
0!
02
#84575
1!
12
#84580
0!
02
#84585
1!
12
#84590
0!
02
#84595
1!
12
#84600
0!
02
#84605
1!
12
#84610
0!
02
#84615
1!
12
#84620
0!
02
#84625
1!
12
#84630
0!
02
#84635
1!
12
#84640
0!
02
#84645
1!
12
#84650
0!
02
#84655
1!
12
#84660
0!
02
#84665
1!
12
#84670
0!
02
#84675
1!
12
#84680
0!
02
#84685
1!
12
#84690
0!
02
#84695
1!
12
#84700
0!
02
#84705
1!
12
#84710
0!
02
#84715
1!
12
#84720
0!
02
#84725
1!
12
#84730
0!
02
#84735
1!
12
#84740
0!
02
#84745
1!
12
#84750
0!
02
#84755
1!
12
#84760
0!
02
#84765
1!
12
#84770
0!
02
#84775
1!
12
#84780
0!
02
#84785
1!
12
#84790
0!
02
#84795
1!
12
#84800
0!
02
#84805
1!
12
#84810
0!
02
#84815
1!
12
#84820
0!
02
#84825
1!
12
#84830
0!
02
#84835
1!
12
#84840
0!
02
#84845
1!
12
#84850
0!
02
#84855
1!
12
#84860
0!
02
#84865
1!
12
#84870
0!
02
#84875
1!
12
#84880
0!
02
#84885
1!
12
#84890
0!
02
#84895
1!
12
#84900
0!
02
#84905
1!
12
#84910
0!
02
#84915
1!
12
#84920
0!
02
#84925
1!
12
#84930
0!
02
#84935
1!
12
#84940
0!
02
#84945
1!
12
#84950
0!
02
#84955
1!
12
#84960
0!
02
#84965
1!
12
#84970
0!
02
#84975
1!
12
#84980
0!
02
#84985
1!
12
#84990
0!
02
#84995
1!
12
#85000
0!
02
#85005
1!
12
#85010
0!
02
#85015
1!
12
#85020
0!
02
#85025
1!
12
#85030
0!
02
#85035
1!
12
#85040
0!
02
#85045
1!
12
#85050
0!
02
#85055
1!
12
#85060
0!
02
#85065
1!
12
#85070
0!
02
#85075
1!
12
#85080
0!
02
#85085
1!
12
#85090
0!
02
#85095
1!
12
#85100
0!
02
#85105
1!
12
#85110
0!
02
#85115
1!
12
#85120
0!
02
#85125
1!
12
#85130
0!
02
#85135
1!
12
#85140
0!
02
#85145
1!
12
#85150
0!
02
#85155
1!
12
#85160
0!
02
#85165
1!
12
#85170
0!
02
#85175
1!
12
#85180
0!
02
#85185
1!
12
#85190
0!
02
#85195
1!
12
#85200
0!
02
#85205
1!
12
#85210
0!
02
#85215
1!
12
#85220
0!
02
#85225
1!
12
#85230
0!
02
#85235
1!
12
#85240
0!
02
#85245
1!
12
#85250
0!
02
#85255
1!
12
#85260
0!
02
#85265
1!
12
#85270
0!
02
#85275
1!
12
#85280
0!
02
#85285
1!
12
#85290
0!
02
#85295
1!
12
#85300
0!
02
#85305
1!
12
#85310
0!
02
#85315
1!
12
#85320
0!
02
#85325
1!
12
#85330
0!
02
#85335
1!
12
#85340
0!
02
#85345
1!
12
#85350
0!
02
#85355
1!
12
#85360
0!
02
#85365
1!
12
#85370
0!
02
#85375
1!
12
#85380
0!
02
#85385
1!
12
#85390
0!
02
#85395
1!
12
#85400
0!
02
#85405
1!
12
#85410
0!
02
#85415
1!
12
#85420
0!
02
#85425
1!
12
#85430
0!
02
#85435
1!
12
#85440
0!
02
#85445
1!
12
#85450
0!
02
#85455
1!
12
#85460
0!
02
#85465
1!
12
#85470
0!
02
#85475
1!
12
#85480
0!
02
#85485
1!
12
#85490
0!
02
#85495
1!
12
#85500
0!
02
#85505
1!
12
#85510
0!
02
#85515
1!
12
#85520
0!
02
#85525
1!
12
#85530
0!
02
#85535
1!
12
#85540
0!
02
#85545
1!
12
#85550
0!
02
#85555
1!
12
#85560
0!
02
#85565
1!
12
#85570
0!
02
#85575
1!
12
#85580
0!
02
#85585
1!
12
#85590
0!
02
#85595
1!
12
#85600
0!
02
#85605
1!
12
#85610
0!
02
#85615
1!
12
#85620
0!
02
#85625
1!
12
#85630
0!
02
#85635
1!
12
#85640
0!
02
#85645
1!
12
#85650
0!
02
#85655
1!
12
#85660
0!
02
#85665
1!
12
#85670
0!
02
#85675
1!
12
#85680
0!
02
#85685
1!
12
#85690
0!
02
#85695
1!
12
#85700
0!
02
#85705
1!
12
#85710
0!
02
#85715
1!
12
#85720
0!
02
#85725
1!
12
#85730
0!
02
#85735
1!
12
#85740
0!
02
#85745
1!
12
#85750
0!
02
#85755
1!
12
#85760
0!
02
#85765
1!
12
#85770
0!
02
#85775
1!
12
#85780
0!
02
#85785
1!
12
#85790
0!
02
#85795
1!
12
#85800
0!
02
#85805
1!
12
#85810
0!
02
#85815
1!
12
#85820
0!
02
#85825
1!
12
#85830
0!
02
#85835
1!
12
#85840
0!
02
#85845
1!
12
#85850
0!
02
#85855
1!
12
#85860
0!
02
#85865
1!
12
#85870
0!
02
#85875
1!
12
#85880
0!
02
#85885
1!
12
#85890
0!
02
#85895
1!
12
#85900
0!
02
#85905
1!
12
#85910
0!
02
#85915
1!
12
#85920
0!
02
#85925
1!
12
#85930
0!
02
#85935
1!
12
#85940
0!
02
#85945
1!
12
#85950
0!
02
#85955
1!
12
#85960
0!
02
#85965
1!
12
#85970
0!
02
#85975
1!
12
#85980
0!
02
#85985
1!
12
#85990
0!
02
#85995
1!
12
#86000
0!
02
#86005
1!
12
#86010
0!
02
#86015
1!
12
#86020
0!
02
#86025
1!
12
#86030
0!
02
#86035
1!
12
#86040
0!
02
#86045
1!
12
#86050
0!
02
#86055
1!
12
#86060
0!
02
#86065
1!
12
#86070
0!
02
#86075
1!
12
#86080
0!
02
#86085
1!
12
#86090
0!
02
#86095
1!
12
#86100
0!
02
#86105
1!
12
#86110
0!
02
#86115
1!
12
#86120
0!
02
#86125
1!
12
#86130
0!
02
#86135
1!
12
#86140
0!
02
#86145
1!
12
#86150
0!
02
#86155
1!
12
#86160
0!
02
#86165
1!
12
#86170
0!
02
#86175
1!
12
#86180
0!
02
#86185
1!
12
#86190
0!
02
#86195
1!
12
#86200
0!
02
#86205
1!
12
#86210
0!
02
#86215
1!
12
#86220
0!
02
#86225
1!
12
#86230
0!
02
#86235
1!
12
#86240
0!
02
#86245
1!
12
#86250
0!
02
#86255
1!
12
#86260
0!
02
#86265
1!
12
#86270
0!
02
#86275
1!
12
#86280
0!
02
#86285
1!
12
#86290
0!
02
#86295
1!
12
#86300
0!
02
#86305
1!
12
#86310
0!
02
#86315
1!
12
#86320
0!
02
#86325
1!
12
#86330
0!
02
#86335
1!
12
#86340
0!
02
#86345
1!
12
#86350
0!
02
#86355
1!
12
#86360
0!
02
#86365
1!
12
#86370
0!
02
#86375
1!
12
#86380
0!
02
#86385
1!
12
#86390
0!
02
#86395
1!
12
#86400
0!
02
#86405
1!
12
#86410
0!
02
#86415
1!
12
#86420
0!
02
#86425
1!
12
#86430
0!
02
#86435
1!
12
#86440
0!
02
#86445
1!
12
#86450
0!
02
#86455
1!
12
#86460
0!
02
#86465
1!
12
#86470
0!
02
#86475
1!
12
#86480
0!
02
#86485
1!
12
#86490
0!
02
#86495
1!
12
#86500
0!
02
#86505
1!
12
#86510
0!
02
#86515
1!
12
#86520
0!
02
#86525
1!
12
#86530
0!
02
#86535
1!
12
#86540
0!
02
#86545
1!
12
#86550
0!
02
#86555
1!
12
#86560
0!
02
#86565
1!
12
#86570
0!
02
#86575
1!
12
#86580
0!
02
#86585
1!
12
#86590
0!
02
#86595
1!
12
#86600
0!
02
#86605
1!
12
#86610
0!
02
#86615
1!
12
#86620
0!
02
#86625
1!
12
#86630
0!
02
#86635
1!
12
#86640
0!
02
#86645
1!
12
#86650
0!
02
#86655
1!
12
#86660
0!
02
#86665
1!
12
#86670
0!
02
#86675
1!
12
#86680
0!
02
#86685
1!
12
#86690
0!
02
#86695
1!
12
#86700
0!
02
#86705
1!
12
#86710
0!
02
#86715
1!
12
#86720
0!
02
#86725
1!
12
#86730
0!
02
#86735
1!
12
#86740
0!
02
#86745
1!
12
#86750
0!
02
#86755
1!
12
#86760
0!
02
#86765
1!
12
#86770
0!
02
#86775
1!
12
#86780
0!
02
#86785
1!
12
#86790
0!
02
#86795
1!
12
#86800
0!
02
#86805
1!
12
#86810
0!
02
#86815
1!
12
#86820
0!
02
#86825
1!
12
#86830
0!
02
#86835
1!
12
#86840
0!
02
#86845
1!
12
#86850
0!
02
#86855
1!
12
#86860
0!
02
#86865
1!
12
#86870
0!
02
#86875
1!
12
#86880
0!
02
#86885
1!
12
#86890
0!
02
#86895
1!
12
#86900
0!
02
#86905
1!
12
#86910
0!
02
#86915
1!
12
#86920
0!
02
#86925
1!
12
#86930
0!
02
#86935
1!
12
#86940
0!
02
#86945
1!
12
#86950
0!
02
#86955
1!
12
#86960
0!
02
#86965
1!
12
#86970
0!
02
#86975
1!
12
#86980
0!
02
#86985
1!
12
#86990
0!
02
#86995
1!
12
#87000
0!
02
#87005
1!
12
#87010
0!
02
#87015
1!
12
#87020
0!
02
#87025
1!
12
#87030
0!
02
#87035
1!
12
#87040
0!
02
#87045
1!
12
#87050
0!
02
#87055
1!
12
#87060
0!
02
#87065
1!
12
#87070
0!
02
#87075
1!
12
#87080
0!
02
#87085
1!
12
#87090
0!
02
#87095
1!
12
#87100
0!
02
#87105
1!
12
#87110
0!
02
#87115
1!
12
#87120
0!
02
#87125
1!
12
#87130
0!
02
#87135
1!
12
#87140
0!
02
#87145
1!
12
#87150
0!
02
#87155
1!
12
#87160
0!
02
#87165
1!
12
#87170
0!
02
#87175
1!
12
#87180
0!
02
#87185
1!
12
#87190
0!
02
#87195
1!
12
#87200
0!
02
#87205
1!
12
#87210
0!
02
#87215
1!
12
#87220
0!
02
#87225
1!
12
#87230
0!
02
#87235
1!
12
#87240
0!
02
#87245
1!
12
#87250
0!
02
#87255
1!
12
#87260
0!
02
#87265
1!
12
#87270
0!
02
#87275
1!
12
#87280
0!
02
#87285
1!
12
#87290
0!
02
#87295
1!
12
#87300
0!
02
#87305
1!
12
#87310
0!
02
#87315
1!
12
#87320
0!
02
#87325
1!
12
#87330
0!
02
#87335
1!
12
#87340
0!
02
#87345
1!
12
#87350
0!
02
#87355
1!
12
#87360
0!
02
#87365
1!
12
#87370
0!
02
#87375
1!
12
#87380
0!
02
#87385
1!
12
#87390
0!
02
#87395
1!
12
#87400
0!
02
#87405
1!
12
#87410
0!
02
#87415
1!
12
#87420
0!
02
#87425
1!
12
#87430
0!
02
#87435
1!
12
#87440
0!
02
#87445
1!
12
#87450
0!
02
#87455
1!
12
#87460
0!
02
#87465
1!
12
#87470
0!
02
#87475
1!
12
#87480
0!
02
#87485
1!
12
#87490
0!
02
#87495
1!
12
#87500
0!
02
#87505
1!
12
#87510
0!
02
#87515
1!
12
#87520
0!
02
#87525
1!
12
#87530
0!
02
#87535
1!
12
#87540
0!
02
#87545
1!
12
#87550
0!
02
#87555
1!
12
#87560
0!
02
#87565
1!
12
#87570
0!
02
#87575
1!
12
#87580
0!
02
#87585
1!
12
#87590
0!
02
#87595
1!
12
#87600
0!
02
#87605
1!
12
#87610
0!
02
#87615
1!
12
#87620
0!
02
#87625
1!
12
#87630
0!
02
#87635
1!
12
#87640
0!
02
#87645
1!
12
#87650
0!
02
#87655
1!
12
#87660
0!
02
#87665
1!
12
#87670
0!
02
#87675
1!
12
#87680
0!
02
#87685
1!
12
#87690
0!
02
#87695
1!
12
#87700
0!
02
#87705
1!
12
#87710
0!
02
#87715
1!
12
#87720
0!
02
#87725
1!
12
#87730
0!
02
#87735
1!
12
#87740
0!
02
#87745
1!
12
#87750
0!
02
#87755
1!
12
#87760
0!
02
#87765
1!
12
#87770
0!
02
#87775
1!
12
#87780
0!
02
#87785
1!
12
#87790
0!
02
#87795
1!
12
#87800
0!
02
#87805
1!
12
#87810
0!
02
#87815
1!
12
#87820
0!
02
#87825
1!
12
#87830
0!
02
#87835
1!
12
#87840
0!
02
#87845
1!
12
#87850
0!
02
#87855
1!
12
#87860
0!
02
#87865
1!
12
#87870
0!
02
#87875
1!
12
#87880
0!
02
#87885
1!
12
#87890
0!
02
#87895
1!
12
#87900
0!
02
#87905
1!
12
#87910
0!
02
#87915
1!
12
#87920
0!
02
#87925
1!
12
#87930
0!
02
#87935
1!
12
#87940
0!
02
#87945
1!
12
#87950
0!
02
#87955
1!
12
#87960
0!
02
#87965
1!
12
#87970
0!
02
#87975
1!
12
#87980
0!
02
#87985
1!
12
#87990
0!
02
#87995
1!
12
#88000
0!
02
#88005
1!
12
#88010
0!
02
#88015
1!
12
#88020
0!
02
#88025
1!
12
#88030
0!
02
#88035
1!
12
#88040
0!
02
#88045
1!
12
#88050
0!
02
#88055
1!
12
#88060
0!
02
#88065
1!
12
#88070
0!
02
#88075
1!
12
#88080
0!
02
#88085
1!
12
#88090
0!
02
#88095
1!
12
#88100
0!
02
#88105
1!
12
#88110
0!
02
#88115
1!
12
#88120
0!
02
#88125
1!
12
#88130
0!
02
#88135
1!
12
#88140
0!
02
#88145
1!
12
#88150
0!
02
#88155
1!
12
#88160
0!
02
#88165
1!
12
#88170
0!
02
#88175
1!
12
#88180
0!
02
#88185
1!
12
#88190
0!
02
#88195
1!
12
#88200
0!
02
#88205
1!
12
#88210
0!
02
#88215
1!
12
#88220
0!
02
#88225
1!
12
#88230
0!
02
#88235
1!
12
#88240
0!
02
#88245
1!
12
#88250
0!
02
#88255
1!
12
#88260
0!
02
#88265
1!
12
#88270
0!
02
#88275
1!
12
#88280
0!
02
#88285
1!
12
#88290
0!
02
#88295
1!
12
#88300
0!
02
#88305
1!
12
#88310
0!
02
#88315
1!
12
#88320
0!
02
#88325
1!
12
#88330
0!
02
#88335
1!
12
#88340
0!
02
#88345
1!
12
#88350
0!
02
#88355
1!
12
#88360
0!
02
#88365
1!
12
#88370
0!
02
#88375
1!
12
#88380
0!
02
#88385
1!
12
#88390
0!
02
#88395
1!
12
#88400
0!
02
#88405
1!
12
#88410
0!
02
#88415
1!
12
#88420
0!
02
#88425
1!
12
#88430
0!
02
#88435
1!
12
#88440
0!
02
#88445
1!
12
#88450
0!
02
#88455
1!
12
#88460
0!
02
#88465
1!
12
#88470
0!
02
#88475
1!
12
#88480
0!
02
#88485
1!
12
#88490
0!
02
#88495
1!
12
#88500
0!
02
#88505
1!
12
#88510
0!
02
#88515
1!
12
#88520
0!
02
#88525
1!
12
#88530
0!
02
#88535
1!
12
#88540
0!
02
#88545
1!
12
#88550
0!
02
#88555
1!
12
#88560
0!
02
#88565
1!
12
#88570
0!
02
#88575
1!
12
#88580
0!
02
#88585
1!
12
#88590
0!
02
#88595
1!
12
#88600
0!
02
#88605
1!
12
#88610
0!
02
#88615
1!
12
#88620
0!
02
#88625
1!
12
#88630
0!
02
#88635
1!
12
#88640
0!
02
#88645
1!
12
#88650
0!
02
#88655
1!
12
#88660
0!
02
#88665
1!
12
#88670
0!
02
#88675
1!
12
#88680
0!
02
#88685
1!
12
#88690
0!
02
#88695
1!
12
#88700
0!
02
#88705
1!
12
#88710
0!
02
#88715
1!
12
#88720
0!
02
#88725
1!
12
#88730
0!
02
#88735
1!
12
#88740
0!
02
#88745
1!
12
#88750
0!
02
#88755
1!
12
#88760
0!
02
#88765
1!
12
#88770
0!
02
#88775
1!
12
#88780
0!
02
#88785
1!
12
#88790
0!
02
#88795
1!
12
#88800
0!
02
#88805
1!
12
#88810
0!
02
#88815
1!
12
#88820
0!
02
#88825
1!
12
#88830
0!
02
#88835
1!
12
#88840
0!
02
#88845
1!
12
#88850
0!
02
#88855
1!
12
#88860
0!
02
#88865
1!
12
#88870
0!
02
#88875
1!
12
#88880
0!
02
#88885
1!
12
#88890
0!
02
#88895
1!
12
#88900
0!
02
#88905
1!
12
#88910
0!
02
#88915
1!
12
#88920
0!
02
#88925
1!
12
#88930
0!
02
#88935
1!
12
#88940
0!
02
#88945
1!
12
#88950
0!
02
#88955
1!
12
#88960
0!
02
#88965
1!
12
#88970
0!
02
#88975
1!
12
#88980
0!
02
#88985
1!
12
#88990
0!
02
#88995
1!
12
#89000
0!
02
#89005
1!
12
#89010
0!
02
#89015
1!
12
#89020
0!
02
#89025
1!
12
#89030
0!
02
#89035
1!
12
#89040
0!
02
#89045
1!
12
#89050
0!
02
#89055
1!
12
#89060
0!
02
#89065
1!
12
#89070
0!
02
#89075
1!
12
#89080
0!
02
#89085
1!
12
#89090
0!
02
#89095
1!
12
#89100
0!
02
#89105
1!
12
#89110
0!
02
#89115
1!
12
#89120
0!
02
#89125
1!
12
#89130
0!
02
#89135
1!
12
#89140
0!
02
#89145
1!
12
#89150
0!
02
#89155
1!
12
#89160
0!
02
#89165
1!
12
#89170
0!
02
#89175
1!
12
#89180
0!
02
#89185
1!
12
#89190
0!
02
#89195
1!
12
#89200
0!
02
#89205
1!
12
#89210
0!
02
#89215
1!
12
#89220
0!
02
#89225
1!
12
#89230
0!
02
#89235
1!
12
#89240
0!
02
#89245
1!
12
#89250
0!
02
#89255
1!
12
#89260
0!
02
#89265
1!
12
#89270
0!
02
#89275
1!
12
#89280
0!
02
#89285
1!
12
#89290
0!
02
#89295
1!
12
#89300
0!
02
#89305
1!
12
#89310
0!
02
#89315
1!
12
#89320
0!
02
#89325
1!
12
#89330
0!
02
#89335
1!
12
#89340
0!
02
#89345
1!
12
#89350
0!
02
#89355
1!
12
#89360
0!
02
#89365
1!
12
#89370
0!
02
#89375
1!
12
#89380
0!
02
#89385
1!
12
#89390
0!
02
#89395
1!
12
#89400
0!
02
#89405
1!
12
#89410
0!
02
#89415
1!
12
#89420
0!
02
#89425
1!
12
#89430
0!
02
#89435
1!
12
#89440
0!
02
#89445
1!
12
#89450
0!
02
#89455
1!
12
#89460
0!
02
#89465
1!
12
#89470
0!
02
#89475
1!
12
#89480
0!
02
#89485
1!
12
#89490
0!
02
#89495
1!
12
#89500
0!
02
#89505
1!
12
#89510
0!
02
#89515
1!
12
#89520
0!
02
#89525
1!
12
#89530
0!
02
#89535
1!
12
#89540
0!
02
#89545
1!
12
#89550
0!
02
#89555
1!
12
#89560
0!
02
#89565
1!
12
#89570
0!
02
#89575
1!
12
#89580
0!
02
#89585
1!
12
#89590
0!
02
#89595
1!
12
#89600
0!
02
#89605
1!
12
#89610
0!
02
#89615
1!
12
#89620
0!
02
#89625
1!
12
#89630
0!
02
#89635
1!
12
#89640
0!
02
#89645
1!
12
#89650
0!
02
#89655
1!
12
#89660
0!
02
#89665
1!
12
#89670
0!
02
#89675
1!
12
#89680
0!
02
#89685
1!
12
#89690
0!
02
#89695
1!
12
#89700
0!
02
#89705
1!
12
#89710
0!
02
#89715
1!
12
#89720
0!
02
#89725
1!
12
#89730
0!
02
#89735
1!
12
#89740
0!
02
#89745
1!
12
#89750
0!
02
#89755
1!
12
#89760
0!
02
#89765
1!
12
#89770
0!
02
#89775
1!
12
#89780
0!
02
#89785
1!
12
#89790
0!
02
#89795
1!
12
#89800
0!
02
#89805
1!
12
#89810
0!
02
#89815
1!
12
#89820
0!
02
#89825
1!
12
#89830
0!
02
#89835
1!
12
#89840
0!
02
#89845
1!
12
#89850
0!
02
#89855
1!
12
#89860
0!
02
#89865
1!
12
#89870
0!
02
#89875
1!
12
#89880
0!
02
#89885
1!
12
#89890
0!
02
#89895
1!
12
#89900
0!
02
#89905
1!
12
#89910
0!
02
#89915
1!
12
#89920
0!
02
#89925
1!
12
#89930
0!
02
#89935
1!
12
#89940
0!
02
#89945
1!
12
#89950
0!
02
#89955
1!
12
#89960
0!
02
#89965
1!
12
#89970
0!
02
#89975
1!
12
#89980
0!
02
#89985
1!
12
#89990
0!
02
#89995
1!
12
#90000
0!
02
#90005
1!
12
#90010
0!
02
#90015
1!
12
#90020
0!
02
#90025
1!
12
#90030
0!
02
#90035
1!
12
#90040
0!
02
#90045
1!
12
#90050
0!
02
#90055
1!
12
#90060
0!
02
#90065
1!
12
#90070
0!
02
#90075
1!
12
#90080
0!
02
#90085
1!
12
#90090
0!
02
#90095
1!
12
#90100
0!
02
#90105
1!
12
#90110
0!
02
#90115
1!
12
#90120
0!
02
#90125
1!
12
#90130
0!
02
#90135
1!
12
#90140
0!
02
#90145
1!
12
#90150
0!
02
#90155
1!
12
#90160
0!
02
#90165
1!
12
#90170
0!
02
#90175
1!
12
#90180
0!
02
#90185
1!
12
#90190
0!
02
#90195
1!
12
#90200
0!
02
#90205
1!
12
#90210
0!
02
#90215
1!
12
#90220
0!
02
#90225
1!
12
#90230
0!
02
#90235
1!
12
#90240
0!
02
#90245
1!
12
#90250
0!
02
#90255
1!
12
#90260
0!
02
#90265
1!
12
#90270
0!
02
#90275
1!
12
#90280
0!
02
#90285
1!
12
#90290
0!
02
#90295
1!
12
#90300
0!
02
#90305
1!
12
#90310
0!
02
#90315
1!
12
#90320
0!
02
#90325
1!
12
#90330
0!
02
#90335
1!
12
#90340
0!
02
#90345
1!
12
#90350
0!
02
#90355
1!
12
#90360
0!
02
#90365
1!
12
#90370
0!
02
#90375
1!
12
#90380
0!
02
#90385
1!
12
#90390
0!
02
#90395
1!
12
#90400
0!
02
#90405
1!
12
#90410
0!
02
#90415
1!
12
#90420
0!
02
#90425
1!
12
#90430
0!
02
#90435
1!
12
#90440
0!
02
#90445
1!
12
#90450
0!
02
#90455
1!
12
#90460
0!
02
#90465
1!
12
#90470
0!
02
#90475
1!
12
#90480
0!
02
#90485
1!
12
#90490
0!
02
#90495
1!
12
#90500
0!
02
#90505
1!
12
#90510
0!
02
#90515
1!
12
#90520
0!
02
#90525
1!
12
#90530
0!
02
#90535
1!
12
#90540
0!
02
#90545
1!
12
#90550
0!
02
#90555
1!
12
#90560
0!
02
#90565
1!
12
#90570
0!
02
#90575
1!
12
#90580
0!
02
#90585
1!
12
#90590
0!
02
#90595
1!
12
#90600
0!
02
#90605
1!
12
#90610
0!
02
#90615
1!
12
#90620
0!
02
#90625
1!
12
#90630
0!
02
#90635
1!
12
#90640
0!
02
#90645
1!
12
#90650
0!
02
#90655
1!
12
#90660
0!
02
#90665
1!
12
#90670
0!
02
#90675
1!
12
#90680
0!
02
#90685
1!
12
#90690
0!
02
#90695
1!
12
#90700
0!
02
#90705
1!
12
#90710
0!
02
#90715
1!
12
#90720
0!
02
#90725
1!
12
#90730
0!
02
#90735
1!
12
#90740
0!
02
#90745
1!
12
#90750
0!
02
#90755
1!
12
#90760
0!
02
#90765
1!
12
#90770
0!
02
#90775
1!
12
#90780
0!
02
#90785
1!
12
#90790
0!
02
#90795
1!
12
#90800
0!
02
#90805
1!
12
#90810
0!
02
#90815
1!
12
#90820
0!
02
#90825
1!
12
#90830
0!
02
#90835
1!
12
#90840
0!
02
#90845
1!
12
#90850
0!
02
#90855
1!
12
#90860
0!
02
#90865
1!
12
#90870
0!
02
#90875
1!
12
#90880
0!
02
#90885
1!
12
#90890
0!
02
#90895
1!
12
#90900
0!
02
#90905
1!
12
#90910
0!
02
#90915
1!
12
#90920
0!
02
#90925
1!
12
#90930
0!
02
#90935
1!
12
#90940
0!
02
#90945
1!
12
#90950
0!
02
#90955
1!
12
#90960
0!
02
#90965
1!
12
#90970
0!
02
#90975
1!
12
#90980
0!
02
#90985
1!
12
#90990
0!
02
#90995
1!
12
#91000
0!
02
#91005
1!
12
#91010
0!
02
#91015
1!
12
#91020
0!
02
#91025
1!
12
#91030
0!
02
#91035
1!
12
#91040
0!
02
#91045
1!
12
#91050
0!
02
#91055
1!
12
#91060
0!
02
#91065
1!
12
#91070
0!
02
#91075
1!
12
#91080
0!
02
#91085
1!
12
#91090
0!
02
#91095
1!
12
#91100
0!
02
#91105
1!
12
#91110
0!
02
#91115
1!
12
#91120
0!
02
#91125
1!
12
#91130
0!
02
#91135
1!
12
#91140
0!
02
#91145
1!
12
#91150
0!
02
#91155
1!
12
#91160
0!
02
#91165
1!
12
#91170
0!
02
#91175
1!
12
#91180
0!
02
#91185
1!
12
#91190
0!
02
#91195
1!
12
#91200
0!
02
#91205
1!
12
#91210
0!
02
#91215
1!
12
#91220
0!
02
#91225
1!
12
#91230
0!
02
#91235
1!
12
#91240
0!
02
#91245
1!
12
#91250
0!
02
#91255
1!
12
#91260
0!
02
#91265
1!
12
#91270
0!
02
#91275
1!
12
#91280
0!
02
#91285
1!
12
#91290
0!
02
#91295
1!
12
#91300
0!
02
#91305
1!
12
#91310
0!
02
#91315
1!
12
#91320
0!
02
#91325
1!
12
#91330
0!
02
#91335
1!
12
#91340
0!
02
#91345
1!
12
#91350
0!
02
#91355
1!
12
#91360
0!
02
#91365
1!
12
#91370
0!
02
#91375
1!
12
#91380
0!
02
#91385
1!
12
#91390
0!
02
#91395
1!
12
#91400
0!
02
#91405
1!
12
#91410
0!
02
#91415
1!
12
#91420
0!
02
#91425
1!
12
#91430
0!
02
#91435
1!
12
#91440
0!
02
#91445
1!
12
#91450
0!
02
#91455
1!
12
#91460
0!
02
#91465
1!
12
#91470
0!
02
#91475
1!
12
#91480
0!
02
#91485
1!
12
#91490
0!
02
#91495
1!
12
#91500
0!
02
#91505
1!
12
#91510
0!
02
#91515
1!
12
#91520
0!
02
#91525
1!
12
#91530
0!
02
#91535
1!
12
#91540
0!
02
#91545
1!
12
#91550
0!
02
#91555
1!
12
#91560
0!
02
#91565
1!
12
#91570
0!
02
#91575
1!
12
#91580
0!
02
#91585
1!
12
#91590
0!
02
#91595
1!
12
#91600
0!
02
#91605
1!
12
#91610
0!
02
#91615
1!
12
#91620
0!
02
#91625
1!
12
#91630
0!
02
#91635
1!
12
#91640
0!
02
#91645
1!
12
#91650
0!
02
#91655
1!
12
#91660
0!
02
#91665
1!
12
#91670
0!
02
#91675
1!
12
#91680
0!
02
#91685
1!
12
#91690
0!
02
#91695
1!
12
#91700
0!
02
#91705
1!
12
#91710
0!
02
#91715
1!
12
#91720
0!
02
#91725
1!
12
#91730
0!
02
#91735
1!
12
#91740
0!
02
#91745
1!
12
#91750
0!
02
#91755
1!
12
#91760
0!
02
#91765
1!
12
#91770
0!
02
#91775
1!
12
#91780
0!
02
#91785
1!
12
#91790
0!
02
#91795
1!
12
#91800
0!
02
#91805
1!
12
#91810
0!
02
#91815
1!
12
#91820
0!
02
#91825
1!
12
#91830
0!
02
#91835
1!
12
#91840
0!
02
#91845
1!
12
#91850
0!
02
#91855
1!
12
#91860
0!
02
#91865
1!
12
#91870
0!
02
#91875
1!
12
#91880
0!
02
#91885
1!
12
#91890
0!
02
#91895
1!
12
#91900
0!
02
#91905
1!
12
#91910
0!
02
#91915
1!
12
#91920
0!
02
#91925
1!
12
#91930
0!
02
#91935
1!
12
#91940
0!
02
#91945
1!
12
#91950
0!
02
#91955
1!
12
#91960
0!
02
#91965
1!
12
#91970
0!
02
#91975
1!
12
#91980
0!
02
#91985
1!
12
#91990
0!
02
#91995
1!
12
#92000
0!
02
#92005
1!
12
#92010
0!
02
#92015
1!
12
#92020
0!
02
#92025
1!
12
#92030
0!
02
#92035
1!
12
#92040
0!
02
#92045
1!
12
#92050
0!
02
#92055
1!
12
#92060
0!
02
#92065
1!
12
#92070
0!
02
#92075
1!
12
#92080
0!
02
#92085
1!
12
#92090
0!
02
#92095
1!
12
#92100
0!
02
#92105
1!
12
#92110
0!
02
#92115
1!
12
#92120
0!
02
#92125
1!
12
#92130
0!
02
#92135
1!
12
#92140
0!
02
#92145
1!
12
#92150
0!
02
#92155
1!
12
#92160
0!
02
#92165
1!
12
#92170
0!
02
#92175
1!
12
#92180
0!
02
#92185
1!
12
#92190
0!
02
#92195
1!
12
#92200
0!
02
#92205
1!
12
#92210
0!
02
#92215
1!
12
#92220
0!
02
#92225
1!
12
#92230
0!
02
#92235
1!
12
#92240
0!
02
#92245
1!
12
#92250
0!
02
#92255
1!
12
#92260
0!
02
#92265
1!
12
#92270
0!
02
#92275
1!
12
#92280
0!
02
#92285
1!
12
#92290
0!
02
#92295
1!
12
#92300
0!
02
#92305
1!
12
#92310
0!
02
#92315
1!
12
#92320
0!
02
#92325
1!
12
#92330
0!
02
#92335
1!
12
#92340
0!
02
#92345
1!
12
#92350
0!
02
#92355
1!
12
#92360
0!
02
#92365
1!
12
#92370
0!
02
#92375
1!
12
#92380
0!
02
#92385
1!
12
#92390
0!
02
#92395
1!
12
#92400
0!
02
#92405
1!
12
#92410
0!
02
#92415
1!
12
#92420
0!
02
#92425
1!
12
#92430
0!
02
#92435
1!
12
#92440
0!
02
#92445
1!
12
#92450
0!
02
#92455
1!
12
#92460
0!
02
#92465
1!
12
#92470
0!
02
#92475
1!
12
#92480
0!
02
#92485
1!
12
#92490
0!
02
#92495
1!
12
#92500
0!
02
#92505
1!
12
#92510
0!
02
#92515
1!
12
#92520
0!
02
#92525
1!
12
#92530
0!
02
#92535
1!
12
#92540
0!
02
#92545
1!
12
#92550
0!
02
#92555
1!
12
#92560
0!
02
#92565
1!
12
#92570
0!
02
#92575
1!
12
#92580
0!
02
#92585
1!
12
#92590
0!
02
#92595
1!
12
#92600
0!
02
#92605
1!
12
#92610
0!
02
#92615
1!
12
#92620
0!
02
#92625
1!
12
#92630
0!
02
#92635
1!
12
#92640
0!
02
#92645
1!
12
#92650
0!
02
#92655
1!
12
#92660
0!
02
#92665
1!
12
#92670
0!
02
#92675
1!
12
#92680
0!
02
#92685
1!
12
#92690
0!
02
#92695
1!
12
#92700
0!
02
#92705
1!
12
#92710
0!
02
#92715
1!
12
#92720
0!
02
#92725
1!
12
#92730
0!
02
#92735
1!
12
#92740
0!
02
#92745
1!
12
#92750
0!
02
#92755
1!
12
#92760
0!
02
#92765
1!
12
#92770
0!
02
#92775
1!
12
#92780
0!
02
#92785
1!
12
#92790
0!
02
#92795
1!
12
#92800
0!
02
#92805
1!
12
#92810
0!
02
#92815
1!
12
#92820
0!
02
#92825
1!
12
#92830
0!
02
#92835
1!
12
#92840
0!
02
#92845
1!
12
#92850
0!
02
#92855
1!
12
#92860
0!
02
#92865
1!
12
#92870
0!
02
#92875
1!
12
#92880
0!
02
#92885
1!
12
#92890
0!
02
#92895
1!
12
#92900
0!
02
#92905
1!
12
#92910
0!
02
#92915
1!
12
#92920
0!
02
#92925
1!
12
#92930
0!
02
#92935
1!
12
#92940
0!
02
#92945
1!
12
#92950
0!
02
#92955
1!
12
#92960
0!
02
#92965
1!
12
#92970
0!
02
#92975
1!
12
#92980
0!
02
#92985
1!
12
#92990
0!
02
#92995
1!
12
#93000
0!
02
#93005
1!
12
#93010
0!
02
#93015
1!
12
#93020
0!
02
#93025
1!
12
#93030
0!
02
#93035
1!
12
#93040
0!
02
#93045
1!
12
#93050
0!
02
#93055
1!
12
#93060
0!
02
#93065
1!
12
#93070
0!
02
#93075
1!
12
#93080
0!
02
#93085
1!
12
#93090
0!
02
#93095
1!
12
#93100
0!
02
#93105
1!
12
#93110
0!
02
#93115
1!
12
#93120
0!
02
#93125
1!
12
#93130
0!
02
#93135
1!
12
#93140
0!
02
#93145
1!
12
#93150
0!
02
#93155
1!
12
#93160
0!
02
#93165
1!
12
#93170
0!
02
#93175
1!
12
#93180
0!
02
#93185
1!
12
#93190
0!
02
#93195
1!
12
#93200
0!
02
#93205
1!
12
#93210
0!
02
#93215
1!
12
#93220
0!
02
#93225
1!
12
#93230
0!
02
#93235
1!
12
#93240
0!
02
#93245
1!
12
#93250
0!
02
#93255
1!
12
#93260
0!
02
#93265
1!
12
#93270
0!
02
#93275
1!
12
#93280
0!
02
#93285
1!
12
#93290
0!
02
#93295
1!
12
#93300
0!
02
#93305
1!
12
#93310
0!
02
#93315
1!
12
#93320
0!
02
#93325
1!
12
#93330
0!
02
#93335
1!
12
#93340
0!
02
#93345
1!
12
#93350
0!
02
#93355
1!
12
#93360
0!
02
#93365
1!
12
#93370
0!
02
#93375
1!
12
#93380
0!
02
#93385
1!
12
#93390
0!
02
#93395
1!
12
#93400
0!
02
#93405
1!
12
#93410
0!
02
#93415
1!
12
#93420
0!
02
#93425
1!
12
#93430
0!
02
#93435
1!
12
#93440
0!
02
#93445
1!
12
#93450
0!
02
#93455
1!
12
#93460
0!
02
#93465
1!
12
#93470
0!
02
#93475
1!
12
#93480
0!
02
#93485
1!
12
#93490
0!
02
#93495
1!
12
#93500
0!
02
#93505
1!
12
#93510
0!
02
#93515
1!
12
#93520
0!
02
#93525
1!
12
#93530
0!
02
#93535
1!
12
#93540
0!
02
#93545
1!
12
#93550
0!
02
#93555
1!
12
#93560
0!
02
#93565
1!
12
#93570
0!
02
#93575
1!
12
#93580
0!
02
#93585
1!
12
#93590
0!
02
#93595
1!
12
#93600
0!
02
#93605
1!
12
#93610
0!
02
#93615
1!
12
#93620
0!
02
#93625
1!
12
#93630
0!
02
#93635
1!
12
#93640
0!
02
#93645
1!
12
#93650
0!
02
#93655
1!
12
#93660
0!
02
#93665
1!
12
#93670
0!
02
#93675
1!
12
#93680
0!
02
#93685
1!
12
#93690
0!
02
#93695
1!
12
#93700
0!
02
#93705
1!
12
#93710
0!
02
#93715
1!
12
#93720
0!
02
#93725
1!
12
#93730
0!
02
#93735
1!
12
#93740
0!
02
#93745
1!
12
#93750
0!
02
#93755
1!
12
#93760
0!
02
#93765
1!
12
#93770
0!
02
#93775
1!
12
#93780
0!
02
#93785
1!
12
#93790
0!
02
#93795
1!
12
#93800
0!
02
#93805
1!
12
#93810
0!
02
#93815
1!
12
#93820
0!
02
#93825
1!
12
#93830
0!
02
#93835
1!
12
#93840
0!
02
#93845
1!
12
#93850
0!
02
#93855
1!
12
#93860
0!
02
#93865
1!
12
#93870
0!
02
#93875
1!
12
#93880
0!
02
#93885
1!
12
#93890
0!
02
#93895
1!
12
#93900
0!
02
#93905
1!
12
#93910
0!
02
#93915
1!
12
#93920
0!
02
#93925
1!
12
#93930
0!
02
#93935
1!
12
#93940
0!
02
#93945
1!
12
#93950
0!
02
#93955
1!
12
#93960
0!
02
#93965
1!
12
#93970
0!
02
#93975
1!
12
#93980
0!
02
#93985
1!
12
#93990
0!
02
#93995
1!
12
#94000
0!
02
#94005
1!
12
#94010
0!
02
#94015
1!
12
#94020
0!
02
#94025
1!
12
#94030
0!
02
#94035
1!
12
#94040
0!
02
#94045
1!
12
#94050
0!
02
#94055
1!
12
#94060
0!
02
#94065
1!
12
#94070
0!
02
#94075
1!
12
#94080
0!
02
#94085
1!
12
#94090
0!
02
#94095
1!
12
#94100
0!
02
#94105
1!
12
#94110
0!
02
#94115
1!
12
#94120
0!
02
#94125
1!
12
#94130
0!
02
#94135
1!
12
#94140
0!
02
#94145
1!
12
#94150
0!
02
#94155
1!
12
#94160
0!
02
#94165
1!
12
#94170
0!
02
#94175
1!
12
#94180
0!
02
#94185
1!
12
#94190
0!
02
#94195
1!
12
#94200
0!
02
#94205
1!
12
#94210
0!
02
#94215
1!
12
#94220
0!
02
#94225
1!
12
#94230
0!
02
#94235
1!
12
#94240
0!
02
#94245
1!
12
#94250
0!
02
#94255
1!
12
#94260
0!
02
#94265
1!
12
#94270
0!
02
#94275
1!
12
#94280
0!
02
#94285
1!
12
#94290
0!
02
#94295
1!
12
#94300
0!
02
#94305
1!
12
#94310
0!
02
#94315
1!
12
#94320
0!
02
#94325
1!
12
#94330
0!
02
#94335
1!
12
#94340
0!
02
#94345
1!
12
#94350
0!
02
#94355
1!
12
#94360
0!
02
#94365
1!
12
#94370
0!
02
#94375
1!
12
#94380
0!
02
#94385
1!
12
#94390
0!
02
#94395
1!
12
#94400
0!
02
#94405
1!
12
#94410
0!
02
#94415
1!
12
#94420
0!
02
#94425
1!
12
#94430
0!
02
#94435
1!
12
#94440
0!
02
#94445
1!
12
#94450
0!
02
#94455
1!
12
#94460
0!
02
#94465
1!
12
#94470
0!
02
#94475
1!
12
#94480
0!
02
#94485
1!
12
#94490
0!
02
#94495
1!
12
#94500
0!
02
#94505
1!
12
#94510
0!
02
#94515
1!
12
#94520
0!
02
#94525
1!
12
#94530
0!
02
#94535
1!
12
#94540
0!
02
#94545
1!
12
#94550
0!
02
#94555
1!
12
#94560
0!
02
#94565
1!
12
#94570
0!
02
#94575
1!
12
#94580
0!
02
#94585
1!
12
#94590
0!
02
#94595
1!
12
#94600
0!
02
#94605
1!
12
#94610
0!
02
#94615
1!
12
#94620
0!
02
#94625
1!
12
#94630
0!
02
#94635
1!
12
#94640
0!
02
#94645
1!
12
#94650
0!
02
#94655
1!
12
#94660
0!
02
#94665
1!
12
#94670
0!
02
#94675
1!
12
#94680
0!
02
#94685
1!
12
#94690
0!
02
#94695
1!
12
#94700
0!
02
#94705
1!
12
#94710
0!
02
#94715
1!
12
#94720
0!
02
#94725
1!
12
#94730
0!
02
#94735
1!
12
#94740
0!
02
#94745
1!
12
#94750
0!
02
#94755
1!
12
#94760
0!
02
#94765
1!
12
#94770
0!
02
#94775
1!
12
#94780
0!
02
#94785
1!
12
#94790
0!
02
#94795
1!
12
#94800
0!
02
#94805
1!
12
#94810
0!
02
#94815
1!
12
#94820
0!
02
#94825
1!
12
#94830
0!
02
#94835
1!
12
#94840
0!
02
#94845
1!
12
#94850
0!
02
#94855
1!
12
#94860
0!
02
#94865
1!
12
#94870
0!
02
#94875
1!
12
#94880
0!
02
#94885
1!
12
#94890
0!
02
#94895
1!
12
#94900
0!
02
#94905
1!
12
#94910
0!
02
#94915
1!
12
#94920
0!
02
#94925
1!
12
#94930
0!
02
#94935
1!
12
#94940
0!
02
#94945
1!
12
#94950
0!
02
#94955
1!
12
#94960
0!
02
#94965
1!
12
#94970
0!
02
#94975
1!
12
#94980
0!
02
#94985
1!
12
#94990
0!
02
#94995
1!
12
#95000
0!
02
#95005
1!
12
#95010
0!
02
#95015
1!
12
#95020
0!
02
#95025
1!
12
#95030
0!
02
#95035
1!
12
#95040
0!
02
#95045
1!
12
#95050
0!
02
#95055
1!
12
#95060
0!
02
#95065
1!
12
#95070
0!
02
#95075
1!
12
#95080
0!
02
#95085
1!
12
#95090
0!
02
#95095
1!
12
#95100
0!
02
#95105
1!
12
#95110
0!
02
#95115
1!
12
#95120
0!
02
#95125
1!
12
#95130
0!
02
#95135
1!
12
#95140
0!
02
#95145
1!
12
#95150
0!
02
#95155
1!
12
#95160
0!
02
#95165
1!
12
#95170
0!
02
#95175
1!
12
#95180
0!
02
#95185
1!
12
#95190
0!
02
#95195
1!
12
#95200
0!
02
#95205
1!
12
#95210
0!
02
#95215
1!
12
#95220
0!
02
#95225
1!
12
#95230
0!
02
#95235
1!
12
#95240
0!
02
#95245
1!
12
#95250
0!
02
#95255
1!
12
#95260
0!
02
#95265
1!
12
#95270
0!
02
#95275
1!
12
#95280
0!
02
#95285
1!
12
#95290
0!
02
#95295
1!
12
#95300
0!
02
#95305
1!
12
#95310
0!
02
#95315
1!
12
#95320
0!
02
#95325
1!
12
#95330
0!
02
#95335
1!
12
#95340
0!
02
#95345
1!
12
#95350
0!
02
#95355
1!
12
#95360
0!
02
#95365
1!
12
#95370
0!
02
#95375
1!
12
#95380
0!
02
#95385
1!
12
#95390
0!
02
#95395
1!
12
#95400
0!
02
#95405
1!
12
#95410
0!
02
#95415
1!
12
#95420
0!
02
#95425
1!
12
#95430
0!
02
#95435
1!
12
#95440
0!
02
#95445
1!
12
#95450
0!
02
#95455
1!
12
#95460
0!
02
#95465
1!
12
#95470
0!
02
#95475
1!
12
#95480
0!
02
#95485
1!
12
#95490
0!
02
#95495
1!
12
#95500
0!
02
#95505
1!
12
#95510
0!
02
#95515
1!
12
#95520
0!
02
#95525
1!
12
#95530
0!
02
#95535
1!
12
#95540
0!
02
#95545
1!
12
#95550
0!
02
#95555
1!
12
#95560
0!
02
#95565
1!
12
#95570
0!
02
#95575
1!
12
#95580
0!
02
#95585
1!
12
#95590
0!
02
#95595
1!
12
#95600
0!
02
#95605
1!
12
#95610
0!
02
#95615
1!
12
#95620
0!
02
#95625
1!
12
#95630
0!
02
#95635
1!
12
#95640
0!
02
#95645
1!
12
#95650
0!
02
#95655
1!
12
#95660
0!
02
#95665
1!
12
#95670
0!
02
#95675
1!
12
#95680
0!
02
#95685
1!
12
#95690
0!
02
#95695
1!
12
#95700
0!
02
#95705
1!
12
#95710
0!
02
#95715
1!
12
#95720
0!
02
#95725
1!
12
#95730
0!
02
#95735
1!
12
#95740
0!
02
#95745
1!
12
#95750
0!
02
#95755
1!
12
#95760
0!
02
#95765
1!
12
#95770
0!
02
#95775
1!
12
#95780
0!
02
#95785
1!
12
#95790
0!
02
#95795
1!
12
#95800
0!
02
#95805
1!
12
#95810
0!
02
#95815
1!
12
#95820
0!
02
#95825
1!
12
#95830
0!
02
#95835
1!
12
#95840
0!
02
#95845
1!
12
#95850
0!
02
#95855
1!
12
#95860
0!
02
#95865
1!
12
#95870
0!
02
#95875
1!
12
#95880
0!
02
#95885
1!
12
#95890
0!
02
#95895
1!
12
#95900
0!
02
#95905
1!
12
#95910
0!
02
#95915
1!
12
#95920
0!
02
#95925
1!
12
#95930
0!
02
#95935
1!
12
#95940
0!
02
#95945
1!
12
#95950
0!
02
#95955
1!
12
#95960
0!
02
#95965
1!
12
#95970
0!
02
#95975
1!
12
#95980
0!
02
#95985
1!
12
#95990
0!
02
#95995
1!
12
#96000
0!
02
#96005
1!
12
#96010
0!
02
#96015
1!
12
#96020
0!
02
#96025
1!
12
#96030
0!
02
#96035
1!
12
#96040
0!
02
#96045
1!
12
#96050
0!
02
#96055
1!
12
#96060
0!
02
#96065
1!
12
#96070
0!
02
#96075
1!
12
#96080
0!
02
#96085
1!
12
#96090
0!
02
#96095
1!
12
#96100
0!
02
#96105
1!
12
#96110
0!
02
#96115
1!
12
#96120
0!
02
#96125
1!
12
#96130
0!
02
#96135
1!
12
#96140
0!
02
#96145
1!
12
#96150
0!
02
#96155
1!
12
#96160
0!
02
#96165
1!
12
#96170
0!
02
#96175
1!
12
#96180
0!
02
#96185
1!
12
#96190
0!
02
#96195
1!
12
#96200
0!
02
#96205
1!
12
#96210
0!
02
#96215
1!
12
#96220
0!
02
#96225
1!
12
#96230
0!
02
#96235
1!
12
#96240
0!
02
#96245
1!
12
#96250
0!
02
#96255
1!
12
#96260
0!
02
#96265
1!
12
#96270
0!
02
#96275
1!
12
#96280
0!
02
#96285
1!
12
#96290
0!
02
#96295
1!
12
#96300
0!
02
#96305
1!
12
#96310
0!
02
#96315
1!
12
#96320
0!
02
#96325
1!
12
#96330
0!
02
#96335
1!
12
#96340
0!
02
#96345
1!
12
#96350
0!
02
#96355
1!
12
#96360
0!
02
#96365
1!
12
#96370
0!
02
#96375
1!
12
#96380
0!
02
#96385
1!
12
#96390
0!
02
#96395
1!
12
#96400
0!
02
#96405
1!
12
#96410
0!
02
#96415
1!
12
#96420
0!
02
#96425
1!
12
#96430
0!
02
#96435
1!
12
#96440
0!
02
#96445
1!
12
#96450
0!
02
#96455
1!
12
#96460
0!
02
#96465
1!
12
#96470
0!
02
#96475
1!
12
#96480
0!
02
#96485
1!
12
#96490
0!
02
#96495
1!
12
#96500
0!
02
#96505
1!
12
#96510
0!
02
#96515
1!
12
#96520
0!
02
#96525
1!
12
#96530
0!
02
#96535
1!
12
#96540
0!
02
#96545
1!
12
#96550
0!
02
#96555
1!
12
#96560
0!
02
#96565
1!
12
#96570
0!
02
#96575
1!
12
#96580
0!
02
#96585
1!
12
#96590
0!
02
#96595
1!
12
#96600
0!
02
#96605
1!
12
#96610
0!
02
#96615
1!
12
#96620
0!
02
#96625
1!
12
#96630
0!
02
#96635
1!
12
#96640
0!
02
#96645
1!
12
#96650
0!
02
#96655
1!
12
#96660
0!
02
#96665
1!
12
#96670
0!
02
#96675
1!
12
#96680
0!
02
#96685
1!
12
#96690
0!
02
#96695
1!
12
#96700
0!
02
#96705
1!
12
#96710
0!
02
#96715
1!
12
#96720
0!
02
#96725
1!
12
#96730
0!
02
#96735
1!
12
#96740
0!
02
#96745
1!
12
#96750
0!
02
#96755
1!
12
#96760
0!
02
#96765
1!
12
#96770
0!
02
#96775
1!
12
#96780
0!
02
#96785
1!
12
#96790
0!
02
#96795
1!
12
#96800
0!
02
#96805
1!
12
#96810
0!
02
#96815
1!
12
#96820
0!
02
#96825
1!
12
#96830
0!
02
#96835
1!
12
#96840
0!
02
#96845
1!
12
#96850
0!
02
#96855
1!
12
#96860
0!
02
#96865
1!
12
#96870
0!
02
#96875
1!
12
#96880
0!
02
#96885
1!
12
#96890
0!
02
#96895
1!
12
#96900
0!
02
#96905
1!
12
#96910
0!
02
#96915
1!
12
#96920
0!
02
#96925
1!
12
#96930
0!
02
#96935
1!
12
#96940
0!
02
#96945
1!
12
#96950
0!
02
#96955
1!
12
#96960
0!
02
#96965
1!
12
#96970
0!
02
#96975
1!
12
#96980
0!
02
#96985
1!
12
#96990
0!
02
#96995
1!
12
#97000
0!
02
#97005
1!
12
#97010
0!
02
#97015
1!
12
#97020
0!
02
#97025
1!
12
#97030
0!
02
#97035
1!
12
#97040
0!
02
#97045
1!
12
#97050
0!
02
#97055
1!
12
#97060
0!
02
#97065
1!
12
#97070
0!
02
#97075
1!
12
#97080
0!
02
#97085
1!
12
#97090
0!
02
#97095
1!
12
#97100
0!
02
#97105
1!
12
#97110
0!
02
#97115
1!
12
#97120
0!
02
#97125
1!
12
#97130
0!
02
#97135
1!
12
#97140
0!
02
#97145
1!
12
#97150
0!
02
#97155
1!
12
#97160
0!
02
#97165
1!
12
#97170
0!
02
#97175
1!
12
#97180
0!
02
#97185
1!
12
#97190
0!
02
#97195
1!
12
#97200
0!
02
#97205
1!
12
#97210
0!
02
#97215
1!
12
#97220
0!
02
#97225
1!
12
#97230
0!
02
#97235
1!
12
#97240
0!
02
#97245
1!
12
#97250
0!
02
#97255
1!
12
#97260
0!
02
#97265
1!
12
#97270
0!
02
#97275
1!
12
#97280
0!
02
#97285
1!
12
#97290
0!
02
#97295
1!
12
#97300
0!
02
#97305
1!
12
#97310
0!
02
#97315
1!
12
#97320
0!
02
#97325
1!
12
#97330
0!
02
#97335
1!
12
#97340
0!
02
#97345
1!
12
#97350
0!
02
#97355
1!
12
#97360
0!
02
#97365
1!
12
#97370
0!
02
#97375
1!
12
#97380
0!
02
#97385
1!
12
#97390
0!
02
#97395
1!
12
#97400
0!
02
#97405
1!
12
#97410
0!
02
#97415
1!
12
#97420
0!
02
#97425
1!
12
#97430
0!
02
#97435
1!
12
#97440
0!
02
#97445
1!
12
#97450
0!
02
#97455
1!
12
#97460
0!
02
#97465
1!
12
#97470
0!
02
#97475
1!
12
#97480
0!
02
#97485
1!
12
#97490
0!
02
#97495
1!
12
#97500
0!
02
#97505
1!
12
#97510
0!
02
#97515
1!
12
#97520
0!
02
#97525
1!
12
#97530
0!
02
#97535
1!
12
#97540
0!
02
#97545
1!
12
#97550
0!
02
#97555
1!
12
#97560
0!
02
#97565
1!
12
#97570
0!
02
#97575
1!
12
#97580
0!
02
#97585
1!
12
#97590
0!
02
#97595
1!
12
#97600
0!
02
#97605
1!
12
#97610
0!
02
#97615
1!
12
#97620
0!
02
#97625
1!
12
#97630
0!
02
#97635
1!
12
#97640
0!
02
#97645
1!
12
#97650
0!
02
#97655
1!
12
#97660
0!
02
#97665
1!
12
#97670
0!
02
#97675
1!
12
#97680
0!
02
#97685
1!
12
#97690
0!
02
#97695
1!
12
#97700
0!
02
#97705
1!
12
#97710
0!
02
#97715
1!
12
#97720
0!
02
#97725
1!
12
#97730
0!
02
#97735
1!
12
#97740
0!
02
#97745
1!
12
#97750
0!
02
#97755
1!
12
#97760
0!
02
#97765
1!
12
#97770
0!
02
#97775
1!
12
#97780
0!
02
#97785
1!
12
#97790
0!
02
#97795
1!
12
#97800
0!
02
#97805
1!
12
#97810
0!
02
#97815
1!
12
#97820
0!
02
#97825
1!
12
#97830
0!
02
#97835
1!
12
#97840
0!
02
#97845
1!
12
#97850
0!
02
#97855
1!
12
#97860
0!
02
#97865
1!
12
#97870
0!
02
#97875
1!
12
#97880
0!
02
#97885
1!
12
#97890
0!
02
#97895
1!
12
#97900
0!
02
#97905
1!
12
#97910
0!
02
#97915
1!
12
#97920
0!
02
#97925
1!
12
#97930
0!
02
#97935
1!
12
#97940
0!
02
#97945
1!
12
#97950
0!
02
#97955
1!
12
#97960
0!
02
#97965
1!
12
#97970
0!
02
#97975
1!
12
#97980
0!
02
#97985
1!
12
#97990
0!
02
#97995
1!
12
#98000
0!
02
#98005
1!
12
#98010
0!
02
#98015
1!
12
#98020
0!
02
#98025
1!
12
#98030
0!
02
#98035
1!
12
#98040
0!
02
#98045
1!
12
#98050
0!
02
#98055
1!
12
#98060
0!
02
#98065
1!
12
#98070
0!
02
#98075
1!
12
#98080
0!
02
#98085
1!
12
#98090
0!
02
#98095
1!
12
#98100
0!
02
#98105
1!
12
#98110
0!
02
#98115
1!
12
#98120
0!
02
#98125
1!
12
#98130
0!
02
#98135
1!
12
#98140
0!
02
#98145
1!
12
#98150
0!
02
#98155
1!
12
#98160
0!
02
#98165
1!
12
#98170
0!
02
#98175
1!
12
#98180
0!
02
#98185
1!
12
#98190
0!
02
#98195
1!
12
#98200
0!
02
#98205
1!
12
#98210
0!
02
#98215
1!
12
#98220
0!
02
#98225
1!
12
#98230
0!
02
#98235
1!
12
#98240
0!
02
#98245
1!
12
#98250
0!
02
#98255
1!
12
#98260
0!
02
#98265
1!
12
#98270
0!
02
#98275
1!
12
#98280
0!
02
#98285
1!
12
#98290
0!
02
#98295
1!
12
#98300
0!
02
#98305
1!
12
#98310
0!
02
#98315
1!
12
#98320
0!
02
#98325
1!
12
#98330
0!
02
#98335
1!
12
#98340
0!
02
#98345
1!
12
#98350
0!
02
#98355
1!
12
#98360
0!
02
#98365
1!
12
#98370
0!
02
#98375
1!
12
#98380
0!
02
#98385
1!
12
#98390
0!
02
#98395
1!
12
#98400
0!
02
#98405
1!
12
#98410
0!
02
#98415
1!
12
#98420
0!
02
#98425
1!
12
#98430
0!
02
#98435
1!
12
#98440
0!
02
#98445
1!
12
#98450
0!
02
#98455
1!
12
#98460
0!
02
#98465
1!
12
#98470
0!
02
#98475
1!
12
#98480
0!
02
#98485
1!
12
#98490
0!
02
#98495
1!
12
#98500
0!
02
#98505
1!
12
#98510
0!
02
#98515
1!
12
#98520
0!
02
#98525
1!
12
#98530
0!
02
#98535
1!
12
#98540
0!
02
#98545
1!
12
#98550
0!
02
#98555
1!
12
#98560
0!
02
#98565
1!
12
#98570
0!
02
#98575
1!
12
#98580
0!
02
#98585
1!
12
#98590
0!
02
#98595
1!
12
#98600
0!
02
#98605
1!
12
#98610
0!
02
#98615
1!
12
#98620
0!
02
#98625
1!
12
#98630
0!
02
#98635
1!
12
#98640
0!
02
#98645
1!
12
#98650
0!
02
#98655
1!
12
#98660
0!
02
#98665
1!
12
#98670
0!
02
#98675
1!
12
#98680
0!
02
#98685
1!
12
#98690
0!
02
#98695
1!
12
#98700
0!
02
#98705
1!
12
#98710
0!
02
#98715
1!
12
#98720
0!
02
#98725
1!
12
#98730
0!
02
#98735
1!
12
#98740
0!
02
#98745
1!
12
#98750
0!
02
#98755
1!
12
#98760
0!
02
#98765
1!
12
#98770
0!
02
#98775
1!
12
#98780
0!
02
#98785
1!
12
#98790
0!
02
#98795
1!
12
#98800
0!
02
#98805
1!
12
#98810
0!
02
#98815
1!
12
#98820
0!
02
#98825
1!
12
#98830
0!
02
#98835
1!
12
#98840
0!
02
#98845
1!
12
#98850
0!
02
#98855
1!
12
#98860
0!
02
#98865
1!
12
#98870
0!
02
#98875
1!
12
#98880
0!
02
#98885
1!
12
#98890
0!
02
#98895
1!
12
#98900
0!
02
#98905
1!
12
#98910
0!
02
#98915
1!
12
#98920
0!
02
#98925
1!
12
#98930
0!
02
#98935
1!
12
#98940
0!
02
#98945
1!
12
#98950
0!
02
#98955
1!
12
#98960
0!
02
#98965
1!
12
#98970
0!
02
#98975
1!
12
#98980
0!
02
#98985
1!
12
#98990
0!
02
#98995
1!
12
#99000
0!
02
#99005
1!
12
#99010
0!
02
#99015
1!
12
#99020
0!
02
#99025
1!
12
#99030
0!
02
#99035
1!
12
#99040
0!
02
#99045
1!
12
#99050
0!
02
#99055
1!
12
#99060
0!
02
#99065
1!
12
#99070
0!
02
#99075
1!
12
#99080
0!
02
#99085
1!
12
#99090
0!
02
#99095
1!
12
#99100
0!
02
#99105
1!
12
#99110
0!
02
#99115
1!
12
#99120
0!
02
#99125
1!
12
#99130
0!
02
#99135
1!
12
#99140
0!
02
#99145
1!
12
#99150
0!
02
#99155
1!
12
#99160
0!
02
#99165
1!
12
#99170
0!
02
#99175
1!
12
#99180
0!
02
#99185
1!
12
#99190
0!
02
#99195
1!
12
#99200
0!
02
#99205
1!
12
#99210
0!
02
#99215
1!
12
#99220
0!
02
#99225
1!
12
#99230
0!
02
#99235
1!
12
#99240
0!
02
#99245
1!
12
#99250
0!
02
#99255
1!
12
#99260
0!
02
#99265
1!
12
#99270
0!
02
#99275
1!
12
#99280
0!
02
#99285
1!
12
#99290
0!
02
#99295
1!
12
#99300
0!
02
#99305
1!
12
#99310
0!
02
#99315
1!
12
#99320
0!
02
#99325
1!
12
#99330
0!
02
#99335
1!
12
#99340
0!
02
#99345
1!
12
#99350
0!
02
#99355
1!
12
#99360
0!
02
#99365
1!
12
#99370
0!
02
#99375
1!
12
#99380
0!
02
#99385
1!
12
#99390
0!
02
#99395
1!
12
#99400
0!
02
#99405
1!
12
#99410
0!
02
#99415
1!
12
#99420
0!
02
#99425
1!
12
#99430
0!
02
#99435
1!
12
#99440
0!
02
#99445
1!
12
#99450
0!
02
#99455
1!
12
#99460
0!
02
#99465
1!
12
#99470
0!
02
#99475
1!
12
#99480
0!
02
#99485
1!
12
#99490
0!
02
#99495
1!
12
#99500
0!
02
#99505
1!
12
#99510
0!
02
#99515
1!
12
#99520
0!
02
#99525
1!
12
#99530
0!
02
#99535
1!
12
#99540
0!
02
#99545
1!
12
#99550
0!
02
#99555
1!
12
#99560
0!
02
#99565
1!
12
#99570
0!
02
#99575
1!
12
#99580
0!
02
#99585
1!
12
#99590
0!
02
#99595
1!
12
#99600
0!
02
#99605
1!
12
#99610
0!
02
#99615
1!
12
#99620
0!
02
#99625
1!
12
#99630
0!
02
#99635
1!
12
#99640
0!
02
#99645
1!
12
#99650
0!
02
#99655
1!
12
#99660
0!
02
#99665
1!
12
#99670
0!
02
#99675
1!
12
#99680
0!
02
#99685
1!
12
#99690
0!
02
#99695
1!
12
#99700
0!
02
#99705
1!
12
#99710
0!
02
#99715
1!
12
#99720
0!
02
#99725
1!
12
#99730
0!
02
#99735
1!
12
#99740
0!
02
#99745
1!
12
#99750
0!
02
#99755
1!
12
#99760
0!
02
#99765
1!
12
#99770
0!
02
#99775
1!
12
#99780
0!
02
#99785
1!
12
#99790
0!
02
#99795
1!
12
#99800
0!
02
#99805
1!
12
#99810
0!
02
#99815
1!
12
#99820
0!
02
#99825
1!
12
#99830
0!
02
#99835
1!
12
#99840
0!
02
#99845
1!
12
#99850
0!
02
#99855
1!
12
#99860
0!
02
#99865
1!
12
#99870
0!
02
#99875
1!
12
#99880
0!
02
#99885
1!
12
#99890
0!
02
#99895
1!
12
#99900
0!
02
#99905
1!
12
#99910
0!
02
#99915
1!
12
#99920
0!
02
#99925
1!
12
#99930
0!
02
#99935
1!
12
#99940
0!
02
#99945
1!
12
#99950
0!
02
#99955
1!
12
#99960
0!
02
#99965
1!
12
#99970
0!
02
#99975
1!
12
#99980
0!
02
#99985
1!
12
#99990
0!
02
#99995
1!
12
#100000
0!
02
