# vsim -vopt work.tb -voptargs="+acc=npr" -assertdebug -l tb.log -coverage -c -do "coverage save -onexit -assert -directive -cvg -codeAll ram.ucdb; run -all; exit" 
# Start time: 01:04:40 on Jul 07,2026
# ** Note: (vsim-3813) Design is being optimized due to module recompilation...
# //  Questa Sim
# //  Version 10.6c linux Jul 25 2017
# //
# //  Copyright 1991-2017 Mentor Graphics Corporation
# //  All Rights Reserved.
# //
# //  QuestaSim and its associated documentation contain trade
# //  secrets and commercial or financial information that are the property of
# //  Mentor Graphics Corporation and are privileged, confidential,
# //  and exempt from disclosure under the Freedom of Information Act,
# //  5 U.S.C. Section 552. Furthermore, this information
# //  is prohibited from disclosure under the Trade Secrets Act,
# //  18 U.S.C. Section 1905.
# //
# Loading sv_std.std
# Loading work.testbench_sv_unit(fast)
# Loading work.tb(fast)
# Loading work.intf(fast)
# Loading work.RAM(fast)
# Loading work.intf(fast)
# coverage save -onexit -assert -directive -cvg -codeAll ram.ucdb
#  run -all
# -------------------------
# - [Generator] 
# -------------------------
# w = 0, r = 1
# - data_in = 172, address = 2
# - data_out = 0
# -------------------------
# -------------------------
# - [Generator] 
# -------------------------
# w = 1, r = 1
# - data_in = 89, address = 0
# - data_out = 0
# -------------------------
# -------------------------
# - [Generator] 
# -------------------------
# w = 0, r = 0
# - data_in = 17, address = 15
# - data_out = 0
# -------------------------
# -------------------------
# - [Generator] 
# -------------------------
# w = 0, r = 1
# - data_in = 128, address = 14
# - data_out = 0
# -------------------------
# -------------------------
# - [Generator] 
# -------------------------
# w = 1, r = 0
# - data_in = 6, address = 25
# - data_out = 0
# -------------------------
# -------------------------
# - [Generator] 
# -------------------------
# w = 0, r = 0
# - data_in = 134, address = 16
# - data_out = 0
# -------------------------
# -------------------------
# - [Generator] 
# -------------------------
# w = 0, r = 0
# - data_in = 248, address = 30
# - data_out = 0
# -------------------------
# -------------------------
# - [Generator] 
# -------------------------
# w = 0, r = 1
# - data_in = 148, address = 14
# - data_out = 0
# -------------------------
# -------------------------
# - [Generator] 
# -------------------------
# w = 1, r = 1
# - data_in = 111, address = 10
# - data_out = 0
# -------------------------
# -------------------------
# - [Generator] 
# -------------------------
# w = 0, r = 1
# - data_in = 63, address = 28
# - data_out = 0
# -------------------------
# -------------------------
# - [Generator] 
# -------------------------
# w = 0, r = 1
# - data_in = 205, address = 26
# - data_out = 0
# -------------------------
# -------------------------
# - [Generator] 
# -------------------------
# w = 1, r = 1
# - data_in = 217, address = 28
# - data_out = 0
# -------------------------
# -------------------------
# - [Generator] 
# -------------------------
# w = 1, r = 1
# - data_in = 209, address = 6
# - data_out = 0
# -------------------------
# -------------------------
# - [Generator] 
# -------------------------
# w = 1, r = 0
# - data_in = 41, address = 17
# - data_out = 0
# -------------------------
# -------------------------
# - [Generator] 
# -------------------------
# w = 1, r = 0
# - data_in = 237, address = 11
# - data_out = 0
# -------------------------
# -------------------------
# - [Generator] 
# -------------------------
# w = 1, r = 0
# - data_in = 197, address = 29
# - data_out = 0
# -------------------------
# -------------------------
# - [Generator] 
# -------------------------
# w = 1, r = 0
# - data_in = 190, address = 14
# - data_out = 0
# -------------------------
# -------------------------
# - [Generator] 
# -------------------------
# w = 1, r = 0
# - data_in = 246, address = 4
# - data_out = 0
# -------------------------
# -------------------------
# - [Generator] 
# -------------------------
# w = 0, r = 0
# - data_in = 42, address = 4
# - data_out = 0
# -------------------------
# -------------------------
# - [Generator] 
# -------------------------
# w = 0, r = 0
# - data_in = 209, address = 2
# - data_out = 0
# -------------------------
# -------------------------
# - [Generator] 
# -------------------------
# w = 0, r = 1
# - data_in = 123, address = 23
# - data_out = 0
# -------------------------
# -------------------------
# - [Generator] 
# -------------------------
# w = 1, r = 1
# - data_in = 109, address = 19
# - data_out = 0
# -------------------------
# -------------------------
# - [Generator] 
# -------------------------
# w = 0, r = 0
# - data_in = 19, address = 16
# - data_out = 0
# -------------------------
# -------------------------
# - [Generator] 
# -------------------------
# w = 0, r = 0
# - data_in = 235, address = 27
# - data_out = 0
# -------------------------
# -------------------------
# - [Generator] 
# -------------------------
# w = 0, r = 1
# - data_in = 142, address = 18
# - data_out = 0
# -------------------------
# -------------------------
# - [Generator] 
# -------------------------
# w = 0, r = 0
# - data_in = 77, address = 2
# - data_out = 0
# -------------------------
# -------------------------
# - [Generator] 
# -------------------------
# w = 0, r = 1
# - data_in = 249, address = 24
# - data_out = 0
# -------------------------
# -------------------------
# - [Generator] 
# -------------------------
# w = 0, r = 1
# - data_in = 96, address = 23
# - data_out = 0
# -------------------------
# -------------------------
# - [Generator] 
# -------------------------
# w = 1, r = 0
# - data_in = 161, address = 21
# - data_out = 0
# -------------------------
# -------------------------
# - [Generator] 
# -------------------------
# w = 0, r = 0
# - data_in = 65, address = 27
# - data_out = 0
# -------------------------
# -------------------------
# - [Generator] 
# -------------------------
# w = 0, r = 0
# - data_in = 246, address = 15
# - data_out = 0
# -------------------------
# -------------------------
# - [Generator] 
# -------------------------
# w = 1, r = 0
# - data_in = 87, address = 17
# - data_out = 0
# -------------------------
# -------------------------
# - [Generator] 
# -------------------------
# w = 0, r = 1
# - data_in = 10, address = 5
# - data_out = 0
# -------------------------
# -------------------------
# - [Generator] 
# -------------------------
# w = 1, r = 1
# - data_in = 229, address = 15
# - data_out = 0
# -------------------------
# -------------------------
# - [Generator] 
# -------------------------
# w = 1, r = 0
# - data_in = 186, address = 15
# - data_out = 0
# -------------------------
# -------------------------
# - [Generator] 
# -------------------------
# w = 1, r = 0
# - data_in = 160, address = 19
# - data_out = 0
# -------------------------
# -------------------------
# - [Generator] 
# -------------------------
# w = 1, r = 0
# - data_in = 155, address = 12
# - data_out = 0
# -------------------------
# -------------------------
# - [Generator] 
# -------------------------
# w = 0, r = 0
# - data_in = 216, address = 2
# - data_out = 0
# -------------------------
# -------------------------
# - [Generator] 
# -------------------------
# w = 1, r = 0
# - data_in = 231, address = 29
# - data_out = 0
# -------------------------
# -------------------------
# - [Generator] 
# -------------------------
# w = 0, r = 0
# - data_in = 249, address = 22
# - data_out = 0
# -------------------------
# -------------------------
# - [Generator] 
# -------------------------
# w = 1, r = 1
# - data_in = 238, address = 13
# - data_out = 0
# -------------------------
# -------------------------
# - [Generator] 
# -------------------------
# w = 0, r = 0
# - data_in = 42, address = 6
# - data_out = 0
# -------------------------
# -------------------------
# - [Generator] 
# -------------------------
# w = 1, r = 0
# - data_in = 92, address = 2
# - data_out = 0
# -------------------------
# -------------------------
# - [Generator] 
# -------------------------
# w = 0, r = 1
# - data_in = 253, address = 11
# - data_out = 0
# -------------------------
# -------------------------
# - [Generator] 
# -------------------------
# w = 1, r = 1
# - data_in = 107, address = 15
# - data_out = 0
# -------------------------
# -------------------------
# - [Generator] 
# -------------------------
# w = 0, r = 0
# - data_in = 6, address = 6
# - data_out = 0
# -------------------------
# -------------------------
# - [Generator] 
# -------------------------
# w = 0, r = 0
# - data_in = 194, address = 2
# - data_out = 0
# -------------------------
# -------------------------
# - [Generator] 
# -------------------------
# w = 1, r = 0
# - data_in = 39, address = 0
# - data_out = 0
# -------------------------
# -------------------------
# - [Generator] 
# -------------------------
# w = 0, r = 0
# - data_in = 177, address = 21
# - data_out = 0
# -------------------------
# -------------------------
# - [Generator] 
# -------------------------
# w = 0, r = 1
# - data_in = 245, address = 28
# - data_out = 0
# -------------------------
# -------------------------
# - [Generator] 
# -------------------------
# w = 1, r = 1
# - data_in = 64, address = 21
# - data_out = 0
# -------------------------
# -------------------------
# - [Generator] 
# -------------------------
# w = 0, r = 1
# - data_in = 121, address = 29
# - data_out = 0
# -------------------------
# -------------------------
# - [Generator] 
# -------------------------
# w = 0, r = 1
# - data_in = 11, address = 12
# - data_out = 0
# -------------------------
# -------------------------
# - [Generator] 
# -------------------------
# w = 0, r = 0
# - data_in = 76, address = 22
# - data_out = 0
# -------------------------
# -------------------------
# - [Generator] 
# -------------------------
# w = 1, r = 0
# - data_in = 64, address = 22
# - data_out = 0
# -------------------------
# -------------------------
# - [Generator] 
# -------------------------
# w = 0, r = 0
# - data_in = 217, address = 3
# - data_out = 0
# -------------------------
# -------------------------
# - [Generator] 
# -------------------------
# w = 0, r = 0
# - data_in = 116, address = 22
# - data_out = 0
# -------------------------
# -------------------------
# - [Generator] 
# -------------------------
# w = 1, r = 1
# - data_in = 244, address = 3
# - data_out = 0
# -------------------------
# -------------------------
# - [Generator] 
# -------------------------
# w = 0, r = 0
# - data_in = 105, address = 24
# - data_out = 0
# -------------------------
# -------------------------
# - [Generator] 
# -------------------------
# w = 1, r = 1
# - data_in = 109, address = 15
# - data_out = 0
# -------------------------
# -------------------------
# - [Generator] 
# -------------------------
# w = 0, r = 1
# - data_in = 87, address = 8
# - data_out = 0
# -------------------------
# -------------------------
# - [Generator] 
# -------------------------
# w = 1, r = 0
# - data_in = 193, address = 25
# - data_out = 0
# -------------------------
# -------------------------
# - [Generator] 
# -------------------------
# w = 0, r = 0
# - data_in = 5, address = 25
# - data_out = 0
# -------------------------
# -------------------------
# - [Generator] 
# -------------------------
# w = 0, r = 1
# - data_in = 168, address = 4
# - data_out = 0
# -------------------------
# -------------------------
# - [Generator] 
# -------------------------
# w = 1, r = 1
# - data_in = 176, address = 3
# - data_out = 0
# -------------------------
# -------------------------
# - [Generator] 
# -------------------------
# w = 0, r = 1
# - data_in = 216, address = 0
# - data_out = 0
# -------------------------
# -------------------------
# - [Generator] 
# -------------------------
# w = 0, r = 0
# - data_in = 156, address = 7
# - data_out = 0
# -------------------------
# -------------------------
# - [Generator] 
# -------------------------
# w = 0, r = 0
# - data_in = 182, address = 8
# - data_out = 0
# -------------------------
# -------------------------
# - [Generator] 
# -------------------------
# w = 0, r = 1
# - data_in = 115, address = 23
# - data_out = 0
# -------------------------
# -------------------------
# - [Generator] 
# -------------------------
# w = 1, r = 1
# - data_in = 134, address = 23
# - data_out = 0
# -------------------------
# -------------------------
# - [Generator] 
# -------------------------
# w = 1, r = 0
# - data_in = 92, address = 23
# - data_out = 0
# -------------------------
# -------------------------
# - [Generator] 
# -------------------------
# w = 1, r = 0
# - data_in = 68, address = 5
# - data_out = 0
# -------------------------
# -------------------------
# - [Generator] 
# -------------------------
# w = 0, r = 0
# - data_in = 106, address = 24
# - data_out = 0
# -------------------------
# -------------------------
# - [Generator] 
# -------------------------
# w = 1, r = 1
# - data_in = 160, address = 14
# - data_out = 0
# -------------------------
# -------------------------
# - [Generator] 
# -------------------------
# w = 1, r = 1
# - data_in = 55, address = 17
# - data_out = 0
# -------------------------
# -------------------------
# - [Generator] 
# -------------------------
# w = 1, r = 0
# - data_in = 200, address = 1
# - data_out = 0
# -------------------------
# -------------------------
# - [Generator] 
# -------------------------
# w = 0, r = 1
# - data_in = 40, address = 15
# - data_out = 0
# -------------------------
# -------------------------
# - [Generator] 
# -------------------------
# w = 1, r = 1
# - data_in = 159, address = 6
# - data_out = 0
# -------------------------
# -------------------------
# - [Generator] 
# -------------------------
# w = 1, r = 0
# - data_in = 62, address = 0
# - data_out = 0
# -------------------------
# -------------------------
# - [Generator] 
# -------------------------
# w = 1, r = 1
# - data_in = 115, address = 28
# - data_out = 0
# -------------------------
# -------------------------
# - [Generator] 
# -------------------------
# w = 1, r = 1
# - data_in = 252, address = 19
# - data_out = 0
# -------------------------
# -------------------------
# - [Generator] 
# -------------------------
# w = 0, r = 0
# - data_in = 33, address = 18
# - data_out = 0
# -------------------------
# -------------------------
# - [Generator] 
# -------------------------
# w = 1, r = 1
# - data_in = 75, address = 10
# - data_out = 0
# -------------------------
# -------------------------
# - [Generator] 
# -------------------------
# w = 0, r = 0
# - data_in = 224, address = 25
# - data_out = 0
# -------------------------
# -------------------------
# - [Generator] 
# -------------------------
# w = 1, r = 0
# - data_in = 141, address = 10
# - data_out = 0
# -------------------------
# -------------------------
# - [Generator] 
# -------------------------
# w = 0, r = 1
# - data_in = 136, address = 30
# - data_out = 0
# -------------------------
# -------------------------
# - [Generator] 
# -------------------------
# w = 0, r = 1
# - data_in = 10, address = 23
# - data_out = 0
# -------------------------
# -------------------------
# - [Generator] 
# -------------------------
# w = 0, r = 0
# - data_in = 34, address = 14
# - data_out = 0
# -------------------------
# -------------------------
# - [Generator] 
# -------------------------
# w = 0, r = 0
# - data_in = 44, address = 7
# - data_out = 0
# -------------------------
# -------------------------
# - [Generator] 
# -------------------------
# w = 0, r = 1
# - data_in = 24, address = 12
# - data_out = 0
# -------------------------
# -------------------------
# - [Generator] 
# -------------------------
# w = 1, r = 1
# - data_in = 233, address = 10
# - data_out = 0
# -------------------------
# -------------------------
# - [Generator] 
# -------------------------
# w = 1, r = 1
# - data_in = 252, address = 0
# - data_out = 0
# -------------------------
# -------------------------
# - [Generator] 
# -------------------------
# w = 1, r = 0
# - data_in = 91, address = 2
# - data_out = 0
# -------------------------
# -------------------------
# - [Generator] 
# -------------------------
# w = 0, r = 0
# - data_in = 155, address = 0
# - data_out = 0
# -------------------------
# -------------------------
# - [Generator] 
# -------------------------
# w = 0, r = 1
# - data_in = 189, address = 23
# - data_out = 0
# -------------------------
# -------------------------
# - [Generator] 
# -------------------------
# w = 1, r = 1
# - data_in = 108, address = 2
# - data_out = 0
# -------------------------
# -------------------------
# - [Generator] 
# -------------------------
# w = 1, r = 0
# - data_in = 43, address = 18
# - data_out = 0
# -------------------------
# -------------------------
# - [Generator] 
# -------------------------
# w = 0, r = 1
# - data_in = 39, address = 7
# - data_out = 0
# -------------------------
# -------------------------
# - [Generator] 
# -------------------------
# w = 0, r = 1
# - data_in = 105, address = 11
# - data_out = 0
# -------------------------
# -------------------------
# - [Generator] 
# -------------------------
# w = 0, r = 0
# - data_in = 79, address = 18
# - data_out = 0
# -------------------------
# -------------------------
# - [Generator] 
# -------------------------
# w = 0, r = 0
# - data_in = 106, address = 29
# - data_out = 0
# -------------------------
# -------------------------
# - [Generator] 
# -------------------------
# w = 0, r = 1
# - data_in = 203, address = 29
# - data_out = 0
# -------------------------
# -------------------------
# - [Generator] 
# -------------------------
# w = 1, r = 1
# - data_in = 36, address = 17
# - data_out = 0
# -------------------------
# -------------------------
# - [Generator] 
# -------------------------
# w = 0, r = 1
# - data_in = 19, address = 9
# - data_out = 0
# -------------------------
# -------------------------
# - [Generator] 
# -------------------------
# w = 1, r = 0
# - data_in = 199, address = 25
# - data_out = 0
# -------------------------
# -------------------------
# - [Generator] 
# -------------------------
# w = 1, r = 1
# - data_in = 171, address = 18
# - data_out = 0
# -------------------------
# -------------------------
# - [Generator] 
# -------------------------
# w = 0, r = 1
# - data_in = 250, address = 8
# - data_out = 0
# -------------------------
# -------------------------
# - [Generator] 
# -------------------------
# w = 1, r = 1
# - data_in = 110, address = 17
# - data_out = 0
# -------------------------
# -------------------------
# - [Generator] 
# -------------------------
# w = 1, r = 0
# - data_in = 13, address = 21
# - data_out = 0
# -------------------------
# -------------------------
# - [Generator] 
# -------------------------
# w = 1, r = 0
# - data_in = 3, address = 8
# - data_out = 0
# -------------------------
# -------------------------
# - [Generator] 
# -------------------------
# w = 0, r = 1
# - data_in = 58, address = 3
# - data_out = 0
# -------------------------
# -------------------------
# - [Generator] 
# -------------------------
# w = 1, r = 0
# - data_in = 56, address = 28
# - data_out = 0
# -------------------------
# -------------------------
# - [Generator] 
# -------------------------
# w = 0, r = 1
# - data_in = 69, address = 25
# - data_out = 0
# -------------------------
# -------------------------
# - [Generator] 
# -------------------------
# w = 1, r = 0
# - data_in = 189, address = 25
# - data_out = 0
# -------------------------
# -------------------------
# - [Generator] 
# -------------------------
# w = 0, r = 1
# - data_in = 62, address = 16
# - data_out = 0
# -------------------------
# -------------------------
# - [Generator] 
# -------------------------
# w = 1, r = 0
# - data_in = 100, address = 10
# - data_out = 0
# -------------------------
# -------------------------
# - [Generator] 
# -------------------------
# w = 1, r = 0
# - data_in = 208, address = 4
# - data_out = 0
# -------------------------
# -------------------------
# - [Generator] 
# -------------------------
# w = 1, r = 0
# - data_in = 24, address = 23
# - data_out = 0
# -------------------------
# -------------------------
# - [Generator] 
# -------------------------
# w = 1, r = 0
# - data_in = 13, address = 6
# - data_out = 0
# -------------------------
# -------------------------
# - [Generator] 
# -------------------------
# w = 0, r = 1
# - data_in = 196, address = 6
# - data_out = 0
# -------------------------
# -------------------------
# - [Generator] 
# -------------------------
# w = 1, r = 1
# - data_in = 124, address = 4
# - data_out = 0
# -------------------------
# -------------------------
# - [Generator] 
# -------------------------
# w = 0, r = 1
# - data_in = 99, address = 4
# - data_out = 0
# -------------------------
# -------------------------
# - [Generator] 
# -------------------------
# w = 0, r = 1
# - data_in = 121, address = 31
# - data_out = 0
# -------------------------
# -------------------------
# - [Generator] 
# -------------------------
# w = 0, r = 0
# - data_in = 210, address = 20
# - data_out = 0
# -------------------------
# -------------------------
# - [Generator] 
# -------------------------
# w = 1, r = 1
# - data_in = 249, address = 24
# - data_out = 0
# -------------------------
# -------------------------
# - [Generator] 
# -------------------------
# w = 1, r = 1
# - data_in = 221, address = 7
# - data_out = 0
# -------------------------
# -------------------------
# - [Generator] 
# -------------------------
# w = 1, r = 1
# - data_in = 196, address = 11
# - data_out = 0
# -------------------------
# -------------------------
# - [Generator] 
# -------------------------
# w = 1, r = 0
# - data_in = 71, address = 2
# - data_out = 0
# -------------------------
# -------------------------
# - [Generator] 
# -------------------------
# w = 0, r = 0
# - data_in = 16, address = 8
# - data_out = 0
# -------------------------
# -------------------------
# - [Generator] 
# -------------------------
# w = 0, r = 0
# - data_in = 222, address = 1
# - data_out = 0
# -------------------------
# -------------------------
# - [Generator] 
# -------------------------
# w = 0, r = 0
# - data_in = 16, address = 21
# - data_out = 0
# -------------------------
# -------------------------
# - [Generator] 
# -------------------------
# w = 0, r = 0
# - data_in = 69, address = 27
# - data_out = 0
# -------------------------
# -------------------------
# - [Generator] 
# -------------------------
# w = 0, r = 0
# - data_in = 183, address = 14
# - data_out = 0
# -------------------------
# -------------------------
# - [Generator] 
# -------------------------
# w = 0, r = 0
# - data_in = 155, address = 13
# - data_out = 0
# -------------------------
# -------------------------
# - [Generator] 
# -------------------------
# w = 0, r = 0
# - data_in = 188, address = 21
# - data_out = 0
# -------------------------
# -------------------------
# - [Generator] 
# -------------------------
# w = 1, r = 1
# - data_in = 237, address = 13
# - data_out = 0
# -------------------------
# -------------------------
# - [Generator] 
# -------------------------
# w = 0, r = 1
# - data_in = 231, address = 13
# - data_out = 0
# -------------------------
# -------------------------
# - [Generator] 
# -------------------------
# w = 1, r = 1
# - data_in = 154, address = 7
# - data_out = 0
# -------------------------
# -------------------------
# - [Generator] 
# -------------------------
# w = 0, r = 1
# - data_in = 107, address = 27
# - data_out = 0
# -------------------------
# -------------------------
# - [Generator] 
# -------------------------
# w = 0, r = 1
# - data_in = 122, address = 4
# - data_out = 0
# -------------------------
# -------------------------
# - [Generator] 
# -------------------------
# w = 0, r = 0
# - data_in = 175, address = 5
# - data_out = 0
# -------------------------
# -------------------------
# - [Generator] 
# -------------------------
# w = 0, r = 0
# - data_in = 20, address = 1
# - data_out = 0
# -------------------------
# -------------------------
# - [Generator] 
# -------------------------
# w = 1, r = 0
# - data_in = 46, address = 1
# - data_out = 0
# -------------------------
# -------------------------
# - [Generator] 
# -------------------------
# w = 0, r = 1
# - data_in = 83, address = 5
# - data_out = 0
# -------------------------
# -------------------------
# - [Generator] 
# -------------------------
# w = 0, r = 0
# - data_in = 27, address = 7
# - data_out = 0
# -------------------------
# -------------------------
# - [Generator] 
# -------------------------
# w = 1, r = 1
# - data_in = 25, address = 26
# - data_out = 0
# -------------------------
# -------------------------
# - [Generator] 
# -------------------------
# w = 0, r = 1
# - data_in = 6, address = 20
# - data_out = 0
# -------------------------
# -------------------------
# - [Generator] 
# -------------------------
# w = 1, r = 1
# - data_in = 99, address = 18
# - data_out = 0
# -------------------------
# -------------------------
# - [Generator] 
# -------------------------
# w = 1, r = 0
# - data_in = 255, address = 28
# - data_out = 0
# -------------------------
# -------------------------
# - [Generator] 
# -------------------------
# w = 0, r = 1
# - data_in = 79, address = 21
# - data_out = 0
# -------------------------
# -------------------------
# - [Generator] 
# -------------------------
# w = 1, r = 1
# - data_in = 220, address = 7
# - data_out = 0
# -------------------------
# -------------------------
# - [Generator] 
# -------------------------
# w = 1, r = 1
# - data_in = 153, address = 29
# - data_out = 0
# -------------------------
# -------------------------
# - [Generator] 
# -------------------------
# w = 0, r = 0
# - data_in = 10, address = 28
# - data_out = 0
# -------------------------
# -------------------------
# - [Generator] 
# -------------------------
# w = 0, r = 1
# - data_in = 178, address = 17
# - data_out = 0
# -------------------------
# -------------------------
# - [Generator] 
# -------------------------
# w = 1, r = 0
# - data_in = 154, address = 14
# - data_out = 0
# -------------------------
# -------------------------
# - [Generator] 
# -------------------------
# w = 0, r = 1
# - data_in = 175, address = 6
# - data_out = 0
# -------------------------
# -------------------------
# - [Generator] 
# -------------------------
# w = 0, r = 1
# - data_in = 125, address = 3
# - data_out = 0
# -------------------------
# -------------------------
# - [Generator] 
# -------------------------
# w = 1, r = 1
# - data_in = 120, address = 20
# - data_out = 0
# -------------------------
# -------------------------
# - [Generator] 
# -------------------------
# w = 1, r = 1
# - data_in = 195, address = 30
# - data_out = 0
# -------------------------
# -------------------------
# - [Generator] 
# -------------------------
# w = 0, r = 1
# - data_in = 61, address = 16
# - data_out = 0
# -------------------------
# -------------------------
# - [Generator] 
# -------------------------
# w = 0, r = 1
# - data_in = 221, address = 30
# - data_out = 0
# -------------------------
# -------------------------
# - [Generator] 
# -------------------------
# w = 0, r = 0
# - data_in = 160, address = 27
# - data_out = 0
# -------------------------
# -------------------------
# - [Generator] 
# -------------------------
# w = 1, r = 0
# - data_in = 102, address = 22
# - data_out = 0
# -------------------------
# -------------------------
# - [Generator] 
# -------------------------
# w = 0, r = 0
# - data_in = 125, address = 31
# - data_out = 0
# -------------------------
# -------------------------
# - [Generator] 
# -------------------------
# w = 0, r = 0
# - data_in = 229, address = 13
# - data_out = 0
# -------------------------
# -------------------------
# - [Generator] 
# -------------------------
# w = 1, r = 0
# - data_in = 34, address = 10
# - data_out = 0
# -------------------------
# -------------------------
# - [Generator] 
# -------------------------
# w = 0, r = 1
# - data_in = 228, address = 7
# - data_out = 0
# -------------------------
# -------------------------
# - [Generator] 
# -------------------------
# w = 1, r = 0
# - data_in = 116, address = 5
# - data_out = 0
# -------------------------
# -------------------------
# - [Generator] 
# -------------------------
# w = 0, r = 0
# - data_in = 46, address = 0
# - data_out = 0
# -------------------------
# -------------------------
# - [Generator] 
# -------------------------
# w = 1, r = 0
# - data_in = 57, address = 2
# - data_out = 0
# -------------------------
# -------------------------
# - [Generator] 
# -------------------------
# w = 0, r = 1
# - data_in = 170, address = 28
# - data_out = 0
# -------------------------
# -------------------------
# - [Generator] 
# -------------------------
# w = 0, r = 1
# - data_in = 191, address = 31
# - data_out = 0
# -------------------------
# -------------------------
# - [Generator] 
# -------------------------
# w = 0, r = 1
# - data_in = 19, address = 11
# - data_out = 0
# -------------------------
# -------------------------
# - [Generator] 
# -------------------------
# w = 1, r = 1
# - data_in = 204, address = 24
# - data_out = 0
# -------------------------
# -------------------------
# - [Generator] 
# -------------------------
# w = 1, r = 0
# - data_in = 180, address = 26
# - data_out = 0
# -------------------------
# -------------------------
# - [Generator] 
# -------------------------
# w = 1, r = 1
# - data_in = 12, address = 31
# - data_out = 0
# -------------------------
# -------------------------
# - [Generator] 
# -------------------------
# w = 1, r = 1
# - data_in = 22, address = 21
# - data_out = 0
# -------------------------
# -------------------------
# - [Generator] 
# -------------------------
# w = 1, r = 0
# - data_in = 242, address = 26
# - data_out = 0
# -------------------------
# -------------------------
# - [Generator] 
# -------------------------
# w = 1, r = 1
# - data_in = 197, address = 20
# - data_out = 0
# -------------------------
# -------------------------
# - [Generator] 
# -------------------------
# w = 0, r = 0
# - data_in = 24, address = 6
# - data_out = 0
# -------------------------
# -------------------------
# - [Generator] 
# -------------------------
# w = 0, r = 1
# - data_in = 250, address = 20
# - data_out = 0
# -------------------------
# -------------------------
# - [Generator] 
# -------------------------
# w = 0, r = 1
# - data_in = 63, address = 24
# - data_out = 0
# -------------------------
# -------------------------
# - [Generator] 
# -------------------------
# w = 0, r = 0
# - data_in = 209, address = 0
# - data_out = 0
# -------------------------
# -------------------------
# - [Generator] 
# -------------------------
# w = 0, r = 1
# - data_in = 52, address = 20
# - data_out = 0
# -------------------------
# -------------------------
# - [Generator] 
# -------------------------
# w = 0, r = 1
# - data_in = 165, address = 20
# - data_out = 0
# -------------------------
# -------------------------
# - [Generator] 
# -------------------------
# w = 1, r = 1
# - data_in = 3, address = 24
# - data_out = 0
# -------------------------
# -------------------------
# - [Generator] 
# -------------------------
# w = 1, r = 1
# - data_in = 88, address = 11
# - data_out = 0
# -------------------------
# -------------------------
# - [Generator] 
# -------------------------
# w = 1, r = 1
# - data_in = 55, address = 30
# - data_out = 0
# -------------------------
# -------------------------
# - [Generator] 
# -------------------------
# w = 0, r = 1
# - data_in = 54, address = 20
# - data_out = 0
# -------------------------
# -------------------------
# - [Generator] 
# -------------------------
# w = 0, r = 1
# - data_in = 136, address = 21
# - data_out = 0
# -------------------------
# -------------------------
# - [Generator] 
# -------------------------
# w = 0, r = 0
# - data_in = 106, address = 23
# - data_out = 0
# -------------------------
# -------------------------
# - [Generator] 
# -------------------------
# w = 0, r = 1
# - data_in = 194, address = 13
# - data_out = 0
# -------------------------
# -------------------------
# - [Generator] 
# -------------------------
# w = 0, r = 1
# - data_in = 111, address = 1
# - data_out = 0
# -------------------------
# -------------------------
# - [Generator] 
# -------------------------
# w = 0, r = 0
# - data_in = 178, address = 5
# - data_out = 0
# -------------------------
# -------------------------
# - [Generator] 
# -------------------------
# w = 0, r = 1
# - data_in = 128, address = 8
# - data_out = 0
# -------------------------
# -------------------------
# - [Generator] 
# -------------------------
# w = 1, r = 0
# - data_in = 141, address = 4
# - data_out = 0
# -------------------------
# -------------------------
# - [Generator] 
# -------------------------
# w = 1, r = 0
# - data_in = 233, address = 9
# - data_out = 0
# -------------------------
# -------------------------
# - [Generator] 
# -------------------------
# w = 1, r = 1
# - data_in = 208, address = 2
# - data_out = 0
# -------------------------
# -------------------------
# - [Generator] 
# -------------------------
# w = 1, r = 1
# - data_in = 240, address = 3
# - data_out = 0
# -------------------------
# -------------------------
# - [Generator] 
# -------------------------
# w = 0, r = 1
# - data_in = 1, address = 31
# - data_out = 0
# -------------------------
# -------------------------
# - [Generator] 
# -------------------------
# w = 0, r = 1
# - data_in = 221, address = 3
# - data_out = 0
# -------------------------
# -------------------------
# - [Generator] 
# -------------------------
# w = 1, r = 1
# - data_in = 13, address = 15
# - data_out = 0
# -------------------------
# -------------------------
# - [Generator] 
# -------------------------
# w = 0, r = 1
# - data_in = 135, address = 1
# - data_out = 0
# -------------------------
# -------------------------
# - [Generator] 
# -------------------------
# w = 0, r = 0
# - data_in = 193, address = 20
# - data_out = 0
# -------------------------
# -------------------------
# - [Generator] 
# -------------------------
# w = 0, r = 1
# - data_in = 139, address = 26
# - data_out = 0
# -------------------------
# -------------------------
# - [Generator] 
# -------------------------
# w = 1, r = 0
# - data_in = 219, address = 11
# - data_out = 0
# -------------------------
# -------------------------
# - [Generator] 
# -------------------------
# w = 0, r = 1
# - data_in = 122, address = 2
# - data_out = 0
# -------------------------
# -------------------------
# - [Generator] 
# -------------------------
# w = 1, r = 0
# - data_in = 116, address = 28
# - data_out = 0
# -------------------------
# -------------------------
# - [Generator] 
# -------------------------
# w = 0, r = 0
# - data_in = 109, address = 31
# - data_out = 0
# -------------------------
# -------------------------
# - [Generator] 
# -------------------------
# w = 1, r = 0
# - data_in = 48, address = 24
# - data_out = 0
# -------------------------
# -------------------------
# - [Generator] 
# -------------------------
# w = 1, r = 1
# - data_in = 70, address = 1
# - data_out = 0
# -------------------------
# -------------------------
# - [Generator] 
# -------------------------
# w = 0, r = 0
# - data_in = 36, address = 1
# - data_out = 0
# -------------------------
# -------------------------
# - [Generator] 
# -------------------------
# w = 0, r = 1
# - data_in = 242, address = 21
# - data_out = 0
# -------------------------
# -------------------------
# - [Generator] 
# -------------------------
# w = 1, r = 1
# - data_in = 160, address = 5
# - data_out = 0
# -------------------------
# -------------------------
# - [Generator] 
# -------------------------
# w = 1, r = 0
# - data_in = 96, address = 28
# - data_out = 0
# -------------------------
# -------------------------
# - [Generator] 
# -------------------------
# w = 1, r = 0
# - data_in = 200, address = 25
# - data_out = 0
# -------------------------
# -------------------------
# - [Generator] 
# -------------------------
# w = 0, r = 0
# - data_in = 99, address = 18
# - data_out = 0
# -------------------------
# -------------------------
# - [Generator] 
# -------------------------
# w = 1, r = 1
# - data_in = 10, address = 27
# - data_out = 0
# -------------------------
# -------------------------
# - [Generator] 
# -------------------------
# w = 1, r = 1
# - data_in = 95, address = 31
# - data_out = 0
# -------------------------
# -------------------------
# - [Generator] 
# -------------------------
# w = 1, r = 1
# - data_in = 151, address = 1
# - data_out = 0
# -------------------------
# -------------------------
# - [Generator] 
# -------------------------
# w = 0, r = 0
# - data_in = 235, address = 6
# - data_out = 0
# -------------------------
# -------------------------
# - [Generator] 
# -------------------------
# w = 1, r = 1
# - data_in = 54, address = 17
# - data_out = 0
# -------------------------
# -------------------------
# - [Generator] 
# -------------------------
# w = 0, r = 1
# - data_in = 245, address = 11
# - data_out = 0
# -------------------------
# -------------------------
# - [Generator] 
# -------------------------
# w = 1, r = 1
# - data_in = 125, address = 3
# - data_out = 0
# -------------------------
# -------------------------
# - [Generator] 
# -------------------------
# w = 1, r = 1
# - data_in = 213, address = 9
# - data_out = 0
# -------------------------
# -------------------------
# - [Generator] 
# -------------------------
# w = 0, r = 1
# - data_in = 184, address = 29
# - data_out = 0
# -------------------------
# -------------------------
# - [Generator] 
# -------------------------
# w = 1, r = 1
# - data_in = 231, address = 30
# - data_out = 0
# -------------------------
# -------------------------
# - [Generator] 
# -------------------------
# w = 0, r = 0
# - data_in = 106, address = 2
# - data_out = 0
# -------------------------
# -------------------------
# - [Generator] 
# -------------------------
# w = 0, r = 0
# - data_in = 62, address = 15
# - data_out = 0
# -------------------------
# -------------------------
# - [Generator] 
# -------------------------
# w = 1, r = 0
# - data_in = 36, address = 8
# - data_out = 0
# -------------------------
# -------------------------
# - [Generator] 
# -------------------------
# w = 1, r = 1
# - data_in = 16, address = 18
# - data_out = 0
# -------------------------
# -------------------------
# - [Generator] 
# -------------------------
# w = 0, r = 1
# - data_in = 183, address = 11
# - data_out = 0
# -------------------------
# -------------------------
# - [Generator] 
# -------------------------
# w = 1, r = 0
# - data_in = 86, address = 24
# - data_out = 0
# -------------------------
# -------------------------
# - [Generator] 
# -------------------------
# w = 1, r = 1
# - data_in = 151, address = 17
# - data_out = 0
# -------------------------
# -------------------------
# - [Generator] 
# -------------------------
# w = 0, r = 1
# - data_in = 103, address = 4
# - data_out = 0
# -------------------------
# -------------------------
# - [Generator] 
# -------------------------
# w = 0, r = 1
# - data_in = 107, address = 23
# - data_out = 0
# -------------------------
# -------------------------
# - [Generator] 
# -------------------------
# w = 0, r = 0
# - data_in = 163, address = 7
# - data_out = 0
# -------------------------
# -------------------------
# - [Generator] 
# -------------------------
# w = 1, r = 1
# - data_in = 239, address = 0
# - data_out = 0
# -------------------------
# -------------------------
# - [Generator] 
# -------------------------
# w = 1, r = 0
# - data_in = 104, address = 11
# - data_out = 0
# -------------------------
# -------------------------
# - [Generator] 
# -------------------------
# w = 1, r = 1
# - data_in = 143, address = 18
# - data_out = 0
# -------------------------
# -------------------------
# - [Generator] 
# -------------------------
# w = 1, r = 0
# - data_in = 222, address = 13
# - data_out = 0
# -------------------------
# -------------------------
# - [Generator] 
# -------------------------
# w = 1, r = 1
# - data_in = 210, address = 24
# - data_out = 0
# -------------------------
# -------------------------
# - [Generator] 
# -------------------------
# w = 0, r = 1
# - data_in = 222, address = 29
# - data_out = 0
# -------------------------
# -------------------------
# - [Generator] 
# -------------------------
# w = 1, r = 1
# - data_in = 39, address = 19
# - data_out = 0
# -------------------------
# -------------------------
# - [Generator] 
# -------------------------
# w = 0, r = 1
# - data_in = 134, address = 3
# - data_out = 0
# -------------------------
# -------------------------
# - [Generator] 
# -------------------------
# w = 0, r = 1
# - data_in = 52, address = 24
# - data_out = 0
# -------------------------
# -------------------------
# - [Generator] 
# -------------------------
# w = 1, r = 0
# - data_in = 49, address = 30
# - data_out = 0
# -------------------------
# -------------------------
# - [Generator] 
# -------------------------
# w = 1, r = 1
# - data_in = 150, address = 5
# - data_out = 0
# -------------------------
# -------------------------
# - [Generator] 
# -------------------------
# w = 1, r = 0
# - data_in = 20, address = 11
# - data_out = 0
# -------------------------
# -------------------------
# - [Generator] 
# -------------------------
# w = 1, r = 0
# - data_in = 78, address = 24
# - data_out = 0
# -------------------------
# -------------------------
# - [Generator] 
# -------------------------
# w = 1, r = 0
# - data_in = 149, address = 20
# - data_out = 0
# -------------------------
# -------------------------
# - [Generator] 
# -------------------------
# w = 0, r = 0
# - data_in = 104, address = 27
# - data_out = 0
# -------------------------
# -------------------------
# - [Generator] 
# -------------------------
# w = 0, r = 0
# - data_in = 103, address = 14
# - data_out = 0
# -------------------------
# -------------------------
# - [Generator] 
# -------------------------
# w = 0, r = 1
# - data_in = 207, address = 18
# - data_out = 0
# -------------------------
# -------------------------
# - [Generator] 
# -------------------------
# w = 0, r = 0
# - data_in = 208, address = 18
# - data_out = 0
# -------------------------
# -------------------------
# - [Generator] 
# -------------------------
# w = 1, r = 1
# - data_in = 204, address = 14
# - data_out = 0
# -------------------------
# -------------------------
# - [Generator] 
# -------------------------
# w = 1, r = 1
# - data_in = 205, address = 26
# - data_out = 0
# -------------------------
# -------------------------
# - [Generator] 
# -------------------------
# w = 1, r = 1
# - data_in = 144, address = 18
# - data_out = 0
# -------------------------
# -------------------------
# - [Generator] 
# -------------------------
# w = 1, r = 0
# - data_in = 31, address = 7
# - data_out = 0
# -------------------------
# -------------------------
# - [Generator] 
# -------------------------
# w = 1, r = 0
# - data_in = 232, address = 1
# - data_out = 0
# -------------------------
# -------------------------
# - [Generator] 
# -------------------------
# w = 1, r = 1
# - data_in = 3, address = 6
# - data_out = 0
# -------------------------
# -------------------------
# - [Generator] 
# -------------------------
# w = 1, r = 1
# - data_in = 52, address = 3
# - data_out = 0
# -------------------------
# -------------------------
# - [Generator] 
# -------------------------
# w = 0, r = 1
# - data_in = 218, address = 5
# - data_out = 0
# -------------------------
# -------------------------
# - [Generator] 
# -------------------------
# w = 0, r = 1
# - data_in = 165, address = 10
# - data_out = 0
# -------------------------
# -------------------------
# - [Generator] 
# -------------------------
# w = 1, r = 0
# - data_in = 58, address = 30
# - data_out = 0
# -------------------------
# -------------------------
# - [Generator] 
# -------------------------
# w = 0, r = 0
# - data_in = 61, address = 27
# - data_out = 0
# -------------------------
# -------------------------
# - [Generator] 
# -------------------------
# w = 0, r = 0
# - data_in = 103, address = 16
# - data_out = 0
# -------------------------
# -------------------------
# - [Generator] 
# -------------------------
# w = 1, r = 0
# - data_in = 255, address = 31
# - data_out = 0
# -------------------------
# -------------------------
# - [Generator] 
# -------------------------
# w = 1, r = 1
# - data_in = 192, address = 27
# - data_out = 0
# -------------------------
# -------------------------
# - [Generator] 
# -------------------------
# w = 0, r = 0
# - data_in = 143, address = 11
# - data_out = 0
# -------------------------
# -------------------------
# - [Generator] 
# -------------------------
# w = 0, r = 0
# - data_in = 108, address = 12
# - data_out = 0
# -------------------------
# -------------------------
# - [Generator] 
# -------------------------
# w = 1, r = 1
# - data_in = 148, address = 27
# - data_out = 0
# -------------------------
# -------------------------
# - [Generator] 
# -------------------------
# w = 1, r = 1
# - data_in = 32, address = 8
# - data_out = 0
# -------------------------
# -------------------------
# - [Generator] 
# -------------------------
# w = 1, r = 0
# - data_in = 93, address = 29
# - data_out = 0
# -------------------------
# -------------------------
# - [Generator] 
# -------------------------
# w = 0, r = 1
# - data_in = 55, address = 27
# - data_out = 0
# -------------------------
# -------------------------
# - [Generator] 
# -------------------------
# w = 1, r = 1
# - data_in = 87, address = 22
# - data_out = 0
# -------------------------
# -------------------------
# - [Generator] 
# -------------------------
# w = 1, r = 1
# - data_in = 148, address = 24
# - data_out = 0
# -------------------------
# -------------------------
# - [Generator] 
# -------------------------
# w = 0, r = 1
# - data_in = 162, address = 9
# - data_out = 0
# -------------------------
# -------------------------
# - [Generator] 
# -------------------------
# w = 0, r = 0
# - data_in = 68, address = 18
# - data_out = 0
# -------------------------
# -------------------------
# - [Generator] 
# -------------------------
# w = 0, r = 1
# - data_in = 68, address = 28
# - data_out = 0
# -------------------------
# -------------------------
# - [Generator] 
# -------------------------
# w = 0, r = 1
# - data_in = 232, address = 1
# - data_out = 0
# -------------------------
# -------------------------
# - [Generator] 
# -------------------------
# w = 1, r = 0
# - data_in = 58, address = 29
# - data_out = 0
# -------------------------
# -------------------------
# - [Generator] 
# -------------------------
# w = 1, r = 0
# - data_in = 216, address = 18
# - data_out = 0
# -------------------------
# -------------------------
# - [Generator] 
# -------------------------
# w = 1, r = 0
# - data_in = 143, address = 18
# - data_out = 0
# -------------------------
# -------------------------
# - [Generator] 
# -------------------------
# w = 1, r = 0
# - data_in = 101, address = 11
# - data_out = 0
# -------------------------
# -------------------------
# - [Generator] 
# -------------------------
# w = 0, r = 0
# - data_in = 40, address = 20
# - data_out = 0
# -------------------------
# -------------------------
# - [Generator] 
# -------------------------
# w = 1, r = 0
# - data_in = 254, address = 10
# - data_out = 0
# -------------------------
# -------------------------
# - [Generator] 
# -------------------------
# w = 0, r = 0
# - data_in = 23, address = 21
# - data_out = 0
# -------------------------
# -------------------------
# - [Generator] 
# -------------------------
# w = 1, r = 1
# - data_in = 232, address = 16
# - data_out = 0
# -------------------------
# -------------------------
# - [Generator] 
# -------------------------
# w = 1, r = 0
# - data_in = 225, address = 24
# - data_out = 0
# -------------------------
# -------------------------
# - [Generator] 
# -------------------------
# w = 0, r = 1
# - data_in = 35, address = 15
# - data_out = 0
# -------------------------
# -------------------------
# - [Generator] 
# -------------------------
# w = 1, r = 0
# - data_in = 168, address = 7
# - data_out = 0
# -------------------------
# -------------------------
# - [Generator] 
# -------------------------
# w = 0, r = 1
# - data_in = 94, address = 11
# - data_out = 0
# -------------------------
# -------------------------
# - [Generator] 
# -------------------------
# w = 1, r = 0
# - data_in = 184, address = 15
# - data_out = 0
# -------------------------
# -------------------------
# - [Generator] 
# -------------------------
# w = 1, r = 0
# - data_in = 78, address = 6
# - data_out = 0
# -------------------------
# -------------------------
# - [Generator] 
# -------------------------
# w = 0, r = 0
# - data_in = 197, address = 0
# - data_out = 0
# -------------------------
# -------------------------
# - [Generator] 
# -------------------------
# w = 0, r = 1
# - data_in = 143, address = 12
# - data_out = 0
# -------------------------
# -------------------------
# - [Generator] 
# -------------------------
# w = 1, r = 1
# - data_in = 18, address = 14
# - data_out = 0
# -------------------------
# -------------------------
# - [Generator] 
# -------------------------
# w = 1, r = 0
# - data_in = 94, address = 9
# - data_out = 0
# -------------------------
# -------------------------
# - [Generator] 
# -------------------------
# w = 1, r = 0
# - data_in = 213, address = 7
# - data_out = 0
# -------------------------
# -------------------------
# - [Generator] 
# -------------------------
# w = 1, r = 0
# - data_in = 139, address = 17
# - data_out = 0
# -------------------------
# -------------------------
# - [Generator] 
# -------------------------
# w = 1, r = 1
# - data_in = 213, address = 14
# - data_out = 0
# -------------------------
# -------------------------
# - [Generator] 
# -------------------------
# w = 0, r = 0
# - data_in = 165, address = 5
# - data_out = 0
# -------------------------
# -------------------------
# - [Generator] 
# -------------------------
# w = 0, r = 1
# - data_in = 70, address = 20
# - data_out = 0
# -------------------------
# -------------------------
# - [Generator] 
# -------------------------
# w = 1, r = 1
# - data_in = 32, address = 6
# - data_out = 0
# -------------------------
# -------------------------
# - [Generator] 
# -------------------------
# w = 0, r = 1
# - data_in = 94, address = 28
# - data_out = 0
# -------------------------
# -------------------------
# - [Generator] 
# -------------------------
# w = 0, r = 0
# - data_in = 95, address = 3
# - data_out = 0
# -------------------------
# -------------------------
# - [Generator] 
# -------------------------
# w = 1, r = 1
# - data_in = 225, address = 0
# - data_out = 0
# -------------------------
# -------------------------
# - [Generator] 
# -------------------------
# w = 1, r = 1
# - data_in = 8, address = 19
# - data_out = 0
# -------------------------
# -------------------------
# - [Generator] 
# -------------------------
# w = 1, r = 1
# - data_in = 103, address = 17
# - data_out = 0
# -------------------------
# -------------------------
# - [Generator] 
# -------------------------
# w = 1, r = 0
# - data_in = 213, address = 15
# - data_out = 0
# -------------------------
# -------------------------
# - [Generator] 
# -------------------------
# w = 0, r = 0
# - data_in = 235, address = 31
# - data_out = 0
# -------------------------
# -------------------------
# - [Generator] 
# -------------------------
# w = 1, r = 1
# - data_in = 75, address = 24
# - data_out = 0
# -------------------------
# -------------------------
# - [Generator] 
# -------------------------
# w = 0, r = 1
# - data_in = 170, address = 3
# - data_out = 0
# -------------------------
# -------------------------
# - [Generator] 
# -------------------------
# w = 1, r = 0
# - data_in = 158, address = 8
# - data_out = 0
# -------------------------
# -------------------------
# - [Generator] 
# -------------------------
# w = 0, r = 0
# - data_in = 149, address = 6
# - data_out = 0
# -------------------------
# -------------------------
# - [Generator] 
# -------------------------
# w = 0, r = 0
# - data_in = 30, address = 12
# - data_out = 0
# -------------------------
# -------------------------
# - [Generator] 
# -------------------------
# w = 0, r = 0
# - data_in = 51, address = 25
# - data_out = 0
# -------------------------
# -------------------------
# - [Generator] 
# -------------------------
# w = 0, r = 1
# - data_in = 6, address = 6
# - data_out = 0
# -------------------------
# -------------------------
# - [Generator] 
# -------------------------
# w = 0, r = 0
# - data_in = 63, address = 13
# - data_out = 0
# -------------------------
# -------------------------
# - [Generator] 
# -------------------------
# w = 1, r = 0
# - data_in = 43, address = 1
# - data_out = 0
# -------------------------
# -------------------------
# - [Generator] 
# -------------------------
# w = 0, r = 0
# - data_in = 240, address = 3
# - data_out = 0
# -------------------------
# -------------------------
# - [Generator] 
# -------------------------
# w = 1, r = 1
# - data_in = 85, address = 25
# - data_out = 0
# -------------------------
# -------------------------
# - [Generator] 
# -------------------------
# w = 0, r = 1
# - data_in = 194, address = 12
# - data_out = 0
# -------------------------
# -------------------------
# - [Generator] 
# -------------------------
# w = 0, r = 1
# - data_in = 164, address = 31
# - data_out = 0
# -------------------------
# -------------------------
# - [Generator] 
# -------------------------
# w = 0, r = 1
# - data_in = 178, address = 12
# - data_out = 0
# -------------------------
# -------------------------
# - [Generator] 
# -------------------------
# w = 1, r = 1
# - data_in = 133, address = 25
# - data_out = 0
# -------------------------
# -------------------------
# - [Generator] 
# -------------------------
# w = 0, r = 1
# - data_in = 219, address = 21
# - data_out = 0
# -------------------------
# -------------------------
# - [Generator] 
# -------------------------
# w = 1, r = 1
# - data_in = 191, address = 22
# - data_out = 0
# -------------------------
# -------------------------
# - [Generator] 
# -------------------------
# w = 0, r = 1
# - data_in = 155, address = 11
# - data_out = 0
# -------------------------
# -------------------------
# - [Generator] 
# -------------------------
# w = 0, r = 0
# - data_in = 19, address = 1
# - data_out = 0
# -------------------------
# -------------------------
# - [Generator] 
# -------------------------
# w = 1, r = 0
# - data_in = 98, address = 1
# - data_out = 0
# -------------------------
# -------------------------
# - [Generator] 
# -------------------------
# w = 0, r = 1
# - data_in = 27, address = 29
# - data_out = 0
# -------------------------
# -------------------------
# - [Generator] 
# -------------------------
# w = 0, r = 1
# - data_in = 248, address = 6
# - data_out = 0
# -------------------------
# -------------------------
# - [Generator] 
# -------------------------
# w = 1, r = 0
# - data_in = 212, address = 29
# - data_out = 0
# -------------------------
# -------------------------
# - [Generator] 
# -------------------------
# w = 0, r = 0
# - data_in = 29, address = 30
# - data_out = 0
# -------------------------
# -------------------------
# - [Generator] 
# -------------------------
# w = 1, r = 0
# - data_in = 153, address = 3
# - data_out = 0
# -------------------------
# -------------------------
# - [Generator] 
# -------------------------
# w = 0, r = 0
# - data_in = 176, address = 5
# - data_out = 0
# -------------------------
# -------------------------
# - [Generator] 
# -------------------------
# w = 0, r = 0
# - data_in = 10, address = 19
# - data_out = 0
# -------------------------
# -------------------------
# - [Generator] 
# -------------------------
# w = 0, r = 0
# - data_in = 167, address = 3
# - data_out = 0
# -------------------------
# -------------------------
# - [Generator] 
# -------------------------
# w = 1, r = 1
# - data_in = 152, address = 5
# - data_out = 0
# -------------------------
# -------------------------
# - [Generator] 
# -------------------------
# w = 1, r = 1
# - data_in = 124, address = 9
# - data_out = 0
# -------------------------
# -------------------------
# - [Generator] 
# -------------------------
# w = 1, r = 1
# - data_in = 90, address = 11
# - data_out = 0
# -------------------------
# -------------------------
# - [Generator] 
# -------------------------
# w = 0, r = 1
# - data_in = 89, address = 17
# - data_out = 0
# -------------------------
# -------------------------
# - [Generator] 
# -------------------------
# w = 0, r = 1
# - data_in = 46, address = 27
# - data_out = 0
# -------------------------
# -------------------------
# - [Generator] 
# -------------------------
# w = 1, r = 0
# - data_in = 138, address = 25
# - data_out = 0
# -------------------------
# -------------------------
# - [Generator] 
# -------------------------
# w = 0, r = 1
# - data_in = 144, address = 10
# - data_out = 0
# -------------------------
# -------------------------
# - [Generator] 
# -------------------------
# w = 1, r = 0
# - data_in = 47, address = 30
# - data_out = 0
# -------------------------
# -------------------------
# - [Generator] 
# -------------------------
# w = 0, r = 1
# - data_in = 42, address = 21
# - data_out = 0
# -------------------------
# -------------------------
# - [Generator] 
# -------------------------
# w = 1, r = 0
# - data_in = 222, address = 6
# - data_out = 0
# -------------------------
# -------------------------
# - [Generator] 
# -------------------------
# w = 0, r = 0
# - data_in = 201, address = 7
# - data_out = 0
# -------------------------
# -------------------------
# - [Generator] 
# -------------------------
# w = 0, r = 1
# - data_in = 252, address = 5
# - data_out = 0
# -------------------------
# -------------------------
# - [Generator] 
# -------------------------
# w = 1, r = 1
# - data_in = 74, address = 16
# - data_out = 0
# -------------------------
# -------------------------
# - [Generator] 
# -------------------------
# w = 0, r = 1
# - data_in = 175, address = 3
# - data_out = 0
# -------------------------
# -------------------------
# - [Generator] 
# -------------------------
# w = 1, r = 0
# - data_in = 3, address = 23
# - data_out = 0
# -------------------------
# -------------------------
# - [Generator] 
# -------------------------
# w = 1, r = 0
# - data_in = 247, address = 8
# - data_out = 0
# -------------------------
# -------------------------
# - [Generator] 
# -------------------------
# w = 0, r = 0
# - data_in = 188, address = 20
# - data_out = 0
# -------------------------
# -------------------------
# - [Generator] 
# -------------------------
# w = 0, r = 1
# - data_in = 65, address = 28
# - data_out = 0
# -------------------------
# -------------------------
# - [Generator] 
# -------------------------
# w = 1, r = 1
# - data_in = 31, address = 30
# - data_out = 0
# -------------------------
# -------------------------
# - [Generator] 
# -------------------------
# w = 0, r = 0
# - data_in = 95, address = 12
# - data_out = 0
# -------------------------
# -------------------------
# - [Generator] 
# -------------------------
# w = 1, r = 1
# - data_in = 152, address = 29
# - data_out = 0
# -------------------------
# -------------------------
# - [Generator] 
# -------------------------
# w = 0, r = 0
# - data_in = 47, address = 30
# - data_out = 0
# -------------------------
# -------------------------
# - [Generator] 
# -------------------------
# w = 0, r = 0
# - data_in = 122, address = 22
# - data_out = 0
# -------------------------
# -------------------------
# - [Generator] 
# -------------------------
# w = 1, r = 1
# - data_in = 82, address = 20
# - data_out = 0
# -------------------------
# -------------------------
# - [Generator] 
# -------------------------
# w = 1, r = 1
# - data_in = 38, address = 3
# - data_out = 0
# -------------------------
# -------------------------
# - [Generator] 
# -------------------------
# w = 0, r = 0
# - data_in = 3, address = 12
# - data_out = 0
# -------------------------
# -------------------------
# - [Generator] 
# -------------------------
# w = 0, r = 1
# - data_in = 108, address = 7
# - data_out = 0
# -------------------------
# -------------------------
# - [Generator] 
# -------------------------
# w = 1, r = 1
# - data_in = 39, address = 11
# - data_out = 0
# -------------------------
# -------------------------
# - [Generator] 
# -------------------------
# w = 1, r = 1
# - data_in = 127, address = 14
# - data_out = 0
# -------------------------
# -------------------------
# - [Generator] 
# -------------------------
# w = 0, r = 1
# - data_in = 170, address = 24
# - data_out = 0
# -------------------------
# -------------------------
# - [Generator] 
# -------------------------
# w = 0, r = 0
# - data_in = 203, address = 3
# - data_out = 0
# -------------------------
# -------------------------
# - [Generator] 
# -------------------------
# w = 1, r = 1
# - data_in = 190, address = 0
# - data_out = 0
# -------------------------
# -------------------------
# - [Generator] 
# -------------------------
# w = 0, r = 1
# - data_in = 103, address = 18
# - data_out = 0
# -------------------------
# -------------------------
# - [Generator] 
# -------------------------
# w = 0, r = 0
# - data_in = 247, address = 31
# - data_out = 0
# -------------------------
# -------------------------
# - [Generator] 
# -------------------------
# w = 0, r = 1
# - data_in = 35, address = 16
# - data_out = 0
# -------------------------
# -------------------------
# - [Generator] 
# -------------------------
# w = 1, r = 1
# - data_in = 120, address = 3
# - data_out = 0
# -------------------------
# -------------------------
# - [Generator] 
# -------------------------
# w = 1, r = 1
# - data_in = 216, address = 13
# - data_out = 0
# -------------------------
# -------------------------
# - [Generator] 
# -------------------------
# w = 0, r = 1
# - data_in = 34, address = 20
# - data_out = 0
# -------------------------
# -------------------------
# - [Generator] 
# -------------------------
# w = 0, r = 1
# - data_in = 164, address = 29
# - data_out = 0
# -------------------------
# -------------------------
# - [Generator] 
# -------------------------
# w = 0, r = 1
# - data_in = 241, address = 23
# - data_out = 0
# -------------------------
# -------------------------
# - [Generator] 
# -------------------------
# w = 1, r = 1
# - data_in = 204, address = 13
# - data_out = 0
# -------------------------
# -------------------------
# - [Generator] 
# -------------------------
# w = 0, r = 0
# - data_in = 186, address = 10
# - data_out = 0
# -------------------------
# -------------------------
# - [Generator] 
# -------------------------
# w = 1, r = 0
# - data_in = 45, address = 17
# - data_out = 0
# -------------------------
# -------------------------
# - [Generator] 
# -------------------------
# w = 0, r = 0
# - data_in = 128, address = 3
# - data_out = 0
# -------------------------
# -------------------------
# - [Generator] 
# -------------------------
# w = 0, r = 0
# - data_in = 164, address = 28
# - data_out = 0
# -------------------------
# -------------------------
# - [Generator] 
# -------------------------
# w = 0, r = 0
# - data_in = 117, address = 1
# - data_out = 0
# -------------------------
# -------------------------
# - [Generator] 
# -------------------------
# w = 1, r = 0
# - data_in = 32, address = 23
# - data_out = 0
# -------------------------
# -------------------------
# - [Generator] 
# -------------------------
# w = 1, r = 1
# - data_in = 166, address = 14
# - data_out = 0
# -------------------------
# -------------------------
# - [Generator] 
# -------------------------
# w = 1, r = 0
# - data_in = 182, address = 12
# - data_out = 0
# -------------------------
# -------------------------
# - [Generator] 
# -------------------------
# w = 1, r = 1
# - data_in = 17, address = 31
# - data_out = 0
# -------------------------
# -------------------------
# - [Generator] 
# -------------------------
# w = 1, r = 1
# - data_in = 34, address = 12
# - data_out = 0
# -------------------------
# -------------------------
# - [Generator] 
# -------------------------
# w = 0, r = 0
# - data_in = 244, address = 21
# - data_out = 0
# -------------------------
# -------------------------
# - [Generator] 
# -------------------------
# w = 0, r = 1
# - data_in = 8, address = 15
# - data_out = 0
# -------------------------
# -------------------------
# - [Generator] 
# -------------------------
# w = 0, r = 1
# - data_in = 228, address = 24
# - data_out = 0
# -------------------------
# -------------------------
# - [Generator] 
# -------------------------
# w = 1, r = 1
# - data_in = 167, address = 12
# - data_out = 0
# -------------------------
# -------------------------
# - [Generator] 
# -------------------------
# w = 0, r = 1
# - data_in = 138, address = 20
# - data_out = 0
# -------------------------
# -------------------------
# - [Generator] 
# -------------------------
# w = 0, r = 1
# - data_in = 11, address = 15
# - data_out = 0
# -------------------------
# -------------------------
# - [Generator] 
# -------------------------
# w = 0, r = 1
# - data_in = 144, address = 28
# - data_out = 0
# -------------------------
# -------------------------
# - [Generator] 
# -------------------------
# w = 0, r = 1
# - data_in = 91, address = 3
# - data_out = 0
# -------------------------
# -------------------------
# - [Generator] 
# -------------------------
# w = 0, r = 0
# - data_in = 63, address = 9
# - data_out = 0
# -------------------------
# -------------------------
# - [Generator] 
# -------------------------
# w = 0, r = 1
# - data_in = 33, address = 0
# - data_out = 0
# -------------------------
# -------------------------
# - [Generator] 
# -------------------------
# w = 1, r = 0
# - data_in = 162, address = 9
# - data_out = 0
# -------------------------
# -------------------------
# - [Generator] 
# -------------------------
# w = 1, r = 1
# - data_in = 37, address = 20
# - data_out = 0
# -------------------------
# -------------------------
# - [Generator] 
# -------------------------
# w = 1, r = 1
# - data_in = 22, address = 27
# - data_out = 0
# -------------------------
# -------------------------
# - [Generator] 
# -------------------------
# w = 1, r = 0
# - data_in = 191, address = 11
# - data_out = 0
# -------------------------
# -------------------------
# - [Generator] 
# -------------------------
# w = 0, r = 1
# - data_in = 143, address = 20
# - data_out = 0
# -------------------------
# -------------------------
# - [Generator] 
# -------------------------
# w = 0, r = 0
# - data_in = 93, address = 1
# - data_out = 0
# -------------------------
# -------------------------
# - [Generator] 
# -------------------------
# w = 1, r = 0
# - data_in = 247, address = 15
# - data_out = 0
# -------------------------
# -------------------------
# - [Generator] 
# -------------------------
# w = 0, r = 1
# - data_in = 114, address = 22
# - data_out = 0
# -------------------------
# -------------------------
# - [Generator] 
# -------------------------
# w = 0, r = 0
# - data_in = 235, address = 22
# - data_out = 0
# -------------------------
# -------------------------
# - [Generator] 
# -------------------------
# w = 1, r = 1
# - data_in = 99, address = 18
# - data_out = 0
# -------------------------
# -------------------------
# - [Generator] 
# -------------------------
# w = 1, r = 1
# - data_in = 54, address = 16
# - data_out = 0
# -------------------------
# -------------------------
# - [Generator] 
# -------------------------
# w = 0, r = 1
# - data_in = 198, address = 25
# - data_out = 0
# -------------------------
# -------------------------
# - [Generator] 
# -------------------------
# w = 1, r = 1
# - data_in = 1, address = 23
# - data_out = 0
# -------------------------
# -------------------------
# - [Generator] 
# -------------------------
# w = 0, r = 1
# - data_in = 92, address = 12
# - data_out = 0
# -------------------------
# -------------------------
# - [Generator] 
# -------------------------
# w = 1, r = 1
# - data_in = 76, address = 29
# - data_out = 0
# -------------------------
# -------------------------
# - [Generator] 
# -------------------------
# w = 1, r = 1
# - data_in = 79, address = 3
# - data_out = 0
# -------------------------
# -------------------------
# - [Generator] 
# -------------------------
# w = 0, r = 0
# - data_in = 68, address = 18
# - data_out = 0
# -------------------------
# -------------------------
# - [Generator] 
# -------------------------
# w = 0, r = 1
# - data_in = 122, address = 12
# - data_out = 0
# -------------------------
# -------------------------
# - [Generator] 
# -------------------------
# w = 0, r = 1
# - data_in = 185, address = 25
# - data_out = 0
# -------------------------
# -------------------------
# - [Generator] 
# -------------------------
# w = 1, r = 1
# - data_in = 150, address = 13
# - data_out = 0
# -------------------------
# -------------------------
# - [Generator] 
# -------------------------
# w = 0, r = 1
# - data_in = 194, address = 24
# - data_out = 0
# -------------------------
# -------------------------
# - [Generator] 
# -------------------------
# w = 1, r = 0
# - data_in = 70, address = 30
# - data_out = 0
# -------------------------
# -------------------------
# - [Generator] 
# -------------------------
# w = 1, r = 0
# - data_in = 144, address = 7
# - data_out = 0
# -------------------------
# -------------------------
# - [Generator] 
# -------------------------
# w = 1, r = 1
# - data_in = 96, address = 28
# - data_out = 0
# -------------------------
# -------------------------
# - [Generator] 
# -------------------------
# w = 1, r = 1
# - data_in = 11, address = 15
# - data_out = 0
# -------------------------
# -------------------------
# - [Generator] 
# -------------------------
# w = 0, r = 1
# - data_in = 183, address = 29
# - data_out = 0
# -------------------------
# -------------------------
# - [Generator] 
# -------------------------
# w = 1, r = 1
# - data_in = 38, address = 8
# - data_out = 0
# -------------------------
# -------------------------
# - [Generator] 
# -------------------------
# w = 1, r = 1
# - data_in = 188, address = 28
# - data_out = 0
# -------------------------
# -------------------------
# - [Generator] 
# -------------------------
# w = 1, r = 1
# - data_in = 103, address = 11
# - data_out = 0
# -------------------------
# -------------------------
# - [Generator] 
# -------------------------
# w = 1, r = 0
# - data_in = 42, address = 0
# - data_out = 0
# -------------------------
# -------------------------
# - [Generator] 
# -------------------------
# w = 0, r = 1
# - data_in = 179, address = 1
# - data_out = 0
# -------------------------
# -------------------------
# - [Generator] 
# -------------------------
# w = 0, r = 1
# - data_in = 190, address = 9
# - data_out = 0
# -------------------------
# -------------------------
# - [Generator] 
# -------------------------
# w = 0, r = 0
# - data_in = 180, address = 27
# - data_out = 0
# -------------------------
# -------------------------
# - [Generator] 
# -------------------------
# w = 0, r = 0
# - data_in = 254, address = 13
# - data_out = 0
# -------------------------
# -------------------------
# - [Generator] 
# -------------------------
# w = 1, r = 1
# - data_in = 48, address = 27
# - data_out = 0
# -------------------------
# -------------------------
# - [Generator] 
# -------------------------
# w = 0, r = 1
# - data_in = 112, address = 17
# - data_out = 0
# -------------------------
# -------------------------
# - [Generator] 
# -------------------------
# w = 1, r = 0
# - data_in = 52, address = 3
# - data_out = 0
# -------------------------
# -------------------------
# - [Generator] 
# -------------------------
# w = 0, r = 0
# - data_in = 71, address = 14
# - data_out = 0
# -------------------------
# -------------------------
# - [Generator] 
# -------------------------
# w = 1, r = 0
# - data_in = 229, address = 1
# - data_out = 0
# -------------------------
# -------------------------
# - [Generator] 
# -------------------------
# w = 1, r = 0
# - data_in = 52, address = 8
# - data_out = 0
# -------------------------
# -------------------------
# - [Generator] 
# -------------------------
# w = 1, r = 0
# - data_in = 207, address = 13
# - data_out = 0
# -------------------------
# -------------------------
# - [Generator] 
# -------------------------
# w = 1, r = 1
# - data_in = 231, address = 29
# - data_out = 0
# -------------------------
# -------------------------
# - [Generator] 
# -------------------------
# w = 0, r = 1
# - data_in = 175, address = 4
# - data_out = 0
# -------------------------
# -------------------------
# - [Generator] 
# -------------------------
# w = 0, r = 1
# - data_in = 154, address = 15
# - data_out = 0
# -------------------------
# -------------------------
# - [Generator] 
# -------------------------
# w = 1, r = 0
# - data_in = 74, address = 16
# - data_out = 0
# -------------------------
# -------------------------
# - [Generator] 
# -------------------------
# w = 0, r = 1
# - data_in = 154, address = 16
# - data_out = 0
# -------------------------
# -------------------------
# - [Generator] 
# -------------------------
# w = 1, r = 0
# - data_in = 106, address = 5
# - data_out = 0
# -------------------------
# -------------------------
# - [Generator] 
# -------------------------
# w = 0, r = 1
# - data_in = 17, address = 0
# - data_out = 0
# -------------------------
# -------------------------
# - [Generator] 
# -------------------------
# w = 1, r = 0
# - data_in = 92, address = 28
# - data_out = 0
# -------------------------
# -------------------------
# - [Generator] 
# -------------------------
# w = 1, r = 1
# - data_in = 1, address = 22
# - data_out = 0
# -------------------------
# -------------------------
# - [Generator] 
# -------------------------
# w = 1, r = 1
# - data_in = 239, address = 14
# - data_out = 0
# -------------------------
# -------------------------
# - [Generator] 
# -------------------------
# w = 0, r = 0
# - data_in = 239, address = 20
# - data_out = 0
# -------------------------
# -------------------------
# - [Generator] 
# -------------------------
# w = 0, r = 0
# - data_in = 88, address = 5
# - data_out = 0
# -------------------------
# -------------------------
# - [Generator] 
# -------------------------
# w = 0, r = 0
# - data_in = 19, address = 13
# - data_out = 0
# -------------------------
# -------------------------
# - [Generator] 
# -------------------------
# w = 0, r = 0
# - data_in = 237, address = 28
# - data_out = 0
# -------------------------
# -------------------------
# - [Generator] 
# -------------------------
# w = 0, r = 1
# - data_in = 128, address = 0
# - data_out = 0
# -------------------------
# -------------------------
# - [Generator] 
# -------------------------
# w = 0, r = 1
# - data_in = 108, address = 2
# - data_out = 0
# -------------------------
# -------------------------
# - [Generator] 
# -------------------------
# w = 1, r = 1
# - data_in = 76, address = 19
# - data_out = 0
# -------------------------
# -------------------------
# - [Generator] 
# -------------------------
# w = 0, r = 1
# - data_in = 84, address = 10
# - data_out = 0
# -------------------------
# -------------------------
# - [Generator] 
# -------------------------
# w = 0, r = 1
# - data_in = 196, address = 26
# - data_out = 0
# -------------------------
# -------------------------
# - [Generator] 
# -------------------------
# w = 1, r = 1
# - data_in = 252, address = 6
# - data_out = 0
# -------------------------
# -------------------------
# - [Generator] 
# -------------------------
# w = 1, r = 0
# - data_in = 84, address = 22
# - data_out = 0
# -------------------------
# -------------------------
# - [Generator] 
# -------------------------
# w = 0, r = 1
# - data_in = 199, address = 10
# - data_out = 0
# -------------------------
# -------------------------
# - [Generator] 
# -------------------------
# w = 0, r = 1
# - data_in = 152, address = 23
# - data_out = 0
# -------------------------
# -------------------------
# - [Generator] 
# -------------------------
# w = 0, r = 0
# - data_in = 215, address = 24
# - data_out = 0
# -------------------------
# -------------------------
# - [Generator] 
# -------------------------
# w = 1, r = 1
# - data_in = 229, address = 17
# - data_out = 0
# -------------------------
# -------------------------
# - [Generator] 
# -------------------------
# w = 0, r = 0
# - data_in = 158, address = 0
# - data_out = 0
# -------------------------
# -------------------------
# - [Generator] 
# -------------------------
# w = 0, r = 0
# - data_in = 184, address = 9
# - data_out = 0
# -------------------------
# -------------------------
# - [Generator] 
# -------------------------
# w = 0, r = 1
# - data_in = 73, address = 16
# - data_out = 0
# -------------------------
# -------------------------
# - [Generator] 
# -------------------------
# w = 0, r = 0
# - data_in = 210, address = 1
# - data_out = 0
# -------------------------
# -------------------------
# - [Generator] 
# -------------------------
# w = 1, r = 0
# - data_in = 157, address = 22
# - data_out = 0
# -------------------------
# -------------------------
# - [Generator] 
# -------------------------
# w = 0, r = 0
# - data_in = 27, address = 2
# - data_out = 0
# -------------------------
# -------------------------
# - [Generator] 
# -------------------------
# w = 0, r = 1
# - data_in = 71, address = 28
# - data_out = 0
# -------------------------
# -------------------------
# - [Generator] 
# -------------------------
# w = 1, r = 0
# - data_in = 185, address = 30
# - data_out = 0
# -------------------------
# -------------------------
# - [Generator] 
# -------------------------
# w = 0, r = 0
# - data_in = 42, address = 2
# - data_out = 0
# -------------------------
# -------------------------
# - [Generator] 
# -------------------------
# w = 1, r = 1
# - data_in = 241, address = 25
# - data_out = 0
# -------------------------
# -------------------------
# - [Generator] 
# -------------------------
# w = 1, r = 1
# - data_in = 220, address = 10
# - data_out = 0
# -------------------------
# -------------------------
# - [Generator] 
# -------------------------
# w = 0, r = 1
# - data_in = 147, address = 20
# - data_out = 0
# -------------------------
# -------------------------
# - [Generator] 
# -------------------------
# w = 1, r = 1
# - data_in = 124, address = 17
# - data_out = 0
# -------------------------
# -------------------------
# - [Generator] 
# -------------------------
# w = 0, r = 1
# - data_in = 240, address = 9
# - data_out = 0
# -------------------------
# -------------------------
# - [Generator] 
# -------------------------
# w = 0, r = 1
# - data_in = 82, address = 9
# - data_out = 0
# -------------------------
# -------------------------
# - [Generator] 
# -------------------------
# w = 0, r = 1
# - data_in = 190, address = 31
# - data_out = 0
# -------------------------
# -------------------------
# - [Generator] 
# -------------------------
# w = 1, r = 0
# - data_in = 99, address = 6
# - data_out = 0
# -------------------------
# -------------------------
# - [Generator] 
# -------------------------
# w = 0, r = 0
# - data_in = 66, address = 29
# - data_out = 0
# -------------------------
# -------------------------
# - [Generator] 
# -------------------------
# w = 1, r = 1
# - data_in = 37, address = 1
# - data_out = 0
# -------------------------
# -------------------------
# - [Generator] 
# -------------------------
# w = 0, r = 1
# - data_in = 164, address = 12
# - data_out = 0
# -------------------------
# -------------------------
# - [Generator] 
# -------------------------
# w = 1, r = 0
# - data_in = 171, address = 22
# - data_out = 0
# -------------------------
# -------------------------
# - [Generator] 
# -------------------------
# w = 1, r = 0
# - data_in = 75, address = 16
# - data_out = 0
# -------------------------
# -------------------------
# - [Generator] 
# -------------------------
# w = 1, r = 1
# - data_in = 111, address = 12
# - data_out = 0
# -------------------------
# -------------------------
# - [Generator] 
# -------------------------
# w = 0, r = 0
# - data_in = 151, address = 4
# - data_out = 0
# -------------------------
# -------------------------
# - [Generator] 
# -------------------------
# w = 1, r = 1
# - data_in = 67, address = 2
# - data_out = 0
# -------------------------
# -------------------------
# - [Generator] 
# -------------------------
# w = 0, r = 0
# - data_in = 100, address = 29
# - data_out = 0
# -------------------------
# -------------------------
# - [Generator] 
# -------------------------
# w = 0, r = 1
# - data_in = 149, address = 10
# - data_out = 0
# -------------------------
# -------------------------
# - [Generator] 
# -------------------------
# w = 1, r = 1
# - data_in = 202, address = 10
# - data_out = 0
# -------------------------
# -------------------------
# - [Generator] 
# -------------------------
# w = 0, r = 0
# - data_in = 108, address = 15
# - data_out = 0
# -------------------------
# -------------------------
# - [Generator] 
# -------------------------
# w = 0, r = 1
# - data_in = 65, address = 22
# - data_out = 0
# -------------------------
# -------------------------
# - [Generator] 
# -------------------------
# w = 1, r = 1
# - data_in = 182, address = 31
# - data_out = 0
# -------------------------
# -------------------------
# - [Generator] 
# -------------------------
# w = 0, r = 1
# - data_in = 211, address = 5
# - data_out = 0
# -------------------------
# -------------------------
# - [Generator] 
# -------------------------
# w = 1, r = 1
# - data_in = 185, address = 14
# - data_out = 0
# -------------------------
# Entering in driver
# -------------------------
# - [ Driver ] 
# -------------------------
# w = 0, r = 1
# - data_in = 172, address = 2
# - data_out = 0
# -------------------------
# Exiting the driver
# Entering in driver
# -------------------------
# - [ Monitor ] 
# -------------------------
# w = 0, r = 0
# - data_in = 0, address = 0
# - data_out = 0
# -------------------------
# No Operation
# -------------------------
# - [ Driver ] 
# -------------------------
# w = 1, r = 1
# - data_in = 89, address = 0
# - data_out = 0
# -------------------------
# Exiting the driver
# Entering in driver
# -------------------------
# - [ Driver ] 
# -------------------------
# w = 0, r = 0
# - data_in = 17, address = 15
# - data_out = 0
# -------------------------
# Exiting the driver
# Entering in driver
# -------------------------
# - [ Monitor ] 
# -------------------------
# w = 1, r = 1
# - data_in = 89, address = 0
# - data_out = 0
# -------------------------
# RAM does not support simultaneous read and write operations
# -------------------------
# - [ Driver ] 
# -------------------------
# w = 0, r = 1
# - data_in = 128, address = 14
# - data_out = 0
# -------------------------
# Exiting the driver
# Entering in driver
# -------------------------
# - [ Monitor ] 
# -------------------------
# w = 0, r = 0
# - data_in = 17, address = 15
# - data_out = 0
# -------------------------
# No Operation
# -------------------------
# - [ Driver ] 
# -------------------------
# w = 1, r = 0
# - data_in = 6, address = 25
# - data_out = 0
# -------------------------
# Exiting the driver
# Entering in driver
# -------------------------
# - [ Driver ] 
# -------------------------
# w = 0, r = 0
# - data_in = 134, address = 16
# - data_out = 0
# -------------------------
# Exiting the driver
# Entering in driver
# -------------------------
# - [ Monitor ] 
# -------------------------
# w = 1, r = 0
# - data_in = 6, address = 25
# - data_out = 0
# -------------------------
# -------------------------
# - [ Driver ] 
# -------------------------
# w = 0, r = 0
# - data_in = 248, address = 30
# - data_out = 0
# -------------------------
# Exiting the driver
# Entering in driver
# -------------------------
# - [ Monitor ] 
# -------------------------
# w = 0, r = 0
# - data_in = 134, address = 16
# - data_out = 0
# -------------------------
# No Operation
# -------------------------
# - [ Driver ] 
# -------------------------
# w = 0, r = 1
# - data_in = 148, address = 14
# - data_out = 0
# -------------------------
# Exiting the driver
# Entering in driver
# -------------------------
# - [ Driver ] 
# -------------------------
# w = 1, r = 1
# - data_in = 111, address = 10
# - data_out = 0
# -------------------------
# Exiting the driver
# Entering in driver
# -------------------------
# - [ Monitor ] 
# -------------------------
# w = 0, r = 1
# - data_in = 148, address = 14
# - data_out = 0
# -------------------------
# ** Warning: (vsim-3829) scoreboard.sv(28): Non-existent associative array entry. Returning default value.
# Pass
# -------------------------
# - [ Driver ] 
# -------------------------
# w = 0, r = 1
# - data_in = 63, address = 28
# - data_out = 0
# -------------------------
# Exiting the driver
# Entering in driver
# -------------------------
# - [ Monitor ] 
# -------------------------
# w = 1, r = 1
# - data_in = 111, address = 10
# - data_out = 0
# -------------------------
# RAM does not support simultaneous read and write operations
# -------------------------
# - [ Driver ] 
# -------------------------
# w = 0, r = 1
# - data_in = 205, address = 26
# - data_out = 0
# -------------------------
# Exiting the driver
# Entering in driver
# -------------------------
# - [ Driver ] 
# -------------------------
# w = 1, r = 1
# - data_in = 217, address = 28
# - data_out = 0
# -------------------------
# Exiting the driver
# Entering in driver
# -------------------------
# - [ Monitor ] 
# -------------------------
# w = 0, r = 1
# - data_in = 205, address = 26
# - data_out = 0
# -------------------------
# ** Warning: (vsim-3829) scoreboard.sv(28): Non-existent associative array entry. Returning default value.
# Pass
# -------------------------
# - [ Driver ] 
# -------------------------
# w = 1, r = 1
# - data_in = 209, address = 6
# - data_out = 0
# -------------------------
# Exiting the driver
# Entering in driver
# -------------------------
# - [ Monitor ] 
# -------------------------
# w = 1, r = 1
# - data_in = 217, address = 28
# - data_out = 0
# -------------------------
# RAM does not support simultaneous read and write operations
# -------------------------
# - [ Driver ] 
# -------------------------
# w = 1, r = 0
# - data_in = 41, address = 17
# - data_out = 0
# -------------------------
# Exiting the driver
# Entering in driver
# -------------------------
# - [ Driver ] 
# -------------------------
# w = 1, r = 0
# - data_in = 237, address = 11
# - data_out = 0
# -------------------------
# Exiting the driver
# Entering in driver
# -------------------------
# - [ Monitor ] 
# -------------------------
# w = 1, r = 0
# - data_in = 41, address = 17
# - data_out = 0
# -------------------------
# -------------------------
# - [ Driver ] 
# -------------------------
# w = 1, r = 0
# - data_in = 197, address = 29
# - data_out = 0
# -------------------------
# Exiting the driver
# Entering in driver
# -------------------------
# - [ Monitor ] 
# -------------------------
# w = 1, r = 0
# - data_in = 237, address = 11
# - data_out = 0
# -------------------------
# -------------------------
# - [ Driver ] 
# -------------------------
# w = 1, r = 0
# - data_in = 190, address = 14
# - data_out = 0
# -------------------------
# Exiting the driver
# Entering in driver
# -------------------------
# - [ Driver ] 
# -------------------------
# w = 1, r = 0
# - data_in = 246, address = 4
# - data_out = 0
# -------------------------
# Exiting the driver
# Entering in driver
# -------------------------
# - [ Monitor ] 
# -------------------------
# w = 1, r = 0
# - data_in = 190, address = 14
# - data_out = 0
# -------------------------
# -------------------------
# - [ Driver ] 
# -------------------------
# w = 0, r = 0
# - data_in = 42, address = 4
# - data_out = 0
# -------------------------
# Exiting the driver
# Entering in driver
# -------------------------
# - [ Monitor ] 
# -------------------------
# w = 1, r = 0
# - data_in = 246, address = 4
# - data_out = 0
# -------------------------
# -------------------------
# - [ Driver ] 
# -------------------------
# w = 0, r = 0
# - data_in = 209, address = 2
# - data_out = 0
# -------------------------
# Exiting the driver
# Entering in driver
# -------------------------
# - [ Driver ] 
# -------------------------
# w = 0, r = 1
# - data_in = 123, address = 23
# - data_out = 0
# -------------------------
# Exiting the driver
# Entering in driver
# -------------------------
# - [ Monitor ] 
# -------------------------
# w = 0, r = 0
# - data_in = 209, address = 2
# - data_out = 0
# -------------------------
# No Operation
# -------------------------
# - [ Driver ] 
# -------------------------
# w = 1, r = 1
# - data_in = 109, address = 19
# - data_out = 0
# -------------------------
# Exiting the driver
# Entering in driver
# -------------------------
# - [ Monitor ] 
# -------------------------
# w = 0, r = 1
# - data_in = 123, address = 23
# - data_out = 0
# -------------------------
# ** Warning: (vsim-3829) scoreboard.sv(28): Non-existent associative array entry. Returning default value.
# Pass
# -------------------------
# - [ Driver ] 
# -------------------------
# w = 0, r = 0
# - data_in = 19, address = 16
# - data_out = 0
# -------------------------
# Exiting the driver
# Entering in driver
# -------------------------
# - [ Driver ] 
# -------------------------
# w = 0, r = 0
# - data_in = 235, address = 27
# - data_out = 0
# -------------------------
# Exiting the driver
# Entering in driver
# -------------------------
# - [ Monitor ] 
# -------------------------
# w = 0, r = 0
# - data_in = 19, address = 16
# - data_out = 0
# -------------------------
# No Operation
# -------------------------
# - [ Driver ] 
# -------------------------
# w = 0, r = 1
# - data_in = 142, address = 18
# - data_out = 0
# -------------------------
# Exiting the driver
# Entering in driver
# -------------------------
# - [ Monitor ] 
# -------------------------
# w = 0, r = 0
# - data_in = 235, address = 27
# - data_out = 0
# -------------------------
# No Operation
# -------------------------
# - [ Driver ] 
# -------------------------
# w = 0, r = 0
# - data_in = 77, address = 2
# - data_out = 0
# -------------------------
# Exiting the driver
# Entering in driver
# -------------------------
# - [ Driver ] 
# -------------------------
# w = 0, r = 1
# - data_in = 249, address = 24
# - data_out = 0
# -------------------------
# Exiting the driver
# Entering in driver
# -------------------------
# - [ Monitor ] 
# -------------------------
# w = 0, r = 0
# - data_in = 77, address = 2
# - data_out = 0
# -------------------------
# No Operation
# -------------------------
# - [ Driver ] 
# -------------------------
# w = 0, r = 1
# - data_in = 96, address = 23
# - data_out = 0
# -------------------------
# Exiting the driver
# Entering in driver
# -------------------------
# - [ Monitor ] 
# -------------------------
# w = 0, r = 1
# - data_in = 249, address = 24
# - data_out = 0
# -------------------------
# ** Warning: (vsim-3829) scoreboard.sv(28): Non-existent associative array entry. Returning default value.
# Pass
# -------------------------
# - [ Driver ] 
# -------------------------
# w = 1, r = 0
# - data_in = 161, address = 21
# - data_out = 0
# -------------------------
# Exiting the driver
# Entering in driver
# -------------------------
# - [ Driver ] 
# -------------------------
# w = 0, r = 0
# - data_in = 65, address = 27
# - data_out = 0
# -------------------------
# Exiting the driver
# Entering in driver
# -------------------------
# - [ Monitor ] 
# -------------------------
# w = 1, r = 0
# - data_in = 161, address = 21
# - data_out = 0
# -------------------------
# -------------------------
# - [ Driver ] 
# -------------------------
# w = 0, r = 0
# - data_in = 246, address = 15
# - data_out = 0
# -------------------------
# Exiting the driver
# Entering in driver
# -------------------------
# - [ Monitor ] 
# -------------------------
# w = 0, r = 0
# - data_in = 65, address = 27
# - data_out = 0
# -------------------------
# No Operation
# -------------------------
# - [ Driver ] 
# -------------------------
# w = 1, r = 0
# - data_in = 87, address = 17
# - data_out = 0
# -------------------------
# Exiting the driver
# Entering in driver
# -------------------------
# - [ Driver ] 
# -------------------------
# w = 0, r = 1
# - data_in = 10, address = 5
# - data_out = 0
# -------------------------
# Exiting the driver
# Entering in driver
# -------------------------
# - [ Monitor ] 
# -------------------------
# w = 1, r = 0
# - data_in = 87, address = 17
# - data_out = 0
# -------------------------
# -------------------------
# - [ Driver ] 
# -------------------------
# w = 1, r = 1
# - data_in = 229, address = 15
# - data_out = 0
# -------------------------
# Exiting the driver
# Entering in driver
# -------------------------
# - [ Monitor ] 
# -------------------------
# w = 0, r = 1
# - data_in = 10, address = 5
# - data_out = 0
# -------------------------
# ** Warning: (vsim-3829) scoreboard.sv(28): Non-existent associative array entry. Returning default value.
# Pass
# -------------------------
# - [ Driver ] 
# -------------------------
# w = 1, r = 0
# - data_in = 186, address = 15
# - data_out = 0
# -------------------------
# Exiting the driver
# Entering in driver
# -------------------------
# - [ Driver ] 
# -------------------------
# w = 1, r = 0
# - data_in = 160, address = 19
# - data_out = 0
# -------------------------
# Exiting the driver
# Entering in driver
# -------------------------
# - [ Monitor ] 
# -------------------------
# w = 1, r = 0
# - data_in = 186, address = 15
# - data_out = 0
# -------------------------
# -------------------------
# - [ Driver ] 
# -------------------------
# w = 1, r = 0
# - data_in = 155, address = 12
# - data_out = 0
# -------------------------
# Exiting the driver
# Entering in driver
# -------------------------
# - [ Monitor ] 
# -------------------------
# w = 1, r = 0
# - data_in = 160, address = 19
# - data_out = 0
# -------------------------
# -------------------------
# - [ Driver ] 
# -------------------------
# w = 0, r = 0
# - data_in = 216, address = 2
# - data_out = 0
# -------------------------
# Exiting the driver
# Entering in driver
# -------------------------
# - [ Driver ] 
# -------------------------
# w = 1, r = 0
# - data_in = 231, address = 29
# - data_out = 0
# -------------------------
# Exiting the driver
# Entering in driver
# -------------------------
# - [ Monitor ] 
# -------------------------
# w = 0, r = 0
# - data_in = 216, address = 2
# - data_out = 0
# -------------------------
# No Operation
# -------------------------
# - [ Driver ] 
# -------------------------
# w = 0, r = 0
# - data_in = 249, address = 22
# - data_out = 0
# -------------------------
# Exiting the driver
# Entering in driver
# -------------------------
# - [ Monitor ] 
# -------------------------
# w = 1, r = 0
# - data_in = 231, address = 29
# - data_out = 0
# -------------------------
# -------------------------
# - [ Driver ] 
# -------------------------
# w = 1, r = 1
# - data_in = 238, address = 13
# - data_out = 0
# -------------------------
# Exiting the driver
# Entering in driver
# -------------------------
# - [ Driver ] 
# -------------------------
# w = 0, r = 0
# - data_in = 42, address = 6
# - data_out = 0
# -------------------------
# Exiting the driver
# Entering in driver
# -------------------------
# - [ Monitor ] 
# -------------------------
# w = 1, r = 1
# - data_in = 238, address = 13
# - data_out = 0
# -------------------------
# RAM does not support simultaneous read and write operations
# -------------------------
# - [ Driver ] 
# -------------------------
# w = 1, r = 0
# - data_in = 92, address = 2
# - data_out = 0
# -------------------------
# Exiting the driver
# Entering in driver
# -------------------------
# - [ Monitor ] 
# -------------------------
# w = 0, r = 0
# - data_in = 42, address = 6
# - data_out = 0
# -------------------------
# No Operation
# -------------------------
# - [ Driver ] 
# -------------------------
# w = 0, r = 1
# - data_in = 253, address = 11
# - data_out = 0
# -------------------------
# Exiting the driver
# Entering in driver
# -------------------------
# - [ Driver ] 
# -------------------------
# w = 1, r = 1
# - data_in = 107, address = 15
# - data_out = 237
# -------------------------
# Exiting the driver
# Entering in driver
# -------------------------
# - [ Monitor ] 
# -------------------------
# w = 0, r = 1
# - data_in = 253, address = 11
# - data_out = 237
# -------------------------
# Pass
# -------------------------
# - [ Driver ] 
# -------------------------
# w = 0, r = 0
# - data_in = 6, address = 6
# - data_out = 0
# -------------------------
# Exiting the driver
# Entering in driver
# -------------------------
# - [ Monitor ] 
# -------------------------
# w = 1, r = 1
# - data_in = 107, address = 15
# - data_out = 0
# -------------------------
# RAM does not support simultaneous read and write operations
# -------------------------
# - [ Driver ] 
# -------------------------
# w = 0, r = 0
# - data_in = 194, address = 2
# - data_out = 0
# -------------------------
# Exiting the driver
# Entering in driver
# -------------------------
# - [ Driver ] 
# -------------------------
# w = 1, r = 0
# - data_in = 39, address = 0
# - data_out = 0
# -------------------------
# Exiting the driver
# Entering in driver
# -------------------------
# - [ Monitor ] 
# -------------------------
# w = 0, r = 0
# - data_in = 194, address = 2
# - data_out = 0
# -------------------------
# No Operation
# -------------------------
# - [ Driver ] 
# -------------------------
# w = 0, r = 0
# - data_in = 177, address = 21
# - data_out = 0
# -------------------------
# Exiting the driver
# Entering in driver
# -------------------------
# - [ Monitor ] 
# -------------------------
# w = 1, r = 0
# - data_in = 39, address = 0
# - data_out = 0
# -------------------------
# -------------------------
# - [ Driver ] 
# -------------------------
# w = 0, r = 1
# - data_in = 245, address = 28
# - data_out = 0
# -------------------------
# Exiting the driver
# Entering in driver
# -------------------------
# - [ Driver ] 
# -------------------------
# w = 1, r = 1
# - data_in = 64, address = 21
# - data_out = 0
# -------------------------
# Exiting the driver
# Entering in driver
# -------------------------
# - [ Monitor ] 
# -------------------------
# w = 0, r = 1
# - data_in = 245, address = 28
# - data_out = 0
# -------------------------
# ** Warning: (vsim-3829) scoreboard.sv(28): Non-existent associative array entry. Returning default value.
# Pass
# -------------------------
# - [ Driver ] 
# -------------------------
# w = 0, r = 1
# - data_in = 121, address = 29
# - data_out = 0
# -------------------------
# Exiting the driver
# Entering in driver
# -------------------------
# - [ Monitor ] 
# -------------------------
# w = 1, r = 1
# - data_in = 64, address = 21
# - data_out = 0
# -------------------------
# RAM does not support simultaneous read and write operations
# -------------------------
# - [ Driver ] 
# -------------------------
# w = 0, r = 1
# - data_in = 11, address = 12
# - data_out = 231
# -------------------------
# Exiting the driver
# Entering in driver
# -------------------------
# - [ Driver ] 
# -------------------------
# w = 0, r = 0
# - data_in = 76, address = 22
# - data_out = 155
# -------------------------
# Exiting the driver
# Entering in driver
# -------------------------
# - [ Monitor ] 
# -------------------------
# w = 0, r = 1
# - data_in = 11, address = 12
# - data_out = 155
# -------------------------
# ** Warning: (vsim-3829) scoreboard.sv(28): Non-existent associative array entry. Returning default value.
# Fail
# -------------------------
# - [ Driver ] 
# -------------------------
# w = 1, r = 0
# - data_in = 64, address = 22
# - data_out = 0
# -------------------------
# Exiting the driver
# Entering in driver
# -------------------------
# - [ Monitor ] 
# -------------------------
# w = 0, r = 0
# - data_in = 76, address = 22
# - data_out = 0
# -------------------------
# No Operation
# -------------------------
# - [ Driver ] 
# -------------------------
# w = 0, r = 0
# - data_in = 217, address = 3
# - data_out = 0
# -------------------------
# Exiting the driver
# Entering in driver
# -------------------------
# - [ Driver ] 
# -------------------------
# w = 0, r = 0
# - data_in = 116, address = 22
# - data_out = 0
# -------------------------
# Exiting the driver
# Entering in driver
# -------------------------
# - [ Monitor ] 
# -------------------------
# w = 0, r = 0
# - data_in = 217, address = 3
# - data_out = 0
# -------------------------
# No Operation
# -------------------------
# - [ Driver ] 
# -------------------------
# w = 1, r = 1
# - data_in = 244, address = 3
# - data_out = 0
# -------------------------
# Exiting the driver
# Entering in driver
# -------------------------
# - [ Monitor ] 
# -------------------------
# w = 0, r = 0
# - data_in = 116, address = 22
# - data_out = 0
# -------------------------
# No Operation
# -------------------------
# - [ Driver ] 
# -------------------------
# w = 0, r = 0
# - data_in = 105, address = 24
# - data_out = 0
# -------------------------
# Exiting the driver
# Entering in driver
# -------------------------
# - [ Driver ] 
# -------------------------
# w = 1, r = 1
# - data_in = 109, address = 15
# - data_out = 0
# -------------------------
# Exiting the driver
# Entering in driver
# -------------------------
# - [ Monitor ] 
# -------------------------
# w = 0, r = 0
# - data_in = 105, address = 24
# - data_out = 0
# -------------------------
# No Operation
# -------------------------
# - [ Driver ] 
# -------------------------
# w = 0, r = 1
# - data_in = 87, address = 8
# - data_out = 0
# -------------------------
# Exiting the driver
# Entering in driver
# -------------------------
# - [ Monitor ] 
# -------------------------
# w = 1, r = 1
# - data_in = 109, address = 15
# - data_out = 0
# -------------------------
# RAM does not support simultaneous read and write operations
# -------------------------
# - [ Driver ] 
# -------------------------
# w = 1, r = 0
# - data_in = 193, address = 25
# - data_out = 0
# -------------------------
# Exiting the driver
# Entering in driver
# -------------------------
# - [ Driver ] 
# -------------------------
# w = 0, r = 0
# - data_in = 5, address = 25
# - data_out = 0
# -------------------------
# Exiting the driver
# Entering in driver
# -------------------------
# - [ Monitor ] 
# -------------------------
# w = 1, r = 0
# - data_in = 193, address = 25
# - data_out = 0
# -------------------------
# -------------------------
# - [ Driver ] 
# -------------------------
# w = 0, r = 1
# - data_in = 168, address = 4
# - data_out = 0
# -------------------------
# Exiting the driver
# Entering in driver
# -------------------------
# - [ Monitor ] 
# -------------------------
# w = 0, r = 0
# - data_in = 5, address = 25
# - data_out = 0
# -------------------------
# No Operation
# -------------------------
# - [ Driver ] 
# -------------------------
# w = 1, r = 1
# - data_in = 176, address = 3
# - data_out = 246
# -------------------------
# Exiting the driver
# Entering in driver
# -------------------------
# - [ Driver ] 
# -------------------------
# w = 0, r = 1
# - data_in = 216, address = 0
# - data_out = 0
# -------------------------
# Exiting the driver
# Entering in driver
# -------------------------
# - [ Monitor ] 
# -------------------------
# w = 1, r = 1
# - data_in = 176, address = 3
# - data_out = 0
# -------------------------
# RAM does not support simultaneous read and write operations
# -------------------------
# - [ Driver ] 
# -------------------------
# w = 0, r = 0
# - data_in = 156, address = 7
# - data_out = 39
# -------------------------
# Exiting the driver
# Entering in driver
# -------------------------
# - [ Monitor ] 
# -------------------------
# w = 0, r = 1
# - data_in = 216, address = 0
# - data_out = 39
# -------------------------
# Pass
# -------------------------
# - [ Driver ] 
# -------------------------
# w = 0, r = 0
# - data_in = 182, address = 8
# - data_out = 0
# -------------------------
# Exiting the driver
# Entering in driver
# -------------------------
# - [ Driver ] 
# -------------------------
# w = 0, r = 1
# - data_in = 115, address = 23
# - data_out = 0
# -------------------------
# Exiting the driver
# Entering in driver
# -------------------------
# - [ Monitor ] 
# -------------------------
# w = 0, r = 0
# - data_in = 182, address = 8
# - data_out = 0
# -------------------------
# No Operation
# -------------------------
# - [ Driver ] 
# -------------------------
# w = 1, r = 1
# - data_in = 134, address = 23
# - data_out = 0
# -------------------------
# Exiting the driver
# Entering in driver
# -------------------------
# - [ Monitor ] 
# -------------------------
# w = 0, r = 1
# - data_in = 115, address = 23
# - data_out = 0
# -------------------------
# ** Warning: (vsim-3829) scoreboard.sv(28): Non-existent associative array entry. Returning default value.
# Pass
# -------------------------
# - [ Driver ] 
# -------------------------
# w = 1, r = 0
# - data_in = 92, address = 23
# - data_out = 0
# -------------------------
# Exiting the driver
# Entering in driver
# -------------------------
# - [ Driver ] 
# -------------------------
# w = 1, r = 0
# - data_in = 68, address = 5
# - data_out = 0
# -------------------------
# Exiting the driver
# Entering in driver
# -------------------------
# - [ Monitor ] 
# -------------------------
# w = 1, r = 0
# - data_in = 92, address = 23
# - data_out = 0
# -------------------------
# -------------------------
# - [ Driver ] 
# -------------------------
# w = 0, r = 0
# - data_in = 106, address = 24
# - data_out = 0
# -------------------------
# Exiting the driver
# Entering in driver
# -------------------------
# - [ Monitor ] 
# -------------------------
# w = 1, r = 0
# - data_in = 68, address = 5
# - data_out = 0
# -------------------------
# -------------------------
# - [ Driver ] 
# -------------------------
# w = 1, r = 1
# - data_in = 160, address = 14
# - data_out = 0
# -------------------------
# Exiting the driver
# Entering in driver
# -------------------------
# - [ Driver ] 
# -------------------------
# w = 1, r = 1
# - data_in = 55, address = 17
# - data_out = 0
# -------------------------
# Exiting the driver
# Entering in driver
# -------------------------
# - [ Monitor ] 
# -------------------------
# w = 1, r = 1
# - data_in = 160, address = 14
# - data_out = 0
# -------------------------
# RAM does not support simultaneous read and write operations
# -------------------------
# - [ Driver ] 
# -------------------------
# w = 1, r = 0
# - data_in = 200, address = 1
# - data_out = 0
# -------------------------
# Exiting the driver
# Entering in driver
# -------------------------
# - [ Monitor ] 
# -------------------------
# w = 1, r = 1
# - data_in = 55, address = 17
# - data_out = 0
# -------------------------
# RAM does not support simultaneous read and write operations
# -------------------------
# - [ Driver ] 
# -------------------------
# w = 0, r = 1
# - data_in = 40, address = 15
# - data_out = 0
# -------------------------
# Exiting the driver
# Entering in driver
# -------------------------
# - [ Driver ] 
# -------------------------
# w = 1, r = 1
# - data_in = 159, address = 6
# - data_out = 186
# -------------------------
# Exiting the driver
# Entering in driver
# -------------------------
# - [ Monitor ] 
# -------------------------
# w = 0, r = 1
# - data_in = 40, address = 15
# - data_out = 186
# -------------------------
# Pass
# -------------------------
# - [ Driver ] 
# -------------------------
# w = 1, r = 0
# - data_in = 62, address = 0
# - data_out = 0
# -------------------------
# Exiting the driver
# Entering in driver
# -------------------------
# - [ Monitor ] 
# -------------------------
# w = 1, r = 1
# - data_in = 159, address = 6
# - data_out = 0
# -------------------------
# RAM does not support simultaneous read and write operations
# -------------------------
# - [ Driver ] 
# -------------------------
# w = 1, r = 1
# - data_in = 115, address = 28
# - data_out = 0
# -------------------------
# Exiting the driver
# Entering in driver
# -------------------------
# - [ Driver ] 
# -------------------------
# w = 1, r = 1
# - data_in = 252, address = 19
# - data_out = 0
# -------------------------
# Exiting the driver
# Entering in driver
# -------------------------
# - [ Monitor ] 
# -------------------------
# w = 1, r = 1
# - data_in = 115, address = 28
# - data_out = 0
# -------------------------
# RAM does not support simultaneous read and write operations
# -------------------------
# - [ Driver ] 
# -------------------------
# w = 0, r = 0
# - data_in = 33, address = 18
# - data_out = 0
# -------------------------
# Exiting the driver
# Entering in driver
# -------------------------
# - [ Monitor ] 
# -------------------------
# w = 1, r = 1
# - data_in = 252, address = 19
# - data_out = 0
# -------------------------
# RAM does not support simultaneous read and write operations
# -------------------------
# - [ Driver ] 
# -------------------------
# w = 1, r = 1
# - data_in = 75, address = 10
# - data_out = 0
# -------------------------
# Exiting the driver
# Entering in driver
# -------------------------
# - [ Driver ] 
# -------------------------
# w = 0, r = 0
# - data_in = 224, address = 25
# - data_out = 0
# -------------------------
# Exiting the driver
# Entering in driver
# -------------------------
# - [ Monitor ] 
# -------------------------
# w = 1, r = 1
# - data_in = 75, address = 10
# - data_out = 0
# -------------------------
# RAM does not support simultaneous read and write operations
# -------------------------
# - [ Driver ] 
# -------------------------
# w = 1, r = 0
# - data_in = 141, address = 10
# - data_out = 0
# -------------------------
# Exiting the driver
# Entering in driver
# -------------------------
# - [ Monitor ] 
# -------------------------
# w = 0, r = 0
# - data_in = 224, address = 25
# - data_out = 0
# -------------------------
# No Operation
# -------------------------
# - [ Driver ] 
# -------------------------
# w = 0, r = 1
# - data_in = 136, address = 30
# - data_out = 0
# -------------------------
# Exiting the driver
# Entering in driver
# -------------------------
# - [ Driver ] 
# -------------------------
# w = 0, r = 1
# - data_in = 10, address = 23
# - data_out = 0
# -------------------------
# Exiting the driver
# Entering in driver
# -------------------------
# - [ Monitor ] 
# -------------------------
# w = 0, r = 1
# - data_in = 136, address = 30
# - data_out = 0
# -------------------------
# ** Warning: (vsim-3829) scoreboard.sv(28): Non-existent associative array entry. Returning default value.
# Pass
# -------------------------
# - [ Driver ] 
# -------------------------
# w = 0, r = 0
# - data_in = 34, address = 14
# - data_out = 92
# -------------------------
# Exiting the driver
# Entering in driver
# -------------------------
# - [ Monitor ] 
# -------------------------
# w = 0, r = 1
# - data_in = 10, address = 23
# - data_out = 92
# -------------------------
# Pass
# -------------------------
# - [ Driver ] 
# -------------------------
# w = 0, r = 0
# - data_in = 44, address = 7
# - data_out = 0
# -------------------------
# Exiting the driver
# Entering in driver
# -------------------------
# - [ Driver ] 
# -------------------------
# w = 0, r = 1
# - data_in = 24, address = 12
# - data_out = 0
# -------------------------
# Exiting the driver
# Entering in driver
# -------------------------
# - [ Monitor ] 
# -------------------------
# w = 0, r = 0
# - data_in = 44, address = 7
# - data_out = 0
# -------------------------
# No Operation
# -------------------------
# - [ Driver ] 
# -------------------------
# w = 1, r = 1
# - data_in = 233, address = 10
# - data_out = 155
# -------------------------
# Exiting the driver
# Entering in driver
# -------------------------
# - [ Monitor ] 
# -------------------------
# w = 0, r = 1
# - data_in = 24, address = 12
# - data_out = 155
# -------------------------
# ** Warning: (vsim-3829) scoreboard.sv(28): Non-existent associative array entry. Returning default value.
# Fail
# -------------------------
# - [ Driver ] 
# -------------------------
# w = 1, r = 1
# - data_in = 252, address = 0
# - data_out = 0
# -------------------------
# Exiting the driver
# Entering in driver
# -------------------------
# - [ Driver ] 
# -------------------------
# w = 1, r = 0
# - data_in = 91, address = 2
# - data_out = 0
# -------------------------
# Exiting the driver
# Entering in driver
# -------------------------
# - [ Monitor ] 
# -------------------------
# w = 1, r = 1
# - data_in = 252, address = 0
# - data_out = 0
# -------------------------
# RAM does not support simultaneous read and write operations
# -------------------------
# - [ Driver ] 
# -------------------------
# w = 0, r = 0
# - data_in = 155, address = 0
# - data_out = 0
# -------------------------
# Exiting the driver
# Entering in driver
# -------------------------
# - [ Monitor ] 
# -------------------------
# w = 1, r = 0
# - data_in = 91, address = 2
# - data_out = 0
# -------------------------
# -------------------------
# - [ Driver ] 
# -------------------------
# w = 0, r = 1
# - data_in = 189, address = 23
# - data_out = 0
# -------------------------
# Exiting the driver
# Entering in driver
# -------------------------
# - [ Driver ] 
# -------------------------
# w = 1, r = 1
# - data_in = 108, address = 2
# - data_out = 92
# -------------------------
# Exiting the driver
# Entering in driver
# -------------------------
# - [ Monitor ] 
# -------------------------
# w = 0, r = 1
# - data_in = 189, address = 23
# - data_out = 92
# -------------------------
# Pass
# -------------------------
# - [ Driver ] 
# -------------------------
# w = 1, r = 0
# - data_in = 43, address = 18
# - data_out = 0
# -------------------------
# Exiting the driver
# Entering in driver
# -------------------------
# - [ Monitor ] 
# -------------------------
# w = 1, r = 1
# - data_in = 108, address = 2
# - data_out = 0
# -------------------------
# RAM does not support simultaneous read and write operations
# -------------------------
# - [ Driver ] 
# -------------------------
# w = 0, r = 1
# - data_in = 39, address = 7
# - data_out = 0
# -------------------------
# Exiting the driver
# Entering in driver
# -------------------------
# - [ Driver ] 
# -------------------------
# w = 0, r = 1
# - data_in = 105, address = 11
# - data_out = 0
# -------------------------
# Exiting the driver
# Entering in driver
# -------------------------
# - [ Monitor ] 
# -------------------------
# w = 0, r = 1
# - data_in = 39, address = 7
# - data_out = 0
# -------------------------
# ** Warning: (vsim-3829) scoreboard.sv(28): Non-existent associative array entry. Returning default value.
# Pass
# -------------------------
# - [ Driver ] 
# -------------------------
# w = 0, r = 0
# - data_in = 79, address = 18
# - data_out = 237
# -------------------------
# Exiting the driver
# Entering in driver
# -------------------------
# - [ Monitor ] 
# -------------------------
# w = 0, r = 1
# - data_in = 105, address = 11
# - data_out = 237
# -------------------------
# Pass
# -------------------------
# - [ Driver ] 
# -------------------------
# w = 0, r = 0
# - data_in = 106, address = 29
# - data_out = 0
# -------------------------
# Exiting the driver
# Entering in driver
# -------------------------
# - [ Driver ] 
# -------------------------
# w = 0, r = 1
# - data_in = 203, address = 29
# - data_out = 0
# -------------------------
# Exiting the driver
# Entering in driver
# -------------------------
# - [ Monitor ] 
# -------------------------
# w = 0, r = 0
# - data_in = 106, address = 29
# - data_out = 0
# -------------------------
# No Operation
# -------------------------
# - [ Driver ] 
# -------------------------
# w = 1, r = 1
# - data_in = 36, address = 17
# - data_out = 231
# -------------------------
# Exiting the driver
# Entering in driver
# -------------------------
# - [ Monitor ] 
# -------------------------
# w = 0, r = 1
# - data_in = 203, address = 29
# - data_out = 231
# -------------------------
# Pass
# -------------------------
# - [ Driver ] 
# -------------------------
# w = 0, r = 1
# - data_in = 19, address = 9
# - data_out = 0
# -------------------------
# Exiting the driver
# Entering in driver
# -------------------------
# - [ Driver ] 
# -------------------------
# w = 1, r = 0
# - data_in = 199, address = 25
# - data_out = 0
# -------------------------
# Exiting the driver
# Entering in driver
# -------------------------
# - [ Monitor ] 
# -------------------------
# w = 0, r = 1
# - data_in = 19, address = 9
# - data_out = 0
# -------------------------
# ** Warning: (vsim-3829) scoreboard.sv(28): Non-existent associative array entry. Returning default value.
# Pass
# -------------------------
# - [ Driver ] 
# -------------------------
# w = 1, r = 1
# - data_in = 171, address = 18
# - data_out = 0
# -------------------------
# Exiting the driver
# Entering in driver
# -------------------------
# - [ Monitor ] 
# -------------------------
# w = 1, r = 0
# - data_in = 199, address = 25
# - data_out = 0
# -------------------------
# -------------------------
# - [ Driver ] 
# -------------------------
# w = 0, r = 1
# - data_in = 250, address = 8
# - data_out = 0
# -------------------------
# Exiting the driver
# Entering in driver
# -------------------------
# - [ Driver ] 
# -------------------------
# w = 1, r = 1
# - data_in = 110, address = 17
# - data_out = 0
# -------------------------
# Exiting the driver
# Entering in driver
# -------------------------
# - [ Monitor ] 
# -------------------------
# w = 0, r = 1
# - data_in = 250, address = 8
# - data_out = 0
# -------------------------
# ** Warning: (vsim-3829) scoreboard.sv(28): Non-existent associative array entry. Returning default value.
# Pass
# -------------------------
# - [ Driver ] 
# -------------------------
# w = 1, r = 0
# - data_in = 13, address = 21
# - data_out = 0
# -------------------------
# Exiting the driver
# Entering in driver
# -------------------------
# - [ Monitor ] 
# -------------------------
# w = 1, r = 1
# - data_in = 110, address = 17
# - data_out = 0
# -------------------------
# RAM does not support simultaneous read and write operations
# -------------------------
# - [ Driver ] 
# -------------------------
# w = 1, r = 0
# - data_in = 3, address = 8
# - data_out = 0
# -------------------------
# Exiting the driver
# Entering in driver
# -------------------------
# - [ Driver ] 
# -------------------------
# w = 0, r = 1
# - data_in = 58, address = 3
# - data_out = 0
# -------------------------
# Exiting the driver
# Entering in driver
# -------------------------
# - [ Monitor ] 
# -------------------------
# w = 1, r = 0
# - data_in = 3, address = 8
# - data_out = 0
# -------------------------
# -------------------------
# - [ Driver ] 
# -------------------------
# w = 1, r = 0
# - data_in = 56, address = 28
# - data_out = 0
# -------------------------
# Exiting the driver
# Entering in driver
# -------------------------
# - [ Monitor ] 
# -------------------------
# w = 0, r = 1
# - data_in = 58, address = 3
# - data_out = 0
# -------------------------
# ** Warning: (vsim-3829) scoreboard.sv(28): Non-existent associative array entry. Returning default value.
# Pass
# -------------------------
# - [ Driver ] 
# -------------------------
# w = 0, r = 1
# - data_in = 69, address = 25
# - data_out = 0
# -------------------------
# Exiting the driver
# Entering in driver
# -------------------------
# - [ Driver ] 
# -------------------------
# w = 1, r = 0
# - data_in = 189, address = 25
# - data_out = 199
# -------------------------
# Exiting the driver
# Entering in driver
# -------------------------
# - [ Monitor ] 
# -------------------------
# w = 0, r = 1
# - data_in = 69, address = 25
# - data_out = 199
# -------------------------
# Pass
# -------------------------
# - [ Driver ] 
# -------------------------
# w = 0, r = 1
# - data_in = 62, address = 16
# - data_out = 0
# -------------------------
# Exiting the driver
# Entering in driver
# -------------------------
# - [ Monitor ] 
# -------------------------
# w = 1, r = 0
# - data_in = 189, address = 25
# - data_out = 0
# -------------------------
# -------------------------
# - [ Driver ] 
# -------------------------
# w = 1, r = 0
# - data_in = 100, address = 10
# - data_out = 0
# -------------------------
# Exiting the driver
# Entering in driver
# -------------------------
# - [ Driver ] 
# -------------------------
# w = 1, r = 0
# - data_in = 208, address = 4
# - data_out = 0
# -------------------------
# Exiting the driver
# Entering in driver
# -------------------------
# - [ Monitor ] 
# -------------------------
# w = 1, r = 0
# - data_in = 100, address = 10
# - data_out = 0
# -------------------------
# -------------------------
# - [ Driver ] 
# -------------------------
# w = 1, r = 0
# - data_in = 24, address = 23
# - data_out = 0
# -------------------------
# Exiting the driver
# Entering in driver
# -------------------------
# - [ Monitor ] 
# -------------------------
# w = 1, r = 0
# - data_in = 208, address = 4
# - data_out = 0
# -------------------------
# -------------------------
# - [ Driver ] 
# -------------------------
# w = 1, r = 0
# - data_in = 13, address = 6
# - data_out = 0
# -------------------------
# Exiting the driver
# Entering in driver
# -------------------------
# - [ Driver ] 
# -------------------------
# w = 0, r = 1
# - data_in = 196, address = 6
# - data_out = 0
# -------------------------
# Exiting the driver
# Entering in driver
# -------------------------
# - [ Monitor ] 
# -------------------------
# w = 1, r = 0
# - data_in = 13, address = 6
# - data_out = 0
# -------------------------
# -------------------------
# - [ Driver ] 
# -------------------------
# w = 1, r = 1
# - data_in = 124, address = 4
# - data_out = 13
# -------------------------
# Exiting the driver
# Entering in driver
# -------------------------
# - [ Monitor ] 
# -------------------------
# w = 0, r = 1
# - data_in = 196, address = 6
# - data_out = 13
# -------------------------
# Pass
# -------------------------
# - [ Driver ] 
# -------------------------
# w = 0, r = 1
# - data_in = 99, address = 4
# - data_out = 0
# -------------------------
# Exiting the driver
# Entering in driver
# -------------------------
# - [ Driver ] 
# -------------------------
# w = 0, r = 1
# - data_in = 121, address = 31
# - data_out = 208
# -------------------------
# Exiting the driver
# Entering in driver
# -------------------------
# - [ Monitor ] 
# -------------------------
# w = 0, r = 1
# - data_in = 99, address = 4
# - data_out = 208
# -------------------------
# Pass
# -------------------------
# - [ Driver ] 
# -------------------------
# w = 0, r = 0
# - data_in = 210, address = 20
# - data_out = 0
# -------------------------
# Exiting the driver
# Entering in driver
# -------------------------
# - [ Monitor ] 
# -------------------------
# w = 0, r = 1
# - data_in = 121, address = 31
# - data_out = 0
# -------------------------
# ** Warning: (vsim-3829) scoreboard.sv(28): Non-existent associative array entry. Returning default value.
# Pass
# -------------------------
# - [ Driver ] 
# -------------------------
# w = 1, r = 1
# - data_in = 249, address = 24
# - data_out = 0
# -------------------------
# Exiting the driver
# Entering in driver
# -------------------------
# - [ Driver ] 
# -------------------------
# w = 1, r = 1
# - data_in = 221, address = 7
# - data_out = 0
# -------------------------
# Exiting the driver
# Entering in driver
# -------------------------
# - [ Monitor ] 
# -------------------------
# w = 1, r = 1
# - data_in = 249, address = 24
# - data_out = 0
# -------------------------
# RAM does not support simultaneous read and write operations
# -------------------------
# - [ Driver ] 
# -------------------------
# w = 1, r = 1
# - data_in = 196, address = 11
# - data_out = 0
# -------------------------
# Exiting the driver
# Entering in driver
# -------------------------
# - [ Monitor ] 
# -------------------------
# w = 1, r = 1
# - data_in = 221, address = 7
# - data_out = 0
# -------------------------
# RAM does not support simultaneous read and write operations
# -------------------------
# - [ Driver ] 
# -------------------------
# w = 1, r = 0
# - data_in = 71, address = 2
# - data_out = 0
# -------------------------
# Exiting the driver
# Entering in driver
# -------------------------
# - [ Driver ] 
# -------------------------
# w = 0, r = 0
# - data_in = 16, address = 8
# - data_out = 0
# -------------------------
# Exiting the driver
# Entering in driver
# -------------------------
# - [ Monitor ] 
# -------------------------
# w = 1, r = 0
# - data_in = 71, address = 2
# - data_out = 0
# -------------------------
# -------------------------
# - [ Driver ] 
# -------------------------
# w = 0, r = 0
# - data_in = 222, address = 1
# - data_out = 0
# -------------------------
# Exiting the driver
# Entering in driver
# -------------------------
# - [ Monitor ] 
# -------------------------
# w = 0, r = 0
# - data_in = 16, address = 8
# - data_out = 0
# -------------------------
# No Operation
# -------------------------
# - [ Driver ] 
# -------------------------
# w = 0, r = 0
# - data_in = 16, address = 21
# - data_out = 0
# -------------------------
# Exiting the driver
# Entering in driver
# -------------------------
# - [ Driver ] 
# -------------------------
# w = 0, r = 0
# - data_in = 69, address = 27
# - data_out = 0
# -------------------------
# Exiting the driver
# Entering in driver
# -------------------------
# - [ Monitor ] 
# -------------------------
# w = 0, r = 0
# - data_in = 16, address = 21
# - data_out = 0
# -------------------------
# No Operation
# -------------------------
# - [ Driver ] 
# -------------------------
# w = 0, r = 0
# - data_in = 183, address = 14
# - data_out = 0
# -------------------------
# Exiting the driver
# Entering in driver
# -------------------------
# - [ Monitor ] 
# -------------------------
# w = 0, r = 0
# - data_in = 69, address = 27
# - data_out = 0
# -------------------------
# No Operation
# -------------------------
# - [ Driver ] 
# -------------------------
# w = 0, r = 0
# - data_in = 155, address = 13
# - data_out = 0
# -------------------------
# Exiting the driver
# Entering in driver
# -------------------------
# - [ Driver ] 
# -------------------------
# w = 0, r = 0
# - data_in = 188, address = 21
# - data_out = 0
# -------------------------
# Exiting the driver
# Entering in driver
# -------------------------
# - [ Monitor ] 
# -------------------------
# w = 0, r = 0
# - data_in = 155, address = 13
# - data_out = 0
# -------------------------
# No Operation
# -------------------------
# - [ Driver ] 
# -------------------------
# w = 1, r = 1
# - data_in = 237, address = 13
# - data_out = 0
# -------------------------
# Exiting the driver
# Entering in driver
# -------------------------
# - [ Monitor ] 
# -------------------------
# w = 0, r = 0
# - data_in = 188, address = 21
# - data_out = 0
# -------------------------
# No Operation
# -------------------------
# - [ Driver ] 
# -------------------------
# w = 0, r = 1
# - data_in = 231, address = 13
# - data_out = 0
# -------------------------
# Exiting the driver
# Entering in driver
# -------------------------
# - [ Driver ] 
# -------------------------
# w = 1, r = 1
# - data_in = 154, address = 7
# - data_out = 0
# -------------------------
# Exiting the driver
# Entering in driver
# -------------------------
# - [ Monitor ] 
# -------------------------
# w = 0, r = 1
# - data_in = 231, address = 13
# - data_out = 0
# -------------------------
# ** Warning: (vsim-3829) scoreboard.sv(28): Non-existent associative array entry. Returning default value.
# Pass
# -------------------------
# - [ Driver ] 
# -------------------------
# w = 0, r = 1
# - data_in = 107, address = 27
# - data_out = 0
# -------------------------
# Exiting the driver
# Entering in driver
# -------------------------
# - [ Monitor ] 
# -------------------------
# w = 1, r = 1
# - data_in = 154, address = 7
# - data_out = 0
# -------------------------
# RAM does not support simultaneous read and write operations
# -------------------------
# - [ Driver ] 
# -------------------------
# w = 0, r = 1
# - data_in = 122, address = 4
# - data_out = 0
# -------------------------
# Exiting the driver
# Entering in driver
# -------------------------
# - [ Driver ] 
# -------------------------
# w = 0, r = 0
# - data_in = 175, address = 5
# - data_out = 208
# -------------------------
# Exiting the driver
# Entering in driver
# -------------------------
# - [ Monitor ] 
# -------------------------
# w = 0, r = 1
# - data_in = 122, address = 4
# - data_out = 208
# -------------------------
# Pass
# -------------------------
# - [ Driver ] 
# -------------------------
# w = 0, r = 0
# - data_in = 20, address = 1
# - data_out = 0
# -------------------------
# Exiting the driver
# Entering in driver
# -------------------------
# - [ Monitor ] 
# -------------------------
# w = 0, r = 0
# - data_in = 175, address = 5
# - data_out = 0
# -------------------------
# No Operation
# -------------------------
# - [ Driver ] 
# -------------------------
# w = 1, r = 0
# - data_in = 46, address = 1
# - data_out = 0
# -------------------------
# Exiting the driver
# Entering in driver
# -------------------------
# - [ Driver ] 
# -------------------------
# w = 0, r = 1
# - data_in = 83, address = 5
# - data_out = 0
# -------------------------
# Exiting the driver
# Entering in driver
# -------------------------
# - [ Monitor ] 
# -------------------------
# w = 1, r = 0
# - data_in = 46, address = 1
# - data_out = 0
# -------------------------
# -------------------------
# - [ Driver ] 
# -------------------------
# w = 0, r = 0
# - data_in = 27, address = 7
# - data_out = 68
# -------------------------
# Exiting the driver
# Entering in driver
# -------------------------
# - [ Monitor ] 
# -------------------------
# w = 0, r = 1
# - data_in = 83, address = 5
# - data_out = 68
# -------------------------
# Pass
# -------------------------
# - [ Driver ] 
# -------------------------
# w = 1, r = 1
# - data_in = 25, address = 26
# - data_out = 0
# -------------------------
# Exiting the driver
# Entering in driver
# -------------------------
# - [ Driver ] 
# -------------------------
# w = 0, r = 1
# - data_in = 6, address = 20
# - data_out = 0
# -------------------------
# Exiting the driver
# Entering in driver
# -------------------------
# - [ Monitor ] 
# -------------------------
# w = 1, r = 1
# - data_in = 25, address = 26
# - data_out = 0
# -------------------------
# RAM does not support simultaneous read and write operations
# -------------------------
# - [ Driver ] 
# -------------------------
# w = 1, r = 1
# - data_in = 99, address = 18
# - data_out = 0
# -------------------------
# Exiting the driver
# Entering in driver
# -------------------------
# - [ Monitor ] 
# -------------------------
# w = 0, r = 1
# - data_in = 6, address = 20
# - data_out = 0
# -------------------------
# ** Warning: (vsim-3829) scoreboard.sv(28): Non-existent associative array entry. Returning default value.
# Pass
# -------------------------
# - [ Driver ] 
# -------------------------
# w = 1, r = 0
# - data_in = 255, address = 28
# - data_out = 0
# -------------------------
# Exiting the driver
# Entering in driver
# Coverage = 100.00%
# ** Note: $finish    : testbench.sv(45)
#    Time: 2995 ns  Iteration: 1  Instance: /tb
# Saving coverage database on exit...
# End time: 01:04:42 on Jul 07,2026, Elapsed time: 0:00:02
# Errors: 0, Warnings: 17
